-- --------------------------------------------------------
-- Host:                         127.0.0.1
-- Server version:               10.3.22-MariaDB - mariadb.org binary distribution
-- Server OS:                    Win64
-- HeidiSQL Version:             11.0.0.5919
-- --------------------------------------------------------

/*!40101 SET @OLD_CHARACTER_SET_CLIENT=@@CHARACTER_SET_CLIENT */;
/*!40101 SET NAMES utf8 */;
/*!50503 SET NAMES utf8mb4 */;
/*!40014 SET @OLD_FOREIGN_KEY_CHECKS=@@FOREIGN_KEY_CHECKS, FOREIGN_KEY_CHECKS=0 */;
/*!40101 SET @OLD_SQL_MODE=@@SQL_MODE, SQL_MODE='NO_AUTO_VALUE_ON_ZERO' */;


-- Dumping database structure for mmzweb
CREATE DATABASE IF NOT EXISTS `mmzweb` /*!40100 DEFAULT CHARACTER SET utf8mb4 COLLATE utf8mb4_unicode_ci */;
USE `mmzweb`;

-- Dumping structure for table mmzweb.action_history_user
CREATE TABLE IF NOT EXISTS `action_history_user` (
  `id` bigint(20) unsigned NOT NULL AUTO_INCREMENT,
  `users_id` varchar(191) COLLATE utf8mb4_unicode_ci NOT NULL,
  `type` varchar(191) COLLATE utf8mb4_unicode_ci NOT NULL,
  `work` varchar(191) COLLATE utf8mb4_unicode_ci NOT NULL,
  `content` text COLLATE utf8mb4_unicode_ci DEFAULT NULL,
  `created_at` timestamp NULL DEFAULT NULL,
  `updated_at` timestamp NULL DEFAULT NULL,
  PRIMARY KEY (`id`)
) ENGINE=InnoDB AUTO_INCREMENT=128 DEFAULT CHARSET=utf8mb4 COLLATE=utf8mb4_unicode_ci;

-- Dumping data for table mmzweb.action_history_user: ~121 rows (approximately)
/*!40000 ALTER TABLE `action_history_user` DISABLE KEYS */;
INSERT INTO `action_history_user` (`id`, `users_id`, `type`, `work`, `content`, `created_at`, `updated_at`) VALUES
	(1, '1', 'product', 'thêm sản phẩm', 'CBR 1000RR-SP_id_ 1', '2022-06-02 15:29:11', '2022-06-02 15:29:11'),
	(2, '1', 'Attributes', 'thêm thuộc tính', 'phân khối_id_ 1', '2022-06-02 15:29:55', '2022-06-02 15:29:55'),
	(3, '1', 'Attributes', 'thêm thuộc tính', 'năm sản xuất_id_ 2', '2022-06-02 15:31:54', '2022-06-02 15:31:54'),
	(4, '1', 'product', 'thêm sản phẩm', 'CBR 1000RR_id_ 2', '2022-06-03 09:45:13', '2022-06-03 09:45:13'),
	(5, '1', 'product', 'Sửa sản phẩm', 'CBR 1000RR-SP_id_ 1', '2022-06-03 11:49:31', '2022-06-03 11:49:31'),
	(6, '1', 'product', 'Sửa sản phẩm', 'CBR 1000RR-SP_id_ 1', '2022-06-03 11:51:07', '2022-06-03 11:51:07'),
	(7, '1', 'product', 'Sửa sản phẩm', 'CBR 1000RR_id_ 2', '2022-06-08 13:41:51', '2022-06-08 13:41:51'),
	(8, '1', 'post', 'Sửa bài viết', 'xe mới ra 2022_id_ 1', '2022-06-08 13:52:53', '2022-06-08 13:52:53'),
	(9, '1', 'Attributes', 'thêm thuộc tính', 'khối lượng_id_ 3', '2022-06-14 09:16:39', '2022-06-14 09:16:39'),
	(10, '1', 'Attributes', 'thêm thuộc tính', 'dài x rộng x cao_id_ 4', '2022-06-14 09:17:27', '2022-06-14 09:17:27'),
	(11, '1', 'Attributes', 'thêm thuộc tính', 'khoảng cách trục bánh xe_id_ 5', '2022-06-14 09:18:16', '2022-06-14 09:18:16'),
	(12, '1', 'Attributes', 'thêm thuộc tính', 'độ cao yên_id_ 6', '2022-06-14 09:19:01', '2022-06-14 09:19:01'),
	(13, '1', 'Attributes', 'thêm thuộc tính', 'khoảng sáng gầm xe_id_ 7', '2022-06-14 09:19:33', '2022-06-14 09:19:33'),
	(14, '1', 'Attributes', 'thêm thuộc tính', 'dung tích bình xăng_id_ 8', '2022-06-14 09:20:16', '2022-06-14 09:20:16'),
	(15, '1', 'Attributes', 'thêm thuộc tính', 'kích thước lốp trước/ sau_id_ 9', '2022-06-14 09:21:14', '2022-06-14 09:21:14'),
	(16, '1', 'Attributes', 'thêm thuộc tính', 'phuộc trước_id_ 10', '2022-06-14 09:21:51', '2022-06-14 09:21:51'),
	(17, '1', 'Attributes', 'thêm thuộc tính', 'phuộc sau_id_ 11', '2022-06-14 09:22:11', '2022-06-14 09:22:11'),
	(18, '1', 'Attributes', 'thêm thuộc tính', 'loại động cơ_id_ 12', '2022-06-14 09:22:45', '2022-06-14 09:22:45'),
	(19, '1', 'Attributes', 'thêm thuộc tính', 'công suất tối đa_id_ 13', '2022-06-14 09:23:16', '2022-06-14 09:23:16'),
	(20, '1', 'Attributes', 'thêm thuộc tính', 'dung tích nhớt máy_id_ 14', '2022-06-14 09:23:47', '2022-06-14 09:23:47'),
	(21, '1', 'Attributes', 'thêm thuộc tính', 'mức tiêu thụ nhiên liệu_id_ 15', '2022-06-14 09:24:19', '2022-06-14 09:24:19'),
	(22, '1', 'Attributes', 'thêm thuộc tính', 'hộp số_id_ 16', '2022-06-14 09:24:44', '2022-06-14 09:24:44'),
	(23, '1', 'Attributes', 'thêm thuộc tính', 'loại chuyển động_id_ 17', '2022-06-14 09:25:29', '2022-06-14 09:25:29'),
	(24, '1', 'Attributes', 'Sửa thuộc tính', 'loại truyền động_id_ 17', '2022-06-14 09:25:53', '2022-06-14 09:25:53'),
	(25, '1', 'Attributes', 'thêm thuộc tính', 'hệ thống khởi động_id_ 18', '2022-06-14 09:26:21', '2022-06-14 09:26:21'),
	(26, '1', 'Attributes', 'thêm thuộc tính', 'moment cực đại_id_ 19', '2022-06-14 09:26:57', '2022-06-14 09:26:57'),
	(27, '1', 'Attributes', 'Sửa thuộc tính', 'dung tích xy-lanh_id_ 1', '2022-06-14 09:28:00', '2022-06-14 09:28:00'),
	(28, '1', 'Attributes', 'thêm thuộc tính', 'đường kính x hành trình pit-tông_id_ 20', '2022-06-14 09:28:44', '2022-06-14 09:28:44'),
	(29, '1', 'Attributes', 'thêm thuộc tính', 'tỷ số nén_id_ 21', '2022-06-14 09:29:07', '2022-06-14 09:29:07'),
	(30, '1', 'Attributes', 'Sửa thuộc tính', 'Tỷ số nén_id_ 21', '2022-06-14 10:17:03', '2022-06-14 10:17:03'),
	(31, '1', 'Attributes', 'Sửa thuộc tính', 'Đường kính x hành trình pit-tông_id_ 20', '2022-06-14 10:17:12', '2022-06-14 10:17:12'),
	(32, '1', 'Attributes', 'Sửa thuộc tính', 'Moment cực đại_id_ 19', '2022-06-14 10:17:25', '2022-06-14 10:17:25'),
	(33, '1', 'Attributes', 'Sửa thuộc tính', 'hệ thống khởi động_id_ 18', '2022-06-14 10:17:33', '2022-06-14 10:17:33'),
	(34, '1', 'Attributes', 'Sửa thuộc tính', 'Hệ thống khởi động_id_ 18', '2022-06-14 10:17:40', '2022-06-14 10:17:40'),
	(35, '1', 'Attributes', 'Sửa thuộc tính', 'Loại truyền động_id_ 17', '2022-06-14 10:17:48', '2022-06-14 10:17:48'),
	(36, '1', 'Attributes', 'Sửa thuộc tính', 'Hộp số_id_ 16', '2022-06-14 10:17:56', '2022-06-14 10:17:56'),
	(37, '1', 'Attributes', 'Sửa thuộc tính', 'Mức tiêu thụ nhiên liệu_id_ 15', '2022-06-14 10:18:03', '2022-06-14 10:18:03'),
	(38, '1', 'Attributes', 'Sửa thuộc tính', 'Dung tích nhớt máy_id_ 14', '2022-06-14 10:18:10', '2022-06-14 10:18:10'),
	(39, '1', 'Attributes', 'Sửa thuộc tính', 'Công suất tối đa_id_ 13', '2022-06-14 10:18:24', '2022-06-14 10:18:24'),
	(40, '1', 'Attributes', 'Sửa thuộc tính', 'Loại động cơ_id_ 12', '2022-06-14 10:18:31', '2022-06-14 10:18:31'),
	(41, '1', 'Attributes', 'Sửa thuộc tính', 'Phuộc sau_id_ 11', '2022-06-14 10:18:41', '2022-06-14 10:18:41'),
	(42, '1', 'Attributes', 'Sửa thuộc tính', 'Phuộc trước_id_ 10', '2022-06-14 10:18:48', '2022-06-14 10:18:48'),
	(43, '1', 'Attributes', 'Sửa thuộc tính', 'Kích thước lốp trước/ sau_id_ 9', '2022-06-14 10:18:55', '2022-06-14 10:18:55'),
	(44, '1', 'Attributes', 'Sửa thuộc tính', 'Dung tích bình xăng_id_ 8', '2022-06-14 10:19:02', '2022-06-14 10:19:02'),
	(45, '1', 'Attributes', 'Sửa thuộc tính', 'Khoảng sáng gầm xe_id_ 7', '2022-06-14 10:19:09', '2022-06-14 10:19:09'),
	(46, '1', 'Attributes', 'Sửa thuộc tính', 'Độ cao yên_id_ 6', '2022-06-14 10:19:19', '2022-06-14 10:19:19'),
	(47, '1', 'Attributes', 'Sửa thuộc tính', 'Khoảng cách trục bánh xe_id_ 5', '2022-06-14 10:19:36', '2022-06-14 10:19:36'),
	(48, '1', 'Attributes', 'Sửa thuộc tính', 'Dung tích xy-lanh_id_ 1', '2022-06-14 10:19:47', '2022-06-14 10:19:47'),
	(49, '1', 'Attributes', 'Sửa thuộc tính', 'Dài x rộng x cao_id_ 4', '2022-06-14 10:19:59', '2022-06-14 10:19:59'),
	(50, '1', 'Attributes', 'Sửa thuộc tính', 'Khối lượng_id_ 3', '2022-06-14 10:20:08', '2022-06-14 10:20:08'),
	(51, '1', 'Attributes', 'Sửa thuộc tính', 'Năm sản xuất_id_ 2', '2022-06-14 10:20:20', '2022-06-14 10:20:20'),
	(52, '1', 'Attributes', 'Sửa thuộc tính', 'Dung tích nhớt máy_id_ 14', '2022-06-14 10:20:42', '2022-06-14 10:20:42'),
	(53, '1', 'product', 'Sửa sản phẩm', 'CBR 1000RR-SP_id_ 1', '2022-06-14 15:58:38', '2022-06-14 15:58:38'),
	(54, '1', 'post', 'Sửa bài viết', 'xe mới ra 2022_id_ 1', '2022-06-14 17:07:05', '2022-06-14 17:07:05'),
	(55, '1', 'post', 'Sửa bài viết', 'Công ty Honda Việt Nam (HVN) tổng kết hoạt động năm tài chính 2022 (Tháng 4/2021 – tháng 3/2022) và Kế hoạch phát triển năm tài chính 2023 (Tháng 4/2022 – Tháng 3/2023)_id_ 1', '2022-06-14 17:07:30', '2022-06-14 17:07:30'),
	(56, '1', 'post', 'Sửa bài viết', 'Công ty Honda Việt Nam (HVN) tổng kết hoạt động năm tài chính 2022 (Tháng 4/2021 – tháng 3/2022) và Kế hoạch phát triển năm tài chính 2023 (Tháng 4/2022 – Tháng 3/2023)_id_ 1', '2022-06-14 17:10:25', '2022-06-14 17:10:25'),
	(57, '1', 'product', 'Sửa sản phẩm', 'CBR 1000RR-SP_id_ 1', '2022-06-15 23:02:59', '2022-06-15 23:02:59'),
	(58, '1', 'product', 'Sửa sản phẩm', 'CBR 1000RR_id_ 2', '2022-06-16 21:39:20', '2022-06-16 21:39:20'),
	(59, '1', 'product', 'Sửa sản phẩm', 'CBR 1000RR-SP_id_ 1', '2022-06-16 21:39:35', '2022-06-16 21:39:35'),
	(60, '1', 'product', 'thêm sản phẩm', 'Air Blade 125/160_id_ 3', '2022-06-16 22:17:51', '2022-06-16 22:17:51'),
	(61, '1', 'product', 'thêm sản phẩm', 'CBR 650R 2021_id_ 4', '2022-06-16 23:46:18', '2022-06-16 23:46:18'),
	(62, '1', 'product', 'thêm sản phẩm', 'Rebel 500  2022_id_ 5', '2022-06-17 09:29:15', '2022-06-17 09:29:15'),
	(63, '1', 'product', 'Sửa sản phẩm', 'CBR 1000RR_id_ 2', '2022-06-17 10:00:43', '2022-06-17 10:00:43'),
	(64, '1', 'product', 'Sửa sản phẩm', 'CBR 1000RR_id_ 2', '2022-06-17 10:00:58', '2022-06-17 10:00:58'),
	(65, '1', 'product', 'Sửa sản phẩm', 'CBR 1000RR_id_ 2', '2022-06-17 10:50:07', '2022-06-17 10:50:07'),
	(66, '1', 'product', 'Sửa sản phẩm', 'CBR 1000RR_id_ 2', '2022-06-17 10:53:25', '2022-06-17 10:53:25'),
	(67, '1', 'product', 'Sửa sản phẩm', 'CBR 1000RR_id_ 2', '2022-06-17 10:54:29', '2022-06-17 10:54:29'),
	(68, '1', 'product', 'Sửa sản phẩm', 'CBR 1000RR_id_ 2', '2022-06-17 10:59:57', '2022-06-17 10:59:57'),
	(69, '1', 'product', 'Sửa sản phẩm', 'CBR 1000RR_id_ 2', '2022-06-17 11:16:05', '2022-06-17 11:16:05'),
	(70, '1', 'product', 'thêm sản phẩm', 'Yamaha R25 ABS_id_ 6', '2022-06-17 15:39:00', '2022-06-17 15:39:00'),
	(71, '1', 'product', 'thêm sản phẩm', 'Gold Wing 2022_id_ 7', '2022-06-17 17:00:11', '2022-06-17 17:00:11'),
	(72, '1', 'product', 'Sửa sản phẩm', 'CBR 1000RR-SP_id_ 1', '2022-06-17 20:30:44', '2022-06-17 20:30:44'),
	(73, '1', 'product', 'Sửa sản phẩm', 'CBR 1000RR-SP_id_ 1', '2022-06-17 20:31:25', '2022-06-17 20:31:25'),
	(74, '1', 'product', 'Sửa sản phẩm', 'CBR 1000RR_id_ 2', '2022-06-17 20:53:35', '2022-06-17 20:53:35'),
	(75, '1', 'product', 'thêm sản phẩm', 'CB 1000R 2021_id_ 8', '2022-06-17 21:09:36', '2022-06-17 21:09:36'),
	(76, '1', 'product', 'thêm sản phẩm', 'Rebel 1100 2022 DCT_id_ 9', '2022-06-17 22:00:35', '2022-06-17 22:00:35'),
	(77, '1', 'product', 'thêm sản phẩm', 'Africa Twin Adventure Sport 2021_id_ 10', '2022-06-18 09:07:29', '2022-06-18 09:07:29'),
	(78, '1', 'product', 'thêm sản phẩm', 'Africa Twin 2021_id_ 11', '2022-06-18 09:39:52', '2022-06-18 09:39:52'),
	(79, '1', 'product', 'thêm sản phẩm', 'Africa Twin 2021 a_id_ 12', '2022-06-18 09:40:50', '2022-06-18 09:40:50'),
	(80, '1', 'product', 'Sửa sản phẩm', 'Africa Twin 2021 aa_id_ 11', '2022-06-18 09:50:48', '2022-06-18 09:50:48'),
	(81, '1', 'product', 'Sửa sản phẩm', 'Africa Twin 2021_id_ 12', '2022-06-18 09:50:55', '2022-06-18 09:50:55'),
	(82, '1', 'product', 'Sửa sản phẩm', 'CB 500X 2021_id_ 11', '2022-06-18 09:58:00', '2022-06-18 09:58:00'),
	(83, '1', 'product', 'thêm sản phẩm', 'CB 500F 2021_id_ 13', '2022-06-18 10:24:32', '2022-06-18 10:24:32'),
	(84, '1', 'product', 'thêm sản phẩm', 'CBR 500R 2021_id_ 15', '2022-06-18 10:37:50', '2022-06-18 10:37:50'),
	(85, '1', 'product', 'thêm sản phẩm', 'CBR1000RR-R Fireblade SP_id_ 16', '2022-06-18 16:26:42', '2022-06-18 16:26:42'),
	(86, '1', 'post', 'Sửa phương thức thanh toán', 'Giao hàng và thu tiền tại nhà_id_ 1', '2022-06-27 23:58:50', '2022-06-27 23:58:50'),
	(87, '1', 'post', 'Sửa bài viết', 'Honda Việt Nam giới thiệu Air Blade thế hệ mới 2023 - TIÊN PHONG MÃNH LỰC_id_ 1', '2022-06-28 16:59:51', '2022-06-28 16:59:51'),
	(88, '1', 'post', 'Sửa bài viết', 'Công ty Honda Việt Nam (HVN) tổng kết hoạt động năm tài chính 2022 (Tháng 4/2021 – tháng 3/2022) và Kế hoạch phát triển năm tài chính 2023 (Tháng 4/2022 – Tháng 3/2023)_id_ 2', '2022-06-28 17:15:56', '2022-06-28 17:15:56'),
	(89, '1', 'post', 'Sửa bài viết', 'Công ty Honda Việt Nam (HVN) tổng kết hoạt động năm tài chính 2022 (Tháng 4/2021 – tháng 3/2022) và Kế hoạch phát triển năm tài chính 2023 (Tháng 4/2022 – Tháng 3/2023)_id_ 2', '2022-06-28 17:16:19', '2022-06-28 17:16:19'),
	(90, '1', 'post', 'Sửa bài viết', 'LỄ TRAO GIẢI HỘI GIAO LƯU “AN TOÀN GIAO THÔNG CHO NỤ CƯỜI TRẺ THƠ” NĂM HỌC 2021- 2022_id_ 3', '2022-06-28 17:21:59', '2022-06-28 17:21:59'),
	(91, '1', 'post', 'Sửa bài viết', 'LỄ TRAO GIẢI HỘI GIAO LƯU “AN TOÀN GIAO THÔNG CHO NỤ CƯỜI TRẺ THƠ” NĂM HỌC 2021- 2022_id_ 3', '2022-06-28 17:22:09', '2022-06-28 17:22:09'),
	(92, '1', 'post', 'Sửa bài viết', 'Thông báo kết quả chương trình “Thăm dò ý kiến khách hàng” từ ngày 15/02/2022 đến trước ngày 15/05/2022_id_ 4', '2022-06-28 17:23:28', '2022-06-28 17:23:28'),
	(93, '1', 'post', 'Sửa bài viết', 'Thông báo kết quả chương trình “Thăm dò ý kiến khách hàng” từ ngày 15/02/2022 đến trước ngày 15/05/2022_id_ 4', '2022-06-28 17:42:31', '2022-06-28 17:42:31'),
	(94, '1', 'post', 'Sửa bài viết', 'Honda Việt Nam giới thiệu phiên bản CB150R The Streetster mới - Ngại gì dấn bước_id_ 5', '2022-06-28 17:43:33', '2022-06-28 17:43:33'),
	(95, '1', 'post', 'Sửa bài viết', 'Honda Việt Nam hợp tác cùng Đen ra mắt MV ca nhạc thương hiệu “Đi trong mùa hè”_id_ 6', '2022-06-28 17:46:30', '2022-06-28 17:46:30'),
	(96, '1', 'post', 'Sửa bài viết', 'Honda Việt Nam hợp tác cùng Đen ra mắt MV ca nhạc thương hiệu “Đi trong mùa hè”_id_ 6', '2022-06-28 17:46:46', '2022-06-28 17:46:46'),
	(97, '1', 'product', 'thêm sản phẩm', 'CB150R The Streetster_id_ 17', '2022-06-28 21:31:41', '2022-06-28 21:31:41'),
	(98, '1', 'product', 'thêm sản phẩm', 'Winner X_id_ 18', '2022-06-28 21:40:40', '2022-06-28 21:40:40'),
	(99, '1', 'product', 'thêm sản phẩm', 'Vision_id_ 19', '2022-06-28 21:45:31', '2022-06-28 21:45:31'),
	(100, '1', 'product', 'thêm sản phẩm', 'Sh Mode_id_ 20', '2022-06-28 21:51:14', '2022-06-28 21:51:14'),
	(101, '1', 'product', 'thêm sản phẩm', 'Blade 110_id_ 21', '2022-06-28 21:55:35', '2022-06-28 21:55:35'),
	(102, '1', 'product', 'thêm sản phẩm', 'Future 125 FI_id_ 22', '2022-06-28 22:03:41', '2022-06-28 22:03:41'),
	(103, '1', 'product', 'thêm sản phẩm', '959 Panigale Corse_id_ 23', '2022-06-28 22:13:52', '2022-06-28 22:13:52'),
	(104, '1', 'product', 'thêm sản phẩm', '1199 Panigale_id_ 24', '2022-06-28 22:20:28', '2022-06-28 22:20:28'),
	(105, '1', 'product', 'thêm sản phẩm', 'FZ6R 2019_id_ 25', '2022-06-28 22:25:17', '2022-06-28 22:25:17'),
	(106, '1', 'product', 'thêm sản phẩm', 'YZF-R1M_id_ 26', '2022-06-28 22:33:00', '2022-06-28 22:33:00'),
	(107, '1', 'product', 'thêm sản phẩm', 'YZF-R1S_id_ 27', '2022-06-28 22:37:26', '2022-06-28 22:37:26'),
	(108, '1', 'product', 'thêm sản phẩm', 'YZF-R3_id_ 28', '2022-06-28 23:21:32', '2022-06-28 23:21:32'),
	(109, '1', 'product', 'thêm sản phẩm', 'YZF-R6_id_ 29', '2022-06-28 23:39:36', '2022-06-28 23:39:36'),
	(110, '1', 'product', 'thêm sản phẩm', 'Diavel 1260_id_ 30', '2022-06-29 00:04:51', '2022-06-29 00:04:51'),
	(111, '1', 'product', 'thêm sản phẩm', 'Ducati 899 Panigale_id_ 31', '2022-06-29 00:08:25', '2022-06-29 00:08:25'),
	(112, '1', 'product', 'thêm sản phẩm', 'Ducati 1299 Panigale_id_ 32', '2022-06-29 00:10:59', '2022-06-29 00:10:59'),
	(113, '1', 'product', 'thêm sản phẩm', 'Ducati Hypermotard 939_id_ 33', '2022-06-29 00:17:06', '2022-06-29 00:17:06'),
	(114, '1', 'product', 'thêm sản phẩm', 'Ducati Monster 797_id_ 34', '2022-06-29 00:19:20', '2022-06-29 00:19:20'),
	(115, '1', 'product', 'thêm sản phẩm', 'Ducati Monster 821_id_ 35', '2022-06-29 00:21:32', '2022-06-29 00:21:32'),
	(116, '1', 'product', 'thêm sản phẩm', 'Ducati Panigale V4S_id_ 36', '2022-06-29 00:23:59', '2022-06-29 00:23:59'),
	(117, '1', 'product', 'thêm sản phẩm', 'Kawasaki Z900 ABS 2020_id_ 37', '2022-06-29 00:31:05', '2022-06-29 00:31:05'),
	(118, '1', 'product', 'thêm sản phẩm', 'Kawasaki Z1000 ABS_id_ 38', '2022-06-29 00:34:40', '2022-06-29 00:34:40'),
	(119, '1', 'product', 'thêm sản phẩm', 'Ninja 400 ABSSE_id_ 39', '2022-06-29 00:37:09', '2022-06-29 00:37:09'),
	(120, '1', 'product', 'thêm sản phẩm', 'Ninja ZX 10R_id_ 40', '2022-06-29 00:39:33', '2022-06-29 00:39:33'),
	(121, '1', 'product', 'thêm sản phẩm', 'Ninja ZX 10R ABS_id_ 41', '2022-06-29 00:41:47', '2022-06-29 00:41:47'),
	(122, '1', 'order', 'Xóa đơn hàng', '_id_ 17', '2022-06-29 09:50:44', '2022-06-29 09:50:44'),
	(123, '1', 'order', 'Xóa đơn hàng', 'Xóa đơn hàng_id_ 16và địa chỉ ship', '2022-06-29 10:03:06', '2022-06-29 10:03:06'),
	(124, '1', 'order', 'Xóa đơn hàng', 'Xóa đơn hàng_id_ 15và địa chỉ ship', '2022-06-29 10:14:54', '2022-06-29 10:14:54'),
	(125, '1', 'Attributes', 'thêm thuộc tính', 'a_id_ 22', '2022-06-30 00:32:07', '2022-06-30 00:32:07'),
	(126, '1', 'Attributes', 'xóa thuộc tính', 'a_id_ 22', '2022-06-30 00:32:31', '2022-06-30 00:32:31'),
	(127, '1', 'product', 'thêm sản phẩm', 'aaaaaaa_id_ 42', '2022-06-30 00:33:36', '2022-06-30 00:33:36');
/*!40000 ALTER TABLE `action_history_user` ENABLE KEYS */;

-- Dumping structure for table mmzweb.authentication_log
CREATE TABLE IF NOT EXISTS `authentication_log` (
  `id` bigint(20) unsigned NOT NULL AUTO_INCREMENT,
  `authenticatable_type` varchar(191) COLLATE utf8mb4_unicode_ci NOT NULL,
  `authenticatable_id` bigint(20) unsigned NOT NULL,
  `ip_address` varchar(45) COLLATE utf8mb4_unicode_ci DEFAULT NULL,
  `user_agent` text COLLATE utf8mb4_unicode_ci DEFAULT NULL,
  `login_at` timestamp NULL DEFAULT NULL,
  `logout_at` timestamp NULL DEFAULT NULL,
  PRIMARY KEY (`id`),
  KEY `authentication_log_authenticatable_type_authenticatable_id_index` (`authenticatable_type`,`authenticatable_id`)
) ENGINE=InnoDB AUTO_INCREMENT=44 DEFAULT CHARSET=utf8mb4 COLLATE=utf8mb4_unicode_ci;

-- Dumping data for table mmzweb.authentication_log: ~29 rows (approximately)
/*!40000 ALTER TABLE `authentication_log` DISABLE KEYS */;
INSERT INTO `authentication_log` (`id`, `authenticatable_type`, `authenticatable_id`, `ip_address`, `user_agent`, `login_at`, `logout_at`) VALUES
	(1, 'App\\Models\\User', 1, '127.0.0.1', 'Mozilla/5.0 (Windows NT 10.0; Win64; x64) AppleWebKit/537.36 (KHTML, like Gecko) Chrome/102.0.0.0 Safari/537.36', '2022-06-03 09:44:12', NULL),
	(2, 'App\\Models\\User', 1, '127.0.0.1', 'Mozilla/5.0 (Windows NT 10.0; Win64; x64) AppleWebKit/537.36 (KHTML, like Gecko) Chrome/102.0.0.0 Safari/537.36', '2022-06-03 09:44:24', NULL),
	(3, 'App\\Models\\User', 1, '127.0.0.1', 'Mozilla/5.0 (Windows NT 10.0; Win64; x64) AppleWebKit/537.36 (KHTML, like Gecko) Chrome/102.0.0.0 Safari/537.36', '2022-06-07 09:21:45', NULL),
	(4, 'App\\Models\\User', 1, '127.0.0.1', 'Mozilla/5.0 (Windows NT 10.0; Win64; x64) AppleWebKit/537.36 (KHTML, like Gecko) Chrome/102.0.0.0 Safari/537.36', '2022-06-08 09:16:52', NULL),
	(5, 'App\\Models\\User', 1, '127.0.0.1', 'Mozilla/5.0 (Windows NT 10.0; Win64; x64) AppleWebKit/537.36 (KHTML, like Gecko) Chrome/102.0.0.0 Safari/537.36', '2022-06-08 13:40:01', '2022-06-08 13:45:55'),
	(6, 'App\\Models\\User', 1, '127.0.0.1', 'Mozilla/5.0 (Windows NT 10.0; Win64; x64) AppleWebKit/537.36 (KHTML, like Gecko) Chrome/102.0.0.0 Safari/537.36', '2022-06-08 13:46:06', NULL),
	(7, 'App\\Models\\User', 1, '127.0.0.1', 'Mozilla/5.0 (Windows NT 10.0; Win64; x64) AppleWebKit/537.36 (KHTML, like Gecko) Chrome/102.0.0.0 Safari/537.36', '2022-06-14 09:10:21', NULL),
	(8, 'App\\Models\\User', 1, '127.0.0.1', 'Mozilla/5.0 (Windows NT 10.0; Win64; x64) AppleWebKit/537.36 (KHTML, like Gecko) Chrome/102.0.0.0 Safari/537.36', '2022-06-14 13:44:15', NULL),
	(9, 'App\\Models\\User', 1, '127.0.0.1', 'Mozilla/5.0 (Windows NT 10.0; Win64; x64) AppleWebKit/537.36 (KHTML, like Gecko) Chrome/102.0.0.0 Safari/537.36', '2022-06-14 17:42:16', NULL),
	(10, 'App\\Models\\User', 1, '127.0.0.1', 'Mozilla/5.0 (Windows NT 10.0; Win64; x64) AppleWebKit/537.36 (KHTML, like Gecko) Chrome/102.0.0.0 Safari/537.36', '2022-06-14 20:43:31', NULL),
	(11, 'App\\Models\\User', 1, '127.0.0.1', 'Mozilla/5.0 (Windows NT 10.0; Win64; x64) AppleWebKit/537.36 (KHTML, like Gecko) Chrome/102.0.0.0 Safari/537.36', '2022-06-14 20:57:39', NULL),
	(12, 'App\\Models\\User', 1, '127.0.0.1', 'Mozilla/5.0 (Windows NT 10.0; Win64; x64) AppleWebKit/537.36 (KHTML, like Gecko) Chrome/102.0.0.0 Safari/537.36', '2022-06-14 21:18:10', NULL),
	(13, 'App\\Models\\User', 1, '127.0.0.1', 'Mozilla/5.0 (Windows NT 10.0; Win64; x64) AppleWebKit/537.36 (KHTML, like Gecko) Chrome/102.0.0.0 Safari/537.36', '2022-06-15 09:29:03', NULL),
	(14, 'App\\Models\\User', 1, '127.0.0.1', 'Mozilla/5.0 (Windows NT 10.0; Win64; x64) AppleWebKit/537.36 (KHTML, like Gecko) Chrome/102.0.0.0 Safari/537.36', '2022-06-15 23:02:30', NULL),
	(15, 'App\\Models\\User', 1, '127.0.0.1', 'Mozilla/5.0 (Windows NT 10.0; Win64; x64) AppleWebKit/537.36 (KHTML, like Gecko) Chrome/102.0.0.0 Safari/537.36', '2022-06-16 08:36:05', NULL),
	(16, 'App\\Models\\User', 1, '127.0.0.1', 'Mozilla/5.0 (Windows NT 10.0; Win64; x64) AppleWebKit/537.36 (KHTML, like Gecko) Chrome/102.0.0.0 Safari/537.36', '2022-06-16 15:13:23', NULL),
	(17, 'App\\Models\\User', 1, '127.0.0.1', 'Mozilla/5.0 (Windows NT 10.0; Win64; x64) AppleWebKit/537.36 (KHTML, like Gecko) Chrome/102.0.0.0 Safari/537.36', '2022-06-16 20:21:24', NULL),
	(18, 'App\\Models\\User', 1, '127.0.0.1', 'Mozilla/5.0 (Windows NT 10.0; Win64; x64) AppleWebKit/537.36 (KHTML, like Gecko) Chrome/102.0.0.0 Safari/537.36', '2022-06-16 20:21:51', NULL),
	(19, 'App\\Models\\User', 1, '127.0.0.1', 'Mozilla/5.0 (Windows NT 10.0; Win64; x64) AppleWebKit/537.36 (KHTML, like Gecko) Chrome/102.0.0.0 Safari/537.36', '2022-06-16 20:49:34', NULL),
	(20, 'App\\Models\\User', 1, '127.0.0.1', 'Mozilla/5.0 (Windows NT 10.0; Win64; x64) AppleWebKit/537.36 (KHTML, like Gecko) Chrome/102.0.0.0 Safari/537.36', '2022-06-16 20:57:59', NULL),
	(21, 'App\\Models\\User', 1, '127.0.0.1', 'Mozilla/5.0 (Windows NT 10.0; Win64; x64) AppleWebKit/537.36 (KHTML, like Gecko) Chrome/102.0.0.0 Safari/537.36', '2022-06-16 21:10:55', NULL),
	(22, 'App\\Models\\User', 1, '127.0.0.1', 'Mozilla/5.0 (Windows NT 10.0; Win64; x64) AppleWebKit/537.36 (KHTML, like Gecko) Chrome/102.0.0.0 Safari/537.36', '2022-06-17 08:55:43', NULL),
	(23, 'App\\Models\\User', 1, '127.0.0.1', 'Mozilla/5.0 (Windows NT 10.0; Win64; x64) AppleWebKit/537.36 (KHTML, like Gecko) Chrome/102.0.0.0 Safari/537.36', '2022-06-17 15:17:04', NULL),
	(24, 'App\\Models\\User', 1, '127.0.0.1', 'Mozilla/5.0 (Windows NT 10.0; Win64; x64) AppleWebKit/537.36 (KHTML, like Gecko) Chrome/102.0.0.0 Safari/537.36', '2022-06-17 19:51:17', NULL),
	(25, 'App\\Models\\User', 1, '127.0.0.1', 'Mozilla/5.0 (Windows NT 10.0; Win64; x64) AppleWebKit/537.36 (KHTML, like Gecko) Chrome/102.0.0.0 Safari/537.36', '2022-06-17 19:51:17', NULL),
	(26, 'App\\Models\\User', 1, '127.0.0.1', 'Mozilla/5.0 (Windows NT 10.0; Win64; x64) AppleWebKit/537.36 (KHTML, like Gecko) Chrome/102.0.0.0 Safari/537.36', '2022-06-18 08:07:52', NULL),
	(27, 'App\\Models\\User', 1, '127.0.0.1', 'Mozilla/5.0 (Windows NT 10.0; Win64; x64) AppleWebKit/537.36 (KHTML, like Gecko) Chrome/102.0.0.0 Safari/537.36', '2022-06-18 16:17:50', NULL),
	(28, 'App\\Models\\User', 1, '127.0.0.1', 'Mozilla/5.0 (Windows NT 10.0; Win64; x64) AppleWebKit/537.36 (KHTML, like Gecko) Chrome/102.0.0.0 Safari/537.36', '2022-06-18 22:50:57', NULL),
	(29, 'App\\Models\\User', 1, '127.0.0.1', 'Mozilla/5.0 (Windows NT 10.0; Win64; x64) AppleWebKit/537.36 (KHTML, like Gecko) Chrome/102.0.0.0 Safari/537.36', '2022-06-20 20:52:17', NULL),
	(30, 'App\\Models\\User', 1, '127.0.0.1', 'Mozilla/5.0 (Windows NT 10.0; Win64; x64) AppleWebKit/537.36 (KHTML, like Gecko) Chrome/102.0.0.0 Safari/537.36', '2022-06-27 23:58:38', NULL),
	(31, 'App\\Models\\User', 1, '127.0.0.1', 'Mozilla/5.0 (Windows NT 10.0; Win64; x64) AppleWebKit/537.36 (KHTML, like Gecko) Chrome/102.0.0.0 Safari/537.36', '2022-06-28 01:00:55', NULL),
	(32, 'App\\Models\\User', 1, '127.0.0.1', 'Mozilla/5.0 (Windows NT 10.0; Win64; x64) AppleWebKit/537.36 (KHTML, like Gecko) Chrome/102.0.0.0 Safari/537.36', '2022-06-28 10:05:52', NULL),
	(33, 'App\\Models\\User', 1, '127.0.0.1', 'Mozilla/5.0 (Windows NT 10.0; Win64; x64) AppleWebKit/537.36 (KHTML, like Gecko) Chrome/102.0.0.0 Safari/537.36', '2022-06-28 14:27:05', NULL),
	(34, 'App\\Models\\User', 1, '127.0.0.1', 'Mozilla/5.0 (Windows NT 10.0; Win64; x64) AppleWebKit/537.36 (KHTML, like Gecko) Chrome/102.0.0.0 Safari/537.36', '2022-06-28 20:33:57', NULL),
	(35, 'App\\Models\\User', 1, '127.0.0.1', 'Mozilla/5.0 (Windows NT 10.0; Win64; x64) AppleWebKit/537.36 (KHTML, like Gecko) Chrome/102.0.0.0 Safari/537.36', '2022-06-29 08:08:27', NULL),
	(36, 'App\\Models\\User', 1, '127.0.0.1', 'Mozilla/5.0 (Windows NT 10.0; Win64; x64) AppleWebKit/537.36 (KHTML, like Gecko) Chrome/102.0.0.0 Safari/537.36', '2022-06-29 20:58:18', '2022-06-29 21:34:30'),
	(37, 'App\\Models\\User', 1, '127.0.0.1', 'Mozilla/5.0 (Windows NT 10.0; Win64; x64) AppleWebKit/537.36 (KHTML, like Gecko) Chrome/102.0.0.0 Safari/537.36', '2022-06-29 21:36:26', NULL),
	(38, 'App\\Models\\User', 1, '127.0.0.1', 'Mozilla/5.0 (Windows NT 10.0; Win64; x64) AppleWebKit/537.36 (KHTML, like Gecko) Chrome/102.0.0.0 Safari/537.36', '2022-06-30 09:25:26', NULL),
	(39, 'App\\Models\\User', 1, '127.0.0.1', 'Mozilla/5.0 (Windows NT 10.0; Win64; x64) AppleWebKit/537.36 (KHTML, like Gecko) Chrome/102.0.0.0 Safari/537.36', '2022-06-30 09:49:23', NULL),
	(40, 'App\\Models\\User', 1, '127.0.0.1', 'Mozilla/5.0 (Windows NT 10.0; Win64; x64) AppleWebKit/537.36 (KHTML, like Gecko) Chrome/103.0.0.0 Safari/537.36', '2022-07-01 00:07:03', NULL),
	(41, 'App\\Models\\User', 1, '127.0.0.1', 'Mozilla/5.0 (Windows NT 10.0; Win64; x64) AppleWebKit/537.36 (KHTML, like Gecko) Chrome/103.0.0.0 Safari/537.36', '2022-07-01 00:07:15', NULL),
	(42, 'App\\Models\\User', 1, '127.0.0.1', 'Mozilla/5.0 (Windows NT 10.0; Win64; x64) AppleWebKit/537.36 (KHTML, like Gecko) Chrome/103.0.0.0 Safari/537.36', '2022-07-01 10:48:32', NULL),
	(43, 'App\\Models\\User', 1, '127.0.0.1', 'Mozilla/5.0 (Windows NT 10.0; Win64; x64) AppleWebKit/537.36 (KHTML, like Gecko) Chrome/103.0.0.0 Safari/537.36', '2022-07-02 08:36:27', NULL);
/*!40000 ALTER TABLE `authentication_log` ENABLE KEYS */;

-- Dumping structure for table mmzweb.banners
CREATE TABLE IF NOT EXISTS `banners` (
  `id` bigint(20) unsigned NOT NULL AUTO_INCREMENT,
  `title` varchar(191) COLLATE utf8mb4_unicode_ci NOT NULL,
  `images` varchar(191) COLLATE utf8mb4_unicode_ci DEFAULT NULL,
  `link_banner` varchar(191) COLLATE utf8mb4_unicode_ci DEFAULT NULL,
  `position` bigint(20) NOT NULL DEFAULT 0,
  `order` bigint(20) NOT NULL DEFAULT 0,
  `is_active` tinyint(3) unsigned NOT NULL DEFAULT 1,
  `id_user` bigint(20) unsigned NOT NULL DEFAULT 0,
  `created_at` timestamp NULL DEFAULT NULL,
  `updated_at` timestamp NULL DEFAULT NULL,
  PRIMARY KEY (`id`),
  UNIQUE KEY `banners_title_unique` (`title`),
  KEY `banners_id_user_foreign` (`id_user`),
  CONSTRAINT `banners_id_user_foreign` FOREIGN KEY (`id_user`) REFERENCES `users` (`id`) ON DELETE CASCADE
) ENGINE=InnoDB DEFAULT CHARSET=utf8mb4 COLLATE=utf8mb4_unicode_ci;

-- Dumping data for table mmzweb.banners: ~0 rows (approximately)
/*!40000 ALTER TABLE `banners` DISABLE KEYS */;
/*!40000 ALTER TABLE `banners` ENABLE KEYS */;

-- Dumping structure for table mmzweb.blogs
CREATE TABLE IF NOT EXISTS `blogs` (
  `id` bigint(20) unsigned NOT NULL AUTO_INCREMENT,
  `title` varchar(191) COLLATE utf8mb4_unicode_ci DEFAULT NULL,
  `slug` varchar(191) COLLATE utf8mb4_unicode_ci NOT NULL,
  `content` text COLLATE utf8mb4_unicode_ci DEFAULT NULL,
  `overview` text COLLATE utf8mb4_unicode_ci DEFAULT NULL,
  `seo_title` varchar(500) COLLATE utf8mb4_unicode_ci DEFAULT NULL,
  `seo_keyword` varchar(500) COLLATE utf8mb4_unicode_ci DEFAULT NULL,
  `seo_description` text COLLATE utf8mb4_unicode_ci DEFAULT NULL,
  `images` varchar(191) COLLATE utf8mb4_unicode_ci DEFAULT NULL,
  `is_active` tinyint(3) unsigned NOT NULL DEFAULT 1,
  `is_sort` tinyint(3) unsigned NOT NULL DEFAULT 1,
  `is_hot` tinyint(3) unsigned NOT NULL DEFAULT 0,
  `id_user` bigint(20) unsigned NOT NULL DEFAULT 0,
  `is_view` bigint(20) DEFAULT NULL,
  `is_index` bigint(20) unsigned NOT NULL DEFAULT 0,
  `cate_product_id` varchar(191) COLLATE utf8mb4_unicode_ci DEFAULT NULL,
  `id_tag` varchar(191) COLLATE utf8mb4_unicode_ci DEFAULT NULL,
  `created_at` timestamp NULL DEFAULT NULL,
  `updated_at` timestamp NULL DEFAULT NULL,
  PRIMARY KEY (`id`),
  UNIQUE KEY `blogs_title_slug_unique` (`title`,`slug`),
  KEY `blogs_id_user_foreign` (`id_user`),
  CONSTRAINT `blogs_id_user_foreign` FOREIGN KEY (`id_user`) REFERENCES `users` (`id`) ON DELETE CASCADE
) ENGINE=InnoDB DEFAULT CHARSET=utf8mb4 COLLATE=utf8mb4_unicode_ci;

-- Dumping data for table mmzweb.blogs: ~0 rows (approximately)
/*!40000 ALTER TABLE `blogs` DISABLE KEYS */;
/*!40000 ALTER TABLE `blogs` ENABLE KEYS */;

-- Dumping structure for table mmzweb.categories
CREATE TABLE IF NOT EXISTS `categories` (
  `id` bigint(20) unsigned NOT NULL AUTO_INCREMENT,
  `title` varchar(191) COLLATE utf8mb4_unicode_ci NOT NULL,
  `slug` varchar(191) COLLATE utf8mb4_unicode_ci NOT NULL,
  `overview` text COLLATE utf8mb4_unicode_ci DEFAULT NULL,
  `cat_type` varchar(191) COLLATE utf8mb4_unicode_ci NOT NULL DEFAULT 'post',
  `images` varchar(191) COLLATE utf8mb4_unicode_ci DEFAULT NULL,
  `parent_id` bigint(20) NOT NULL DEFAULT 0,
  `is_active` tinyint(3) unsigned NOT NULL DEFAULT 1,
  `is_hot` tinyint(3) unsigned NOT NULL DEFAULT 0,
  `is_home` tinyint(3) unsigned NOT NULL DEFAULT 0,
  `created_at` timestamp NULL DEFAULT NULL,
  `updated_at` timestamp NULL DEFAULT NULL,
  PRIMARY KEY (`id`)
) ENGINE=InnoDB AUTO_INCREMENT=17 DEFAULT CHARSET=utf8mb4 COLLATE=utf8mb4_unicode_ci;

-- Dumping data for table mmzweb.categories: ~14 rows (approximately)
/*!40000 ALTER TABLE `categories` DISABLE KEYS */;
INSERT INTO `categories` (`id`, `title`, `slug`, `overview`, `cat_type`, `images`, `parent_id`, `is_active`, `is_hot`, `is_home`, `created_at`, `updated_at`) VALUES
	(1, 'Honda Moto', 'honda-moto', NULL, 'product', '', 5, 1, 0, 0, '2022-06-02 15:16:29', '2022-06-02 15:24:01'),
	(2, 'Honda Tay ga', 'honda-tay-ga', NULL, 'product', '', 5, 1, 0, 0, '2022-06-02 15:16:41', '2022-06-02 15:24:11'),
	(3, 'Yamaha Moto', 'yamaha-moto', NULL, 'product', '', 6, 1, 0, 0, '2022-06-02 15:16:54', '2022-06-02 15:24:22'),
	(4, 'Ducati Moto', 'ducati-moto', NULL, 'product', '', 8, 1, 0, 0, '2022-06-02 15:17:05', '2022-06-02 15:24:33'),
	(5, 'Xe Honda', 'xe-honda', NULL, 'product', '', 0, 1, 0, 0, '2022-06-02 15:23:17', '2022-06-02 15:23:17'),
	(6, 'Xe Yamaha', 'xe-yamaha', NULL, 'product', '', 0, 1, 0, 0, '2022-06-02 15:23:26', '2022-06-02 15:23:27'),
	(7, 'Xe Kawasaki', 'xe-kawasaki', NULL, 'product', '', 0, 1, 0, 0, '2022-06-02 15:23:35', '2022-06-29 00:33:01'),
	(8, 'Xe Ducati', 'xe-ducati', NULL, 'product', '', 0, 1, 0, 0, '2022-06-02 15:23:46', '2022-06-02 15:23:46'),
	(9, 'Yamaha Xe số', 'yamaha-xe-so', NULL, 'product', '', 6, 1, 0, 0, '2022-06-03 11:25:29', '2022-06-16 23:40:01'),
	(10, 'Kawasaki Moto', 'kawasaki-moto', NULL, 'product', '', 7, 1, 0, 0, '2022-06-03 11:26:34', '2022-06-29 00:33:24'),
	(12, 'Tin hot', 'tin-hot', NULL, 'post', NULL, 0, 1, 0, 0, '2022-06-08 13:52:27', '2022-06-08 13:52:27'),
	(13, 'Tin tức chung', 'tin-tuc-chung', NULL, 'post', NULL, 0, 1, 0, 0, '2022-06-14 16:05:31', '2022-06-14 16:05:31'),
	(14, 'Honda Xe số', 'honda-xe-so', NULL, 'product', '', 5, 1, 0, 0, '2022-06-14 16:09:38', '2022-06-16 23:40:13'),
	(16, 'Honda Côn tay', 'honda-con-tay', NULL, 'product', '', 5, 1, 0, 0, '2022-06-18 16:31:40', '2022-06-18 16:31:41');
/*!40000 ALTER TABLE `categories` ENABLE KEYS */;

-- Dumping structure for table mmzweb.category_blog
CREATE TABLE IF NOT EXISTS `category_blog` (
  `category_id` bigint(20) unsigned NOT NULL,
  `blog_id` bigint(20) unsigned NOT NULL,
  PRIMARY KEY (`category_id`,`blog_id`),
  KEY `category_blog_blog_id_foreign` (`blog_id`),
  CONSTRAINT `category_blog_blog_id_foreign` FOREIGN KEY (`blog_id`) REFERENCES `blogs` (`id`) ON DELETE CASCADE ON UPDATE CASCADE,
  CONSTRAINT `category_blog_category_id_foreign` FOREIGN KEY (`category_id`) REFERENCES `categories` (`id`) ON DELETE CASCADE ON UPDATE CASCADE
) ENGINE=InnoDB DEFAULT CHARSET=utf8mb4 COLLATE=utf8mb4_unicode_ci;

-- Dumping data for table mmzweb.category_blog: ~0 rows (approximately)
/*!40000 ALTER TABLE `category_blog` DISABLE KEYS */;
/*!40000 ALTER TABLE `category_blog` ENABLE KEYS */;

-- Dumping structure for table mmzweb.category_post
CREATE TABLE IF NOT EXISTS `category_post` (
  `category_id` bigint(20) unsigned NOT NULL,
  `post_id` bigint(20) unsigned NOT NULL,
  PRIMARY KEY (`category_id`,`post_id`),
  KEY `category_post_post_id_foreign` (`post_id`),
  CONSTRAINT `category_post_category_id_foreign` FOREIGN KEY (`category_id`) REFERENCES `categories` (`id`) ON DELETE CASCADE ON UPDATE CASCADE,
  CONSTRAINT `category_post_post_id_foreign` FOREIGN KEY (`post_id`) REFERENCES `posts` (`id`) ON DELETE CASCADE ON UPDATE CASCADE
) ENGINE=InnoDB DEFAULT CHARSET=utf8mb4 COLLATE=utf8mb4_unicode_ci;

-- Dumping data for table mmzweb.category_post: ~5 rows (approximately)
/*!40000 ALTER TABLE `category_post` DISABLE KEYS */;
INSERT INTO `category_post` (`category_id`, `post_id`) VALUES
	(12, 6),
	(13, 1),
	(13, 2),
	(13, 3),
	(13, 4),
	(13, 6);
/*!40000 ALTER TABLE `category_post` ENABLE KEYS */;

-- Dumping structure for table mmzweb.category_product
CREATE TABLE IF NOT EXISTS `category_product` (
  `category_id` bigint(20) unsigned NOT NULL,
  `product_id` bigint(20) unsigned NOT NULL,
  PRIMARY KEY (`category_id`,`product_id`),
  KEY `category_product_product_id_foreign` (`product_id`),
  CONSTRAINT `category_product_category_id_foreign` FOREIGN KEY (`category_id`) REFERENCES `categories` (`id`) ON DELETE CASCADE ON UPDATE CASCADE,
  CONSTRAINT `category_product_product_id_foreign` FOREIGN KEY (`product_id`) REFERENCES `products` (`id`) ON DELETE CASCADE ON UPDATE CASCADE
) ENGINE=InnoDB DEFAULT CHARSET=utf8mb4 COLLATE=utf8mb4_unicode_ci;

-- Dumping data for table mmzweb.category_product: ~73 rows (approximately)
/*!40000 ALTER TABLE `category_product` DISABLE KEYS */;
INSERT INTO `category_product` (`category_id`, `product_id`) VALUES
	(1, 1),
	(1, 2),
	(1, 4),
	(1, 5),
	(1, 7),
	(1, 8),
	(1, 9),
	(1, 10),
	(1, 11),
	(1, 12),
	(1, 13),
	(1, 15),
	(1, 16),
	(2, 3),
	(2, 19),
	(2, 20),
	(3, 6),
	(3, 25),
	(3, 26),
	(3, 27),
	(3, 29),
	(4, 23),
	(4, 24),
	(4, 30),
	(4, 31),
	(4, 32),
	(4, 33),
	(4, 34),
	(4, 35),
	(4, 36),
	(4, 41),
	(5, 1),
	(5, 2),
	(5, 3),
	(5, 4),
	(5, 5),
	(5, 7),
	(5, 8),
	(5, 9),
	(5, 10),
	(5, 11),
	(5, 12),
	(5, 13),
	(5, 15),
	(5, 16),
	(5, 17),
	(5, 18),
	(5, 19),
	(5, 20),
	(5, 21),
	(5, 22),
	(5, 42),
	(6, 6),
	(6, 25),
	(6, 26),
	(6, 27),
	(6, 28),
	(6, 29),
	(7, 37),
	(7, 38),
	(7, 39),
	(7, 40),
	(8, 23),
	(8, 24),
	(8, 30),
	(8, 31),
	(8, 32),
	(8, 33),
	(8, 34),
	(8, 35),
	(8, 36),
	(8, 41),
	(10, 37),
	(10, 38),
	(10, 39),
	(10, 40),
	(14, 21),
	(14, 22),
	(16, 17),
	(16, 18);
/*!40000 ALTER TABLE `category_product` ENABLE KEYS */;

-- Dumping structure for table mmzweb.category_video
CREATE TABLE IF NOT EXISTS `category_video` (
  `category_id` bigint(20) unsigned NOT NULL,
  `video_id` bigint(20) unsigned NOT NULL,
  PRIMARY KEY (`category_id`,`video_id`),
  KEY `category_video_video_id_foreign` (`video_id`),
  CONSTRAINT `category_video_category_id_foreign` FOREIGN KEY (`category_id`) REFERENCES `categories` (`id`) ON DELETE CASCADE ON UPDATE CASCADE,
  CONSTRAINT `category_video_video_id_foreign` FOREIGN KEY (`video_id`) REFERENCES `videos` (`id`) ON DELETE CASCADE ON UPDATE CASCADE
) ENGINE=InnoDB DEFAULT CHARSET=utf8mb4 COLLATE=utf8mb4_unicode_ci;

-- Dumping data for table mmzweb.category_video: ~0 rows (approximately)
/*!40000 ALTER TABLE `category_video` DISABLE KEYS */;
/*!40000 ALTER TABLE `category_video` ENABLE KEYS */;

-- Dumping structure for table mmzweb.comments
CREATE TABLE IF NOT EXISTS `comments` (
  `id` bigint(20) unsigned NOT NULL AUTO_INCREMENT,
  `title` varchar(191) COLLATE utf8mb4_unicode_ci NOT NULL,
  `comment_product_id` bigint(20) unsigned NOT NULL,
  `content` text COLLATE utf8mb4_unicode_ci NOT NULL,
  `images` varchar(191) COLLATE utf8mb4_unicode_ci DEFAULT NULL,
  `date` timestamp NOT NULL,
  `is_active` tinyint(3) unsigned NOT NULL DEFAULT 1,
  `created_at` timestamp NULL DEFAULT NULL,
  `updated_at` timestamp NULL DEFAULT NULL,
  PRIMARY KEY (`id`),
  KEY `comments_comment_product_id_foreign` (`comment_product_id`),
  CONSTRAINT `comments_comment_product_id_foreign` FOREIGN KEY (`comment_product_id`) REFERENCES `products` (`id`) ON DELETE CASCADE ON UPDATE CASCADE
) ENGINE=InnoDB AUTO_INCREMENT=3 DEFAULT CHARSET=utf8mb4 COLLATE=utf8mb4_unicode_ci;

-- Dumping data for table mmzweb.comments: ~0 rows (approximately)
/*!40000 ALTER TABLE `comments` DISABLE KEYS */;
INSERT INTO `comments` (`id`, `title`, `comment_product_id`, `content`, `images`, `date`, `is_active`, `created_at`, `updated_at`) VALUES
	(1, 'minh', 1, 'rất đẹp', NULL, '2022-06-29 11:19:17', 0, '2022-06-29 11:19:17', '2022-06-29 11:19:17'),
	(2, 'minh', 1, 'sản phẩm đẹp', NULL, '2022-06-30 09:27:57', 0, '2022-06-30 09:27:57', '2022-06-30 09:27:57');
/*!40000 ALTER TABLE `comments` ENABLE KEYS */;

-- Dumping structure for table mmzweb.failed_jobs
CREATE TABLE IF NOT EXISTS `failed_jobs` (
  `id` bigint(20) unsigned NOT NULL AUTO_INCREMENT,
  `uuid` varchar(191) COLLATE utf8mb4_unicode_ci NOT NULL,
  `connection` text COLLATE utf8mb4_unicode_ci NOT NULL,
  `queue` text COLLATE utf8mb4_unicode_ci NOT NULL,
  `payload` longtext COLLATE utf8mb4_unicode_ci NOT NULL,
  `exception` longtext COLLATE utf8mb4_unicode_ci NOT NULL,
  `failed_at` timestamp NOT NULL DEFAULT current_timestamp(),
  PRIMARY KEY (`id`),
  UNIQUE KEY `failed_jobs_uuid_unique` (`uuid`)
) ENGINE=InnoDB DEFAULT CHARSET=utf8mb4 COLLATE=utf8mb4_unicode_ci;

-- Dumping data for table mmzweb.failed_jobs: ~0 rows (approximately)
/*!40000 ALTER TABLE `failed_jobs` DISABLE KEYS */;
/*!40000 ALTER TABLE `failed_jobs` ENABLE KEYS */;

-- Dumping structure for table mmzweb.memberships
CREATE TABLE IF NOT EXISTS `memberships` (
  `id` bigint(20) unsigned NOT NULL AUTO_INCREMENT,
  `display_name` varchar(191) COLLATE utf8mb4_unicode_ci DEFAULT NULL,
  `username` varchar(191) COLLATE utf8mb4_unicode_ci NOT NULL,
  `email` varchar(191) COLLATE utf8mb4_unicode_ci NOT NULL,
  `phone` varchar(191) COLLATE utf8mb4_unicode_ci NOT NULL,
  `password` varchar(191) COLLATE utf8mb4_unicode_ci NOT NULL,
  `address` varchar(191) COLLATE utf8mb4_unicode_ci DEFAULT NULL,
  `images` varchar(191) COLLATE utf8mb4_unicode_ci DEFAULT NULL,
  `gender` bigint(20) DEFAULT NULL,
  `is_active` bigint(20) NOT NULL DEFAULT 0,
  `email_verified_at` timestamp NULL DEFAULT NULL,
  `remember_token` varchar(100) COLLATE utf8mb4_unicode_ci DEFAULT NULL,
  `created_at` timestamp NULL DEFAULT NULL,
  `updated_at` timestamp NULL DEFAULT NULL,
  PRIMARY KEY (`id`),
  UNIQUE KEY `memberships_username_email_phone_unique` (`username`,`email`,`phone`)
) ENGINE=InnoDB AUTO_INCREMENT=4 DEFAULT CHARSET=utf8mb4 COLLATE=utf8mb4_unicode_ci;

-- Dumping data for table mmzweb.memberships: ~1 rows (approximately)
/*!40000 ALTER TABLE `memberships` DISABLE KEYS */;
INSERT INTO `memberships` (`id`, `display_name`, `username`, `email`, `phone`, `password`, `address`, `images`, `gender`, `is_active`, `email_verified_at`, `remember_token`, `created_at`, `updated_at`) VALUES
	(1, 'ĐINH NGỌC MINH', 'minhdz', 'minh171112b@gmail.com', '0334063808', '$2y$10$LEXy1OONcLWwq0VgWBoQbuiTtgNh8UhO/OJMOPdWvyFTGHTh35sE2', 'Hải Dương', NULL, NULL, 1, NULL, NULL, NULL, NULL);
/*!40000 ALTER TABLE `memberships` ENABLE KEYS */;

-- Dumping structure for table mmzweb.menus
CREATE TABLE IF NOT EXISTS `menus` (
  `id` bigint(20) unsigned NOT NULL AUTO_INCREMENT,
  `title` varchar(191) COLLATE utf8mb4_unicode_ci NOT NULL,
  `is_active` bigint(20) NOT NULL DEFAULT 1,
  `id_position` bigint(20) unsigned NOT NULL,
  `created_at` timestamp NULL DEFAULT NULL,
  `updated_at` timestamp NULL DEFAULT NULL,
  PRIMARY KEY (`id`),
  UNIQUE KEY `menus_title_unique` (`title`),
  KEY `menus_id_position_foreign` (`id_position`),
  CONSTRAINT `menus_id_position_foreign` FOREIGN KEY (`id_position`) REFERENCES `menu_positions` (`id`) ON DELETE CASCADE ON UPDATE CASCADE
) ENGINE=InnoDB AUTO_INCREMENT=2 DEFAULT CHARSET=utf8mb4 COLLATE=utf8mb4_unicode_ci;

-- Dumping data for table mmzweb.menus: ~0 rows (approximately)
/*!40000 ALTER TABLE `menus` DISABLE KEYS */;
INSERT INTO `menus` (`id`, `title`, `is_active`, `id_position`, `created_at`, `updated_at`) VALUES
	(1, 'primary-menu', 1, 1, '2022-06-02 15:25:36', '2022-06-02 15:25:36');
/*!40000 ALTER TABLE `menus` ENABLE KEYS */;

-- Dumping structure for table mmzweb.menu_items
CREATE TABLE IF NOT EXISTS `menu_items` (
  `id` bigint(20) unsigned NOT NULL AUTO_INCREMENT,
  `title` varchar(191) COLLATE utf8mb4_unicode_ci NOT NULL,
  `slug` varchar(191) COLLATE utf8mb4_unicode_ci NOT NULL,
  `menu_id` bigint(20) unsigned NOT NULL,
  `menu_type` varchar(191) COLLATE utf8mb4_unicode_ci DEFAULT NULL,
  `sort` bigint(20) NOT NULL DEFAULT 0,
  `parent_id` bigint(20) NOT NULL DEFAULT 0,
  `created_at` timestamp NULL DEFAULT NULL,
  `updated_at` timestamp NULL DEFAULT NULL,
  PRIMARY KEY (`id`),
  KEY `menu_items_menu_id_foreign` (`menu_id`),
  CONSTRAINT `menu_items_menu_id_foreign` FOREIGN KEY (`menu_id`) REFERENCES `menus` (`id`) ON DELETE CASCADE ON UPDATE CASCADE
) ENGINE=InnoDB AUTO_INCREMENT=29 DEFAULT CHARSET=utf8mb4 COLLATE=utf8mb4_unicode_ci;

-- Dumping data for table mmzweb.menu_items: ~8 rows (approximately)
/*!40000 ALTER TABLE `menu_items` DISABLE KEYS */;
INSERT INTO `menu_items` (`id`, `title`, `slug`, `menu_id`, `menu_type`, `sort`, `parent_id`, `created_at`, `updated_at`) VALUES
	(1, 'Trang Chủ', '/', 1, 'link', 0, 0, '2022-06-02 15:25:55', '2022-06-20 21:24:47'),
	(2, 'Contact', '/contact', 1, 'link', 16, 0, '2022-06-14 23:31:32', '2022-06-20 21:24:48'),
	(3, 'Sản Phẩm', '#', 1, 'link', 1, 0, '2022-06-16 10:59:47', '2022-06-20 21:24:47'),
	(8, 'Bài viết', 'bai-viet', 1, 'link', 14, 0, '2022-06-16 11:02:58', '2022-07-01 00:07:52'),
	(18, 'Xe Honda', '/xe-honda.htm', 1, 'product-category', 2, 3, '2022-06-20 21:21:25', '2022-06-20 21:24:47'),
	(23, 'Xe Yamaha', '/xe-yamaha.htm', 1, 'product-category', 7, 3, '2022-06-20 21:21:25', '2022-06-20 21:24:47'),
	(26, 'Xe Sonic', '/xe-sonic.htm', 1, 'product-category', 12, 3, '2022-06-20 21:21:26', '2022-06-20 21:24:47'),
	(28, 'Xe Ducati', '/xe-ducati.htm', 1, 'product-category', 10, 3, '2022-06-20 21:21:26', '2022-06-20 21:24:47');
/*!40000 ALTER TABLE `menu_items` ENABLE KEYS */;

-- Dumping structure for table mmzweb.menu_positions
CREATE TABLE IF NOT EXISTS `menu_positions` (
  `id` bigint(20) unsigned NOT NULL AUTO_INCREMENT,
  `title` varchar(191) COLLATE utf8mb4_unicode_ci NOT NULL,
  `slug` varchar(191) COLLATE utf8mb4_unicode_ci NOT NULL,
  `is_active` bigint(20) NOT NULL DEFAULT 1,
  `created_at` timestamp NULL DEFAULT NULL,
  `updated_at` timestamp NULL DEFAULT NULL,
  PRIMARY KEY (`id`),
  UNIQUE KEY `menu_positions_title_slug_unique` (`title`,`slug`)
) ENGINE=InnoDB AUTO_INCREMENT=2 DEFAULT CHARSET=utf8mb4 COLLATE=utf8mb4_unicode_ci;

-- Dumping data for table mmzweb.menu_positions: ~0 rows (approximately)
/*!40000 ALTER TABLE `menu_positions` DISABLE KEYS */;
INSERT INTO `menu_positions` (`id`, `title`, `slug`, `is_active`, `created_at`, `updated_at`) VALUES
	(1, 'header', 'header', 1, '2022-06-02 15:25:04', '2022-06-02 15:25:04');
/*!40000 ALTER TABLE `menu_positions` ENABLE KEYS */;

-- Dumping structure for table mmzweb.migrations
CREATE TABLE IF NOT EXISTS `migrations` (
  `id` int(10) unsigned NOT NULL AUTO_INCREMENT,
  `migration` varchar(191) COLLATE utf8mb4_unicode_ci NOT NULL,
  `batch` int(11) NOT NULL,
  PRIMARY KEY (`id`)
) ENGINE=InnoDB AUTO_INCREMENT=34 DEFAULT CHARSET=utf8mb4 COLLATE=utf8mb4_unicode_ci;

-- Dumping data for table mmzweb.migrations: ~33 rows (approximately)
/*!40000 ALTER TABLE `migrations` DISABLE KEYS */;
INSERT INTO `migrations` (`id`, `migration`, `batch`) VALUES
	(1, '2014_10_12_000000_create_users_table', 1),
	(2, '2014_10_12_100000_create_password_resets_table', 1),
	(3, '2017_09_01_000000_create_authentication_log_table', 1),
	(4, '2019_08_19_000000_create_failed_jobs_table', 1),
	(5, '2019_12_14_000001_create_personal_access_tokens_table', 1),
	(6, '2021_12_03_145330_create_settings_table', 1),
	(7, '2021_12_03_172108_create_categories_table', 1),
	(8, '2021_12_03_172907_create_blogs_table', 1),
	(9, '2021_12_03_173125_create_category_blogs_table', 1),
	(10, '2021_12_24_073630_create_page_table', 1),
	(11, '2022_01_03_130706_create_slide_table', 1),
	(12, '2022_01_03_153042_create_banner_table', 1),
	(13, '2022_03_02_074628_create_permission_tables', 1),
	(14, '2022_03_04_082431_create_memberships_table', 1),
	(15, '2022_03_04_133327_create_products_table', 1),
	(16, '2022_03_04_134827_create_product_category_table', 1),
	(17, '2022_03_17_080140_create_menu_positions_table', 1),
	(18, '2022_03_17_080152_create_menus_table', 1),
	(19, '2022_03_17_080941_create_menu_items_table', 1),
	(20, '2022_03_24_154135_create_videos_table', 1),
	(21, '2022_03_24_222047_create_video_category_table', 1),
	(22, '2022_04_11_223731_create_action_history_user_table', 1),
	(23, '2022_04_12_005705_create_posts_table', 1),
	(24, '2022_04_12_005815_create_category_posts_table', 1),
	(25, '2022_04_14_145105_create_product_attributes_table', 1),
	(26, '2022_04_14_145222_create_product_attribute_item_table', 1),
	(27, '2022_04_15_120255_create_product_brands_table', 1),
	(28, '2022_04_15_124640_create_product_attribute_data_table', 1),
	(29, '2022_06_21_131431_create_comments_table', 1),
	(30, '2022_06_21_161957_create_shipping_table', 1),
	(31, '2022_06_24_095359_create_payment_table', 1),
	(32, '2022_06_24_095514_create_orders_table', 1),
	(33, '2022_06_24_095603_create_order_details_table', 1);
/*!40000 ALTER TABLE `migrations` ENABLE KEYS */;

-- Dumping structure for table mmzweb.model_has_permissions
CREATE TABLE IF NOT EXISTS `model_has_permissions` (
  `permission_id` bigint(20) unsigned NOT NULL,
  `model_type` varchar(191) COLLATE utf8mb4_unicode_ci NOT NULL,
  `model_id` bigint(20) unsigned NOT NULL,
  PRIMARY KEY (`permission_id`,`model_id`,`model_type`),
  KEY `model_has_permissions_model_id_model_type_index` (`model_id`,`model_type`),
  CONSTRAINT `model_has_permissions_permission_id_foreign` FOREIGN KEY (`permission_id`) REFERENCES `permissions` (`id`) ON DELETE CASCADE
) ENGINE=InnoDB DEFAULT CHARSET=utf8mb4 COLLATE=utf8mb4_unicode_ci;

-- Dumping data for table mmzweb.model_has_permissions: ~0 rows (approximately)
/*!40000 ALTER TABLE `model_has_permissions` DISABLE KEYS */;
/*!40000 ALTER TABLE `model_has_permissions` ENABLE KEYS */;

-- Dumping structure for table mmzweb.model_has_roles
CREATE TABLE IF NOT EXISTS `model_has_roles` (
  `role_id` bigint(20) unsigned NOT NULL,
  `model_type` varchar(191) COLLATE utf8mb4_unicode_ci NOT NULL,
  `model_id` bigint(20) unsigned NOT NULL,
  PRIMARY KEY (`role_id`,`model_id`,`model_type`),
  KEY `model_has_roles_model_id_model_type_index` (`model_id`,`model_type`),
  CONSTRAINT `model_has_roles_role_id_foreign` FOREIGN KEY (`role_id`) REFERENCES `roles` (`id`) ON DELETE CASCADE
) ENGINE=InnoDB DEFAULT CHARSET=utf8mb4 COLLATE=utf8mb4_unicode_ci;

-- Dumping data for table mmzweb.model_has_roles: ~0 rows (approximately)
/*!40000 ALTER TABLE `model_has_roles` DISABLE KEYS */;
INSERT INTO `model_has_roles` (`role_id`, `model_type`, `model_id`) VALUES
	(1, 'App\\Models\\User', 1);
/*!40000 ALTER TABLE `model_has_roles` ENABLE KEYS */;

-- Dumping structure for table mmzweb.orders
CREATE TABLE IF NOT EXISTS `orders` (
  `id` bigint(20) unsigned NOT NULL AUTO_INCREMENT,
  `code` varchar(191) COLLATE utf8mb4_unicode_ci NOT NULL,
  `id_shipping` bigint(20) NOT NULL DEFAULT 0,
  `id_payment` bigint(20) NOT NULL DEFAULT 0,
  `total` varchar(191) COLLATE utf8mb4_unicode_ci NOT NULL,
  `status` tinyint(3) unsigned NOT NULL DEFAULT 1,
  `id_member` bigint(20) unsigned NOT NULL DEFAULT 0,
  `date` timestamp NOT NULL,
  `notes` text COLLATE utf8mb4_unicode_ci DEFAULT NULL,
  `created_at` timestamp NULL DEFAULT NULL,
  `updated_at` timestamp NULL DEFAULT NULL,
  PRIMARY KEY (`id`),
  UNIQUE KEY `orders_code_unique` (`code`),
  KEY `orders_id_member_foreign` (`id_member`),
  CONSTRAINT `orders_id_member_foreign` FOREIGN KEY (`id_member`) REFERENCES `memberships` (`id`) ON DELETE CASCADE
) ENGINE=InnoDB AUTO_INCREMENT=23 DEFAULT CHARSET=utf8mb4 COLLATE=utf8mb4_unicode_ci;

-- Dumping data for table mmzweb.orders: ~0 rows (approximately)
/*!40000 ALTER TABLE `orders` DISABLE KEYS */;
INSERT INTO `orders` (`id`, `code`, `id_shipping`, `id_payment`, `total`, `status`, `id_member`, `date`, `notes`, `created_at`, `updated_at`) VALUES
	(19, 'PDL9DOHZ9V', 22, 1, '999,999,999.00', 0, 1, '2022-06-29 22:32:39', 'quà sinh nhật', NULL, NULL),
	(20, 'PDKN8FFQIY', 23, 1, '3,120,279,997.00', 0, 1, '2022-06-30 09:35:05', 'giao nhanh', NULL, NULL),
	(21, 'PD7JDMTAO1', 24, 1, '1,240,559,999.00', 0, 1, '2022-07-01 10:48:00', NULL, NULL, NULL),
	(22, 'PD1GALU8VC', 25, 1, '2,120,279,998.00', 1, 1, '2022-07-02 08:36:05', 'ok', NULL, NULL);
/*!40000 ALTER TABLE `orders` ENABLE KEYS */;

-- Dumping structure for table mmzweb.order_details
CREATE TABLE IF NOT EXISTS `order_details` (
  `id` bigint(20) unsigned NOT NULL AUTO_INCREMENT,
  `id_order` bigint(20) unsigned NOT NULL,
  `id_product` bigint(20) NOT NULL,
  `name_product` varchar(191) COLLATE utf8mb4_unicode_ci NOT NULL,
  `price_product` bigint(20) NOT NULL,
  `quantity_product` bigint(20) NOT NULL,
  `created_at` timestamp NULL DEFAULT NULL,
  `updated_at` timestamp NULL DEFAULT NULL,
  PRIMARY KEY (`id`),
  KEY `order_details_id_order_foreign` (`id_order`),
  CONSTRAINT `order_details_id_order_foreign` FOREIGN KEY (`id_order`) REFERENCES `orders` (`id`) ON DELETE CASCADE
) ENGINE=InnoDB AUTO_INCREMENT=27 DEFAULT CHARSET=utf8mb4 COLLATE=utf8mb4_unicode_ci;

-- Dumping data for table mmzweb.order_details: ~7 rows (approximately)
/*!40000 ALTER TABLE `order_details` DISABLE KEYS */;
INSERT INTO `order_details` (`id`, `id_order`, `id_product`, `name_product`, `price_product`, `quantity_product`, `created_at`, `updated_at`) VALUES
	(20, 19, 1, 'CBR 1000RR-SP', 999999999, 1, NULL, NULL),
	(21, 20, 1, 'CBR 1000RR-SP', 999999999, 3, NULL, NULL),
	(22, 20, 25, 'FZ6R 2019', 120280000, 1, NULL, NULL),
	(23, 21, 1, 'CBR 1000RR-SP', 999999999, 1, NULL, NULL),
	(24, 21, 25, 'FZ6R 2019', 120280000, 2, NULL, NULL),
	(25, 22, 1, 'CBR 1000RR-SP', 999999999, 2, NULL, NULL),
	(26, 22, 25, 'FZ6R 2019', 120280000, 1, NULL, NULL);
/*!40000 ALTER TABLE `order_details` ENABLE KEYS */;

-- Dumping structure for table mmzweb.pages
CREATE TABLE IF NOT EXISTS `pages` (
  `id` bigint(20) unsigned NOT NULL AUTO_INCREMENT,
  `title` varchar(191) COLLATE utf8mb4_unicode_ci DEFAULT NULL,
  `slug` varchar(191) COLLATE utf8mb4_unicode_ci NOT NULL,
  `content` text COLLATE utf8mb4_unicode_ci DEFAULT NULL,
  `overview` text COLLATE utf8mb4_unicode_ci DEFAULT NULL,
  `page_type` bigint(20) NOT NULL DEFAULT 0,
  `images` varchar(191) COLLATE utf8mb4_unicode_ci DEFAULT NULL,
  `is_active` tinyint(3) unsigned NOT NULL DEFAULT 1,
  `is_hot` tinyint(3) unsigned NOT NULL DEFAULT 0,
  `id_user` bigint(20) unsigned NOT NULL DEFAULT 0,
  `created_at` timestamp NULL DEFAULT NULL,
  `updated_at` timestamp NULL DEFAULT NULL,
  PRIMARY KEY (`id`),
  UNIQUE KEY `pages_title_slug_unique` (`title`,`slug`),
  KEY `pages_id_user_foreign` (`id_user`),
  CONSTRAINT `pages_id_user_foreign` FOREIGN KEY (`id_user`) REFERENCES `users` (`id`) ON DELETE CASCADE
) ENGINE=InnoDB DEFAULT CHARSET=utf8mb4 COLLATE=utf8mb4_unicode_ci;

-- Dumping data for table mmzweb.pages: ~0 rows (approximately)
/*!40000 ALTER TABLE `pages` DISABLE KEYS */;
/*!40000 ALTER TABLE `pages` ENABLE KEYS */;

-- Dumping structure for table mmzweb.password_resets
CREATE TABLE IF NOT EXISTS `password_resets` (
  `email` varchar(191) COLLATE utf8mb4_unicode_ci NOT NULL,
  `token` varchar(191) COLLATE utf8mb4_unicode_ci NOT NULL,
  `created_at` timestamp NULL DEFAULT NULL,
  KEY `password_resets_email_index` (`email`)
) ENGINE=InnoDB DEFAULT CHARSET=utf8mb4 COLLATE=utf8mb4_unicode_ci;

-- Dumping data for table mmzweb.password_resets: ~0 rows (approximately)
/*!40000 ALTER TABLE `password_resets` DISABLE KEYS */;
/*!40000 ALTER TABLE `password_resets` ENABLE KEYS */;

-- Dumping structure for table mmzweb.payment
CREATE TABLE IF NOT EXISTS `payment` (
  `id` bigint(20) unsigned NOT NULL AUTO_INCREMENT,
  `method` varchar(191) COLLATE utf8mb4_unicode_ci NOT NULL,
  `status` bigint(20) unsigned NOT NULL DEFAULT 1,
  `id_user` bigint(20) unsigned NOT NULL DEFAULT 0,
  `created_at` timestamp NULL DEFAULT NULL,
  `updated_at` timestamp NULL DEFAULT NULL,
  PRIMARY KEY (`id`),
  KEY `payment_id_user_foreign` (`id_user`),
  CONSTRAINT `payment_id_user_foreign` FOREIGN KEY (`id_user`) REFERENCES `users` (`id`) ON DELETE CASCADE
) ENGINE=InnoDB AUTO_INCREMENT=2 DEFAULT CHARSET=utf8mb4 COLLATE=utf8mb4_unicode_ci;

-- Dumping data for table mmzweb.payment: ~0 rows (approximately)
/*!40000 ALTER TABLE `payment` DISABLE KEYS */;
INSERT INTO `payment` (`id`, `method`, `status`, `id_user`, `created_at`, `updated_at`) VALUES
	(1, 'Giao hàng và thu tiền tại nhà', 1, 1, '2022-06-27 23:58:50', '2022-06-27 23:58:50');
/*!40000 ALTER TABLE `payment` ENABLE KEYS */;

-- Dumping structure for table mmzweb.permissions
CREATE TABLE IF NOT EXISTS `permissions` (
  `id` bigint(20) unsigned NOT NULL AUTO_INCREMENT,
  `name` varchar(191) COLLATE utf8mb4_unicode_ci NOT NULL,
  `guard_name` varchar(191) COLLATE utf8mb4_unicode_ci NOT NULL,
  `group` varchar(191) COLLATE utf8mb4_unicode_ci NOT NULL,
  `display_name` varchar(191) COLLATE utf8mb4_unicode_ci NOT NULL,
  `group_name` varchar(191) COLLATE utf8mb4_unicode_ci NOT NULL,
  `created_at` timestamp NULL DEFAULT NULL,
  `updated_at` timestamp NULL DEFAULT NULL,
  PRIMARY KEY (`id`)
) ENGINE=InnoDB AUTO_INCREMENT=42 DEFAULT CHARSET=utf8mb4 COLLATE=utf8mb4_unicode_ci;

-- Dumping data for table mmzweb.permissions: ~41 rows (approximately)
/*!40000 ALTER TABLE `permissions` DISABLE KEYS */;
INSERT INTO `permissions` (`id`, `name`, `guard_name`, `group`, `display_name`, `group_name`, `created_at`, `updated_at`) VALUES
	(1, 'post-list', 'admin', 'roles', 'Xem bài viết', 'Quản lý bài viết', '2022-06-27 23:39:08', '2022-06-27 23:39:08'),
	(2, 'post-create', 'admin', 'roles', 'Thêm bài viết', 'Quản lý bài viết', '2022-06-27 23:39:08', '2022-06-27 23:39:08'),
	(3, 'post-update', 'admin', 'roles', 'Sửa bài viết', 'Quản lý bài viết', '2022-06-27 23:39:09', '2022-06-27 23:39:09'),
	(4, 'post-delete', 'admin', 'roles', 'Xóa bài viết', 'Quản lý bài viết', '2022-06-27 23:39:09', '2022-06-27 23:39:09'),
	(5, 'post-category-list', 'admin', 'roles', 'Xem danh mục bài viết', 'Danh mục bài viết', '2022-06-27 23:39:09', '2022-06-27 23:39:09'),
	(6, 'post-category-create', 'admin', 'roles', 'Thêm danh mục bài viết', 'Danh mục bài viết', '2022-06-27 23:39:09', '2022-06-27 23:39:09'),
	(7, 'post-category-update', 'admin', 'roles', 'Sửa danh mục bài viết', 'Danh mục bài viết', '2022-06-27 23:39:09', '2022-06-27 23:39:09'),
	(8, 'post-category-delete', 'admin', 'roles', 'Xóa danh mục bài viết', 'Danh mục bài viết', '2022-06-27 23:39:09', '2022-06-27 23:39:09'),
	(9, 'page-list', 'admin', 'roles', 'Xem trang tĩnh', 'Quản lý trang tĩnh', '2022-06-27 23:39:09', '2022-06-27 23:39:09'),
	(10, 'page-create', 'admin', 'roles', 'Thêm trang tĩnh', 'Quản lý trang tĩnh', '2022-06-27 23:39:09', '2022-06-27 23:39:09'),
	(11, 'page-update', 'admin', 'roles', 'Sửa trang tĩnh', 'Quản lý trang tĩnh', '2022-06-27 23:39:09', '2022-06-27 23:39:09'),
	(12, 'page-delete', 'admin', 'roles', 'Xóa trang tĩnh', 'Quản lý trang tĩnh', '2022-06-27 23:39:09', '2022-06-27 23:39:09'),
	(13, 'media-list', 'admin', 'roles', 'Xem thư viện', 'Quản lý thư viện', '2022-06-27 23:39:09', '2022-06-27 23:39:09'),
	(14, 'product-order-list', 'admin', 'roles', 'Xem đơn hàng', 'Quản lý đơn hàng', '2022-06-27 23:39:09', '2022-06-27 23:39:09'),
	(15, 'product-order-update', 'admin', 'roles', 'Cập nhật đơn hàng', 'Quản lý đơn hàng', '2022-06-27 23:39:09', '2022-06-27 23:39:09'),
	(16, 'product-order-delete', 'admin', 'roles', 'Xóa đơn hàng', 'Quản lý đơn hàng', '2022-06-27 23:39:09', '2022-06-27 23:39:09'),
	(17, 'theme-list', 'admin', 'roles', 'Quản lý giao diện', 'Quản lý giao diện', '2022-06-27 23:39:09', '2022-06-27 23:39:09'),
	(18, 'theme-menu', 'admin', 'roles', 'Quản lý menu', 'Quản lý giao diện', '2022-06-27 23:39:09', '2022-06-27 23:39:09'),
	(19, 'theme-slide', 'admin', 'roles', 'Quản lý trình diễn ảnh', 'Quản lý giao diện', '2022-06-27 23:39:09', '2022-06-27 23:39:09'),
	(20, 'theme-banner', 'admin', 'roles', 'Quản lý banner', 'Quản lý giao diện', '2022-06-27 23:39:09', '2022-06-27 23:39:09'),
	(21, 'comment-list', 'admin', 'roles', 'Xem bình luận', 'Quản lý bình luận', '2022-06-27 23:39:09', '2022-06-27 23:39:09'),
	(22, 'comment-update', 'admin', 'roles', 'Sửa bình luận', 'Quản lý bình luận', '2022-06-27 23:39:10', '2022-06-27 23:39:10'),
	(23, 'comment-delete', 'admin', 'roles', 'Xoá bình luận', 'Quản lý bình luận', '2022-06-27 23:39:10', '2022-06-27 23:39:10'),
	(24, 'payment-list', 'admin', 'roles', 'Xem ví điện tử', 'Quản lý ví điện tử', '2022-06-27 23:39:10', '2022-06-27 23:39:10'),
	(25, 'payment-update', 'admin', 'roles', 'Sửa ví điện tử', 'Quản lý ví điện tử', '2022-06-27 23:39:10', '2022-06-27 23:39:10'),
	(26, 'payment-delete', 'admin', 'roles', 'Xóa ví điện tử', 'Quản lý ví điện tử', '2022-06-27 23:39:10', '2022-06-27 23:39:10'),
	(27, 'partner-list', 'admin', 'roles', 'Xem đối tác kết nối', 'Quản lý đối tác', '2022-06-27 23:39:10', '2022-06-27 23:39:10'),
	(28, 'partner-create', 'admin', 'roles', 'Thêm đối tác mới', 'Quản lý đối tác', '2022-06-27 23:39:10', '2022-06-27 23:39:10'),
	(29, 'partner-update', 'admin', 'roles', 'Sửa đối tác', 'Quản lý đối tác', '2022-06-27 23:39:10', '2022-06-27 23:39:10'),
	(30, 'partner-history', 'admin', 'roles', 'Xoá đối tác', 'Quản lý đối tác', '2022-06-27 23:39:10', '2022-06-27 23:39:10'),
	(31, 'user-list', 'admin', 'roles', 'Xem tài khoản', 'Quản lý tài khoản', '2022-06-27 23:39:10', '2022-06-27 23:39:10'),
	(32, 'user-create', 'admin', 'roles', 'Thêm tài khoản mới', 'Quản lý tài khoản', '2022-06-27 23:39:10', '2022-06-27 23:39:10'),
	(33, 'user-update', 'admin', 'roles', 'Sửa tài khoản', 'Quản lý tài khoản', '2022-06-27 23:39:10', '2022-06-27 23:39:10'),
	(34, 'user-history', 'admin', 'roles', 'Xoá tài khoản', 'Quản lý tài khoản', '2022-06-27 23:39:10', '2022-06-27 23:39:10'),
	(35, 'role-list', 'admin', 'roles', 'Xem phần quyền', 'Phân quyền', '2022-06-27 23:39:10', '2022-06-27 23:39:10'),
	(36, 'role-create', 'admin', 'roles', 'Thêm phần quyền', 'Phân quyền tài khoản', '2022-06-27 23:39:10', '2022-06-27 23:39:10'),
	(37, 'role-update', 'admin', 'roles', 'Sửa phần quyền', 'Phân quyền tài khoản', '2022-06-27 23:39:10', '2022-06-27 23:39:10'),
	(38, 'role-delete', 'admin', 'roles', 'Xóa phần quyền', 'Phân quyền tài khoản', '2022-06-27 23:39:10', '2022-06-27 23:39:10'),
	(39, 'history-list', 'admin', 'roles', 'Xem lịch sử đăng nhập', 'Lịch sử tài khoản', '2022-06-27 23:39:10', '2022-06-27 23:39:10'),
	(40, 'history-delete', 'admin', 'roles', 'Xóa lịch sử đăng nhập', 'Lịch sử tài khoản', '2022-06-27 23:39:11', '2022-06-27 23:39:11'),
	(41, 'setting-list', 'admin', 'roles', 'Cài đặt hệ thống', 'Cài đặt', '2022-06-27 23:39:11', '2022-06-27 23:39:11');
/*!40000 ALTER TABLE `permissions` ENABLE KEYS */;

-- Dumping structure for table mmzweb.personal_access_tokens
CREATE TABLE IF NOT EXISTS `personal_access_tokens` (
  `id` bigint(20) unsigned NOT NULL AUTO_INCREMENT,
  `tokenable_type` varchar(191) COLLATE utf8mb4_unicode_ci NOT NULL,
  `tokenable_id` bigint(20) unsigned NOT NULL,
  `name` varchar(191) COLLATE utf8mb4_unicode_ci NOT NULL,
  `token` varchar(64) COLLATE utf8mb4_unicode_ci NOT NULL,
  `abilities` text COLLATE utf8mb4_unicode_ci DEFAULT NULL,
  `last_used_at` timestamp NULL DEFAULT NULL,
  `created_at` timestamp NULL DEFAULT NULL,
  `updated_at` timestamp NULL DEFAULT NULL,
  PRIMARY KEY (`id`),
  UNIQUE KEY `personal_access_tokens_token_unique` (`token`),
  KEY `personal_access_tokens_tokenable_type_tokenable_id_index` (`tokenable_type`,`tokenable_id`)
) ENGINE=InnoDB DEFAULT CHARSET=utf8mb4 COLLATE=utf8mb4_unicode_ci;

-- Dumping data for table mmzweb.personal_access_tokens: ~0 rows (approximately)
/*!40000 ALTER TABLE `personal_access_tokens` DISABLE KEYS */;
/*!40000 ALTER TABLE `personal_access_tokens` ENABLE KEYS */;

-- Dumping structure for table mmzweb.posts
CREATE TABLE IF NOT EXISTS `posts` (
  `id` bigint(20) unsigned NOT NULL AUTO_INCREMENT,
  `title` varchar(191) COLLATE utf8mb4_unicode_ci NOT NULL,
  `slug` varchar(191) COLLATE utf8mb4_unicode_ci NOT NULL,
  `content` text COLLATE utf8mb4_unicode_ci DEFAULT NULL,
  `overview` text COLLATE utf8mb4_unicode_ci DEFAULT NULL,
  `images` varchar(191) COLLATE utf8mb4_unicode_ci DEFAULT NULL,
  `is_active` tinyint(3) unsigned NOT NULL DEFAULT 1,
  `is_sort` tinyint(3) unsigned NOT NULL DEFAULT 1,
  `is_hot` tinyint(3) unsigned NOT NULL DEFAULT 0,
  `id_user` bigint(20) unsigned NOT NULL DEFAULT 0,
  `view` bigint(20) DEFAULT NULL,
  `is_index` bigint(20) unsigned NOT NULL DEFAULT 0,
  `cate_product_id` varchar(191) COLLATE utf8mb4_unicode_ci DEFAULT NULL,
  `id_tag` varchar(191) COLLATE utf8mb4_unicode_ci DEFAULT NULL,
  `created_at` timestamp NULL DEFAULT NULL,
  `updated_at` timestamp NULL DEFAULT NULL,
  PRIMARY KEY (`id`),
  UNIQUE KEY `posts_title_slug_unique` (`title`,`slug`),
  KEY `posts_id_user_foreign` (`id_user`),
  CONSTRAINT `posts_id_user_foreign` FOREIGN KEY (`id_user`) REFERENCES `users` (`id`) ON DELETE CASCADE
) ENGINE=InnoDB AUTO_INCREMENT=7 DEFAULT CHARSET=utf8mb4 COLLATE=utf8mb4_unicode_ci;

-- Dumping data for table mmzweb.posts: ~5 rows (approximately)
/*!40000 ALTER TABLE `posts` DISABLE KEYS */;
INSERT INTO `posts` (`id`, `title`, `slug`, `content`, `overview`, `images`, `is_active`, `is_sort`, `is_hot`, `id_user`, `view`, `is_index`, `cate_product_id`, `id_tag`, `created_at`, `updated_at`) VALUES
	(1, 'Honda Việt Nam giới thiệu Air Blade thế hệ mới 2023 - TIÊN PHONG MÃNH LỰC', 'honda-viet-nam-gioi-thieu-air-blade-the-he-moi-2023-tien-phong-manh-luc', '<div class="editable">\r\n            <p>&nbsp;</p>\r\n<p style="text-align:justify;line-height:normal;margin:12pt 0in 6pt 0in;"><strong><em><span style="font-size:12pt;font-family:Arial, sans-serif;">Thành phố Hồ Chí Minh, ngày 20 tháng 5 năm 2022, Công ty Honda Việt Nam (HVN) giới thiệu phiên bản hoàn toàn mới Air Blade 160cc/125cc. </span></em></strong></p>\r\n<p style="text-align:justify;line-height:normal;margin:6pt 0in 6pt 0in;"><em><span style="font-size:12pt;font-family:Arial, sans-serif;">Được HVN ra mắt lần đầu tiên vào tháng 4/2007, dòng xe </span></em><em><span style="font-size:12pt;font-family:Arial, sans-serif;background:#FFFFFF;">Honda Air Blade đã chứng tỏ được sức hút của mình nhờ những ưu điểm về thiết kế ưu việt, độ bền bỉ cao, luôn cải tiến theo xu hướng thị trường nhằm </span></em><em><span style="font-size:12pt;font-family:Arial, sans-serif;">gia tăng giá trị sở hữu cho từng khách hàng</span></em><em><span style="font-size:12pt;font-family:Arial, sans-serif;background:#FFFFFF;">. </span></em><em><span style="font-size:12pt;font-family:Arial, sans-serif;">Mẫu xe được coi là bước ngoặt thú vị của Honda lúc bấy giờ với phong cách thiết kế thể thao ấn tượng, tập trung vào đối tượng khách hàng nam giới, những người luôn khao khát khẳng định vị thế của mình. </span></em></p>\r\n<p style="text-align:justify;line-height:normal;margin:6pt 0in 6pt 0in;"><em><span style="font-size:12pt;font-family:Arial, sans-serif;">Hành trình Air Blade được đánh dấu một cột mốc mới khi năm 2019, HVN đã thay đổi hoàn toàn thiết kế của Air Blade và bổ sung phiên bản 150cc với đầy đủ tiện nghi nhằm khẳng định nỗ lực không ngừng nghỉ của Honda trong việc lắng nghe nhu cầu và tâm lý của người sử dụng. </span></em></p>\r\n<p style="text-align:justify;line-height:normal;margin:6pt 0in 6pt 0in;"><em><span style="font-size:12pt;font-family:Arial, sans-serif;">Vào ngày 20 tháng 5 năm 2022, để thỏa mãn những khao khát của khách hàng trong xu thế thời đại mới, HVN tự hào chính thức cho ra đời thế hệ thứ 6 của mẫu xe Air Blade tới thị trường Việt Nam với hy vọng đưa mẫu xe vượt lên trên mọi mong đợi của khách hàng, tiếp tục ghi dấu ấn xứng tầm với thương hiệu bán chạy hàng đầu trong phân khúc.</span></em></p>\r\n<p style="text-align:justify;line-height:normal;margin:6pt 0in 6pt 0in;"><strong><em><span style="font-size:12pt;font-family:Arial, sans-serif;color:#0070c0;">Động cơ eSP+ vượt trội hàng đầu trên cả hai phiên bản 160cc &amp; 125cc</span></em></strong></p>\r\n<p style="text-align:justify;"><em><span style="font-size:12pt;line-height:115%;font-family:Arial, sans-serif;">Air Blade 160cc/125cc đều sử dụng động cơ eSP+, 4 van được thiết kế với hệ thống phun xăng điện tử PGM-FI 4 kỳ, xy lanh đơn, làm mát bằng dung dịch, đạt tiêu chuẩn khí thải Euro 3 thiết kế nhỏ gọn, tích hợp nhiều công nghệ tiên tiến bậc nhất.</span></em><em><span style="font-size:12pt;line-height:115%;font-family:Arial, sans-serif;"> Mức công suất phiên bản Air Blade mới sở hữu cũng vượt trội hơn so với những phiên bản tiền nhiệm nhờ áp dụng hệ thống 4 van thế hệ mới, với đường kính van được mở rộng, giúp tăng hiệu suất nạp của hỗn hợp nhiên liệu và không khí, cùng với hiệu suất xả của khí đốt. Đồng thời, việc làm ngắn hành trình van cũng giúp giảm lực cản do ma sát trong quá trình hoạt động. Ngoài ra, động cơ còn được trang bị hệ thống tăng xích cam thủy lực. Lực tì ổn định từ hệ thống tăng thủy lực giúp cho xích cam luôn duy trì được trạng thái hoạt động tốt nhất. Điều này giúp giảm ma sát, tiếng ồn và độ rung khi động cơ phải hoạt động ở cường độ cao, góp phần nâng cao hiệu quả sử dụng nhiên liệu. Bên cạnh việc nâng cao công suất, cả hai mẫu xe đều được áp dụng bộ giảm thanh và làm sạch không khí chuyên dụng bên trong ống xả để tối ưu hóa hiệu suất tiêu hao nhiên liệu. Thêm vào đó là hệ thống ngắt động cơ tạm thời - idling stop, giúp giảm tiếng ồn, mức tiêu hao nhiên liệu và nâng cao việc bảo vệ môi trường. Cụm động cơ eSP+ 4 van trên phiên bản Air Blade mới nhất chắc chắn sẽ tăng thêm sức mạnh cho Air Blade trên con đường chinh phục khách hàng bằng trải nghiệm cầm lái thực sự khác biệt.</span></em></p>\r\n<p style="text-align:justify;line-height:normal;margin:6pt 0in 6pt 0in;"><strong><em><span style="font-size:12pt;font-family:Arial, sans-serif;color:#0070c0;">Cách mạng động cơ toàn diện</span></em></strong></p>\r\n<p style="text-align:justify;"><em><span style="font-size:12pt;line-height:115%;font-family:Arial, sans-serif;">Điểm nhấn đột phá trên thế hệ Air Blade mới đến từ sự cải tiến mang tính “cách mạng” về động cơ dẫn đầu xu thế. Không những nâng cấp động cơ 125cc, mẫu xe Air Blade thế hệ mới còn mang đến cho khách hàng thêm lựa chọn về dung tích động cơ 160cc cùng khả năng vận hành mạnh mẽ, hứa hẹn sẽ là bạn đồng hành đáng tin cậy cùng khách hàng chinh phục mọi nẻo đường. <span style="color:#000000;">Theo như kết quả thử nghiệm, với vận tốc 40km/h, động cơ 125cc mới có có thể tăng tốc trong 6.2 giây với khoảng cách 100m (nhanh hơn 0.2 giây so với phiên bản tiền nhiệm). Khả năng leo quãng dốc 50m khi chở người phía </span>sau, dốc nghiêng <span style="color:#000000;">10 độ đạt 5.9 giây. Đặc biệt, động cơ 160cc có khả năng tăng tốc ưu việt với chỉ 5.9 giây để tăng tốc từ 0-100m bằng vận tốc </span>từ 40km/h (nhanh hơn 0.3 giây so với phiên bản 150cc). Khả năng leo dốc khi có người ngồi phía sau với quãng đường 50m, dốc nghiêng 10 độ đạt 5.3 giây. Air Blade 2023 hứa hẹn đem lại hiệu suất động cơ vượt trội, vận hành êm ái và thân thiện hơn với môi trường, đưa người dùng đến với những trải nghiệm lái đẳng cấp chưa từng có.</span></em></p>\r\n<p style="text-align:justify;line-height:normal;margin:6pt 0in 6pt 0in;"><strong><em><span style="font-size:12pt;font-family:Arial, sans-serif;color:#0070c0;">Thiết kế mang đậm ấn tượng về phong cách của một mẫu xe tay ga thể thao năng động </span></em></strong></p>\r\n<p style="text-align:justify;"><em><span style="font-size:12pt;line-height:115%;font-family:Arial, sans-serif;">Kế thừa tinh thần “Kiểu dáng thể thao năng động &amp; hiện đại” từ các phiên bản tiền nhiệm, Air Blade 2023 được HVN trau chuốt tỉ mỉ với phần khung xe đã được tinh chỉnh. Thiết kế từ phần trung tâm đến đuôi xe được tinh chỉnh lại nhằm đem đến một diện mạo hầm hố hơn. Air Blade duy trì được kiểu dáng mạnh mẽ trong khi kích thước thân xe mang nét “thanh thoát và nhỏ gọn”. Sự gọn gàng trong diện mạo chắc chắn sẽ làm người sử dụng hài lòng khi di chuyển trong khu vực nội đô đông đúc hay điều kiện đường nhỏ hẹp.</span></em></p>\r\n<p style="text-align:justify;"><em><span style="font-size:12pt;line-height:115%;font-family:Arial, sans-serif;">Mang đến sự tự hào và thỏa mãn lòng khát khao chinh phục của khách hàng là mục tiêu hàng đầu của HVN khi nghiên cứu và phát triển thiết kế trên phiên bản mới. HVN áp dụng chiến thuật phiên bản và màu sắc khi tập trung hơn vào tính đa dạng qua từng phiên bản. Mỗi phiên bản đều mang nét cá tính riêng nổi bật.</span></em></p>\r\n<p style="text-align:justify;"><em><span style="font-size:12pt;line-height:115%;font-family:Arial, sans-serif;">Phiên bản Air Blade 160cc Tiêu chuẩn mang đến cảm giác sang trọng nhờ tông màu tối xuyên suốt thân xe, điểm xuyết các miếng ốp màu bạc được bố trí hài hòa. Với 3 màu sắc Xanh Xám, Đỏ Xám, Đen Xám, phiên bản này sẽ là lựa chọn tuyệt hảo cho những khách hàng đang tìm kiếm sự “hài hòa và lịch thiệp” trong từng chi tiết.</span></em> <em><span style="font-size:12pt;line-height:115%;font-family:Arial, sans-serif;">Phiên bản 160cc Đặc biệt với tông màu chủ đạo Xanh Xám Đen phủ lên toàn bộ thân xe, cùng điểm nhấn biểu tượng “SP160” đem đến sự hãnh diện cho người sở hữu.</span></em></p>\r\n<p style="text-align:justify;"><em><span style="font-size:12pt;line-height:115%;font-family:Arial, sans-serif;">Với phiên bản Air Blade 125cc Tiêu chuẩn, thân xe được phủ 2 tông màu là sáng và đen vừa hài hòa vừa mang lại sự tương phản kích thích thị giác, từ đó tạo ra hình ảnh một chiếc xe thể thao ấn tượng ngay từ ánh nhìn đầu tiên. Dòng chữ “AB” nổi bật với đường sọc đậm mạnh mẽ càng tôn lên nét cá tính cho chủ sở hữu. Phiên bản có 2 màu sắc trẻ trung gồm: Xanh Đen, Đỏ Đen. Ở Phiên bản 125cc Đặc biệt lại là sự kết hợp màu Đen nhám và Đen bóng<strong>,</strong> cùng chi tiết trang trí logo AB đen vàng giúp nổi bật kiểu dáng thể thao nam tính nhưng không kém phần sang trọng đẳng cấp. </span></em></p>\r\n<p style="text-align:justify;line-height:normal;margin:6pt 0in 6pt 0in;"><strong><em><span style="font-size:12pt;font-family:Arial, sans-serif;color:#0070c0;">Tiện ích vượt trội trên cả hai phiên bản Air Blade 160cc &amp; 125cc</span></em></strong></p>\r\n<p style="margin-bottom:6pt;text-align:justify;"><em><span style="font-size:12pt;line-height:115%;font-family:Arial, sans-serif;color:#000000;">Bên cạnh việc sở hữu khối động cơ mạnh mẽ vượt trội, </span></em><em><span style="font-size:12pt;line-height:115%;font-family:Arial, sans-serif;">phiên bản Air Blade mới <span style="color:#000000;">tự hào được tích hợp nhiều tiện ích vượt trội và cao cấp, góp phần tạo nên đẳng cấp xứng tầm thương hiệu</span></span></em></p>\r\n<p style="text-align:justify;margin:0in 0in 0.0001pt 0.25in;"><span style="font-size:12pt;line-height:115%;font-family:Wingdings;color:#000000;">Ø<span style="font:7pt \'Times New Roman\';">&nbsp; </span></span><em><span style="font-size:12pt;line-height:115%;font-family:Arial, sans-serif;color:#000000;">Cổng sạc USB tiện lợi (Loại A) kèm nắp chống nước cải tiến được trang bị cho cả hai phiên bản </span></em><em><span style="font-size:12pt;line-height:115%;font-family:Arial, sans-serif;">Air Blade <span style="color:#000000;">160cc/125cc. </span></span></em></p>\r\n<p style="text-align:justify;margin:0in 0in 0.0001pt 0.25in;"><span style="font-size:12pt;line-height:115%;font-family:Wingdings;color:#000000;">Ø<span style="font:7pt \'Times New Roman\';">&nbsp; </span></span><em><span style="font-size:12pt;line-height:115%;font-family:Arial, sans-serif;color:#000000;">Hệ thống khóa thông minh Honda SMART Key được đánh giá là một trong những công nghệ tiên tiến nhất trên xe máy hiện nay tại Việt Nam, hệ thống khóa thông minh Honda SMART Key giúp mang lại sự an tâm và tiện ích cao cho người dùng so với chìa khóa truyền thống. Ở mẫu xe Air Blade 160cc/125cc mới, tất cả các phiên bản đều được trang bị công nghệ này và được cải tiến hơn nhờ vận hành đơn giản và ít thao tác làm hài lòng khách hàng khi cần khởi động xe trong thời gian ngắn.</span></em></p>\r\n<p style="text-align:justify;margin:6pt 0in 0.0001pt 0.25in;"><span style="font-size:12pt;line-height:115%;font-family:Wingdings;">Ø<span style="font:7pt \'Times New Roman\';">&nbsp; </span></span><em><span style="font-size:12pt;line-height:115%;font-family:Arial, sans-serif;color:#000000;">Hộc đựng đồ cỡ lớn nhờ vào sự cải tiến về cấu trúc khung xe, phiên bản mới Air Blade </span></em><em><span style="font-size:12pt;line-height:115%;font-family:Arial, sans-serif;">160cc/125cc được nâng cấp với cốp chứa đồ có thể chứa được 2 mũ bảo hiểm thông dụng. Dung tích hộc đồ đạt tới 23,2 lít (tăng 0,5 lít so với phiên bản trước)&nbsp; mà vẫn giữ nguyên được thiết kế thon gọn. Đồng thời ngăn chứa được thiết kế cân đối hơn, tối đa hóa khả năng chứa đồ.</span></em></p>\r\n<p style="text-align:justify;margin:6pt 0in 0.0001pt 0.25in;"><span style="font-size:12pt;line-height:115%;font-family:Wingdings;color:#000000;">Ø<span style="font:7pt \'Times New Roman\';">&nbsp; </span></span><em><span style="font-size:12pt;line-height:115%;font-family:Arial, sans-serif;">Tiếp tục duy trì hệ thống chống bó cứng phanh (ABS) cho bánh trước trên phiên bản 160cc và phanh kết hợp (CBS) trên phiên bản 125cc mang đến sự yên tâm cho khách hàng <span style="color:#000000;">trên các điều kiện địa hình khác nhau.</span></span></em></p>\r\n<p style="text-align:justify;margin:6pt 0in 0.0001pt 0in;"><strong><em><span style="font-size:12pt;line-height:115%;font-family:Arial, sans-serif;color:#0070c0;">Dịch vụ chăm sóc và chính sách hậu mãi chu đáo</span></em></strong></p>\r\n<p style="text-align:justify;margin:6pt 0in 0.0001pt 0in;"><em><span style="font-size:12pt;line-height:115%;font-family:Arial, sans-serif;color:#000000;">Khách hàng mua xe chính hãng tại các Cửa Hàng Bán Xe Và Dịch Vụ Do Honda Ủy Nhiệm (HEAD) sẽ được hưởng những ưu đãi sau:</span></em></p>\r\n<p style="text-align:justify;line-height:106%;margin:0in 0in 6pt 22.5pt;"><span style="font-size:12pt;line-height:106%;font-family:Wingdings;">Ø<span style="font:7pt \'Times New Roman\';">&nbsp; </span></span><em><span style="font-size:12pt;line-height:106%;font-family:Arial, sans-serif;">Bảo hành 3 năm hoặc 30,000km cùng chế độ kiểm tra định kỳ 6 lần miễn phí </span></em></p>\r\n<p style="text-align:justify;line-height:106%;margin:0in 0in 6pt 22.5pt;"><span style="font-size:12pt;line-height:106%;font-family:Wingdings;">Ø<span style="font:7pt \'Times New Roman\';">&nbsp; </span></span><em><span style="font-size:12pt;line-height:106%;font-family:Arial, sans-serif;">Trải nghiệm lái thử xe miễn phí trước khi mua hàng </span></em></p>\r\n<p style="text-align:justify;line-height:106%;margin:0in 0in 6pt 22.5pt;"><span style="font-size:12pt;line-height:106%;font-family:Wingdings;">Ø<span style="font:7pt \'Times New Roman\';">&nbsp; </span></span><em><span style="font-size:12pt;line-height:106%;font-family:Arial, sans-serif;">Chất lượng xe đạt tiêu chuẩn Honda toàn cầu, đạt chuẩn theo quy chuẩn chất lượng Việt Nam </span></em></p>\r\n<p style="text-align:justify;line-height:106%;margin:0in 0in 6pt 22.5pt;"><span style="font-size:12pt;line-height:106%;font-family:Wingdings;">Ø<span style="font:7pt \'Times New Roman\';">&nbsp; </span></span><em><span style="font-size:12pt;line-height:106%;font-family:Arial, sans-serif;">Kỹ thuật viên có trình độ chuyên môn cao</span></em></p>\r\n<p style="text-align:justify;line-height:106%;margin:0in 0in 6pt 22.5pt;"><span style="font-size:12pt;line-height:106%;font-family:Wingdings;">Ø<span style="font:7pt \'Times New Roman\';">&nbsp; </span></span><em><span style="font-size:12pt;line-height:106%;font-family:Arial, sans-serif;">Tận hưởng nhiều tiện ích trên ứng dụng My Honda+ </span></em></p>\r\n<p style="text-align:justify;line-height:106%;margin:0in 0in 6pt 22.5pt;"><span style="font-size:12pt;line-height:106%;font-family:Wingdings;">Ø<span style="font:7pt \'Times New Roman\';">&nbsp; </span></span><em><span style="font-size:12pt;line-height:106%;font-family:Arial, sans-serif;">Nhiều chương trình khuyến mãi, mua xe trả góp và hoạt động tương tác hấp dẫn </span></em></p>\r\n<p style="text-align:justify;line-height:106%;margin:0in 0in 6pt 22.5pt;"><span style="font-size:12pt;line-height:106%;font-family:Wingdings;">Ø<span style="font:7pt \'Times New Roman\';">&nbsp; </span></span><em><span style="font-size:12pt;line-height:106%;font-family:Arial, sans-serif;">Phụ tùng thay thế chính hãng</span></em></p>\r\n<p style="margin-bottom:6pt;text-align:justify;line-height:106%;"><em><span style="font-size:12pt;line-height:106%;font-family:Arial, sans-serif;">Đặc biệt, sách hướng dẫn sử dụng đi kèm theo xe được chuyển từ dạng sách in sang dạng điện tử với mong muốn đẩy mạnh số hóa dịch vụ, tối ưu trải nghiệm của khách hàng, hướng tới góp phần bảo vệ môi trường thông qua việc giảm thiểu sử dụng vật liệu in ấn.</span></em></p>\r\n<p style="text-align:justify;margin:6pt 0in 0.0001pt 0in;"><em><span style="font-size:12pt;line-height:115%;font-family:Arial, sans-serif;color:#000000;">Với quan niệm sự hài lòng của khách hàng là ưu tiên hàng đầu, Honda luôn nỗ lực không ngừng đem đến những dịch vụ tốt nhất để mỗi trải nghiệm của khách hàng trở nên tuyệt vời hơn bao giờ hết.</span></em></p>\r\n<p style="text-align:justify;margin:6pt 0in 0.0001pt 0in;"><em><span style="font-size:12pt;line-height:115%;font-family:Arial, sans-serif;color:#000000;">Air Blade 160cc/125cc phiên bản mới cùng phụ kiện kèm theo sẽ được chính thức bán ra thị trường từ ngày 31 tháng 5 năm 2022 thông qua các HEAD trên toàn quốc với giá bán lẻ đề xuất như sau:</span></em></p>\r\n<p style="text-align:justify;margin:6pt 0in 0.0001pt 0in;">&nbsp;</p>\r\n<div>\r\n<table style="width:499.25pt;border-collapse:collapse;border:none;" border="1" width="0" cellspacing="0" cellpadding="0"><tbody><tr><td style="width:93.5pt;border:solid 1pt;padding:0in 5.4pt 0in 5.4pt;" width="125">\r\n<p style="margin-bottom:0.0001pt;text-align:center;line-height:normal;"><strong><span style="font-size:14pt;font-family:\'Times New Roman\', serif;">Tên</span></strong></p>\r\n</td>\r\n<td style="width:72.75pt;border:solid 1pt;border-left:none;padding:0in 5.4pt 0in 5.4pt;" width="97">\r\n<p style="margin-bottom:0.0001pt;text-align:center;line-height:normal;"><strong><span style="font-size:14pt;font-family:\'Times New Roman\', serif;">Loại phanh</span></strong></p>\r\n</td>\r\n<td style="width:121.5pt;border:solid 1pt;border-left:none;padding:0in 5.4pt 0in 5.4pt;" width="162">\r\n<p style="margin-bottom:0.0001pt;text-align:center;line-height:normal;"><strong><span style="font-size:14pt;font-family:\'Times New Roman\', serif;">Phiên bản</span></strong></p>\r\n</td>\r\n<td style="width:86.25pt;border:solid 1pt;border-left:none;padding:0in 5.4pt 0in 5.4pt;" width="115">\r\n<p style="margin-bottom:0.0001pt;text-align:center;line-height:normal;"><strong><span style="font-size:14pt;font-family:\'Times New Roman\', serif;">Màu sắc</span></strong></p>\r\n</td>\r\n<td style="width:125.25pt;border:solid 1pt;border-left:none;padding:0in 5.4pt 0in 5.4pt;" width="167">\r\n<p style="margin-bottom:0.0001pt;text-align:center;line-height:normal;"><strong><span style="font-size:14pt;font-family:\'Times New Roman\', serif;">Giá bản lẻ đề </span></strong><strong><span style="font-size:14pt;font-family:\'Times New Roman\', serif;">xuất </span></strong></p>\r\n<p style="margin-bottom:0.0001pt;text-align:center;line-height:normal;"><strong><span style="font-size:14pt;font-family:\'Times New Roman\', serif;">(Đã bao gồm thuế GTGT 10%)</span></strong></p>\r\n</td>\r\n</tr><tr><td style="width:93.5pt;border:solid 1pt;border-top:none;padding:0in 5.4pt 0in 5.4pt;" rowspan="2" width="125">\r\n<p style="margin-bottom:0.0001pt;text-align:center;line-height:normal;"><span style="font-size:14pt;font-family:\'Times New Roman\', serif;">Air Blade 160</span></p>\r\n</td>\r\n<td style="width:72.75pt;border-top:none;border-left:none;border-bottom:solid 1pt;border-right:solid 1pt;padding:0in 5.4pt 0in 5.4pt;" rowspan="2" width="97">\r\n<p style="margin-bottom:0.0001pt;text-align:center;line-height:normal;"><span style="font-size:14pt;font-family:\'Times New Roman\', serif;">Phanh ABS</span></p>\r\n</td>\r\n<td style="width:121.5pt;border-top:none;border-left:none;border-bottom:solid 1pt;border-right:solid 1pt;padding:0in 5.4pt 0in 5.4pt;" width="162">\r\n<p style="margin-bottom:0.0001pt;line-height:normal;"><span style="font-size:14pt;font-family:\'Times New Roman\', serif;">Phiên bản Đặc biệt</span></p>\r\n</td>\r\n<td style="width:86.25pt;border-top:none;border-left:none;border-bottom:solid 1pt;border-right:solid 1pt;padding:0in 5.4pt 0in 5.4pt;" width="115">\r\n<p style="margin-bottom:0.0001pt;line-height:normal;"><span style="font-size:14pt;font-family:\'Times New Roman\', serif;">Xanh Xám,</span></p>\r\n<p style="margin-bottom:0.0001pt;line-height:normal;"><span style="font-size:14pt;font-family:\'Times New Roman\', serif;">Đen</span></p>\r\n</td>\r\n<td style="width:125.25pt;border-top:none;border-left:none;border-bottom:solid 1pt;border-right:solid 1pt;padding:0in 5.4pt 0in 5.4pt;" width="167">\r\n<p style="margin-bottom:0.0001pt;line-height:normal;"><span style="font-size:14pt;font-family:\'Times New Roman\', serif;">57,190,000 VNĐ</span></p>\r\n</td>\r\n</tr><tr><td style="width:121.5pt;border-top:none;border-left:none;border-bottom:solid 1pt;border-right:solid 1pt;padding:0in 5.4pt 0in 5.4pt;" width="162">\r\n<p style="margin-bottom:0.0001pt;line-height:normal;"><span style="font-size:14pt;font-family:\'Times New Roman\', serif;">Phiên bản Tiêu chuẩn</span></p>\r\n</td>\r\n<td style="width:86.25pt;border-top:none;border-left:none;border-bottom:solid 1pt;border-right:solid 1pt;padding:0in 5.4pt 0in 5.4pt;" width="115">\r\n<p style="margin-bottom:0.0001pt;line-height:normal;"><span style="font-size:14pt;font-family:\'Times New Roman\', serif;">Đỏ Xám,</span></p>\r\n<p style="margin-bottom:0.0001pt;line-height:normal;"><span style="font-size:14pt;font-family:\'Times New Roman\', serif;">Đen Xám</span></p>\r\n</td>\r\n<td style="width:125.25pt;border-top:none;border-left:none;border-bottom:solid 1pt;border-right:solid 1pt;padding:0in 5.4pt 0in 5.4pt;" width="167">\r\n<p style="margin-bottom:0.0001pt;line-height:normal;"><span style="font-size:14pt;font-family:\'Times New Roman\', serif;">55,990,000 VNĐ</span></p>\r\n</td>\r\n</tr><tr><td style="width:93.5pt;border:solid 1pt;border-top:none;padding:0in 5.4pt 0in 5.4pt;" rowspan="2" width="125">\r\n<p style="margin-bottom:0.0001pt;text-align:center;line-height:normal;"><span style="font-size:14pt;font-family:\'Times New Roman\', serif;">Air Blade </span><span style="font-size:14pt;font-family:\'Times New Roman\', serif;">125</span></p>\r\n</td>\r\n<td style="width:72.75pt;border-top:none;border-left:none;border-bottom:solid 1pt;border-right:solid 1pt;padding:0in 5.4pt 0in 5.4pt;" rowspan="2" width="97">\r\n<p style="margin-bottom:0.0001pt;text-align:center;line-height:normal;"><span style="font-size:14pt;font-family:\'Times New Roman\', serif;">Phanh </span><span style="font-size:14pt;font-family:\'Times New Roman\', serif;">C</span><span style="font-size:14pt;font-family:\'Times New Roman\', serif;">BS</span></p>\r\n</td>\r\n<td style="width:121.5pt;border-top:none;border-left:none;border-bottom:solid 1pt;border-right:solid 1pt;padding:0in 5.4pt 0in 5.4pt;" width="162">\r\n<p style="margin-bottom:0.0001pt;line-height:normal;"><span style="font-size:14pt;font-family:\'Times New Roman\', serif;">Phiên bản Đặc biệt</span></p>\r\n</td>\r\n<td style="width:86.25pt;border-top:none;border-left:none;border-bottom:solid 1pt;border-right:solid 1pt;padding:0in 5.4pt 0in 5.4pt;" width="115">\r\n<p style="margin-bottom:0.0001pt;line-height:normal;"><span style="font-size:14pt;font-family:\'Times New Roman\', serif;">Đen Vàng</span></p>\r\n</td>\r\n<td style="width:125.25pt;border-top:none;border-left:none;border-bottom:solid 1pt;border-right:solid 1pt;padding:0in 5.4pt 0in 5.4pt;" width="167">\r\n<p style="margin-bottom:0.0001pt;line-height:normal;"><span style="font-size:14pt;font-family:\'Times New Roman\', serif;">43,290,000 VNĐ</span></p>\r\n</td>\r\n</tr><tr><td style="width:121.5pt;border-top:none;border-left:none;border-bottom:solid 1pt;border-right:solid 1pt;padding:0in 5.4pt 0in 5.4pt;" width="162">\r\n<p style="margin-bottom:0.0001pt;line-height:normal;"><span style="font-size:14pt;font-family:\'Times New Roman\', serif;">Phiên bản Tiêu chuẩn</span></p>\r\n</td>\r\n<td style="width:86.25pt;border-top:none;border-left:none;border-bottom:solid 1pt;border-right:solid 1pt;padding:0in 5.4pt 0in 5.4pt;" width="115">\r\n<p style="margin-bottom:0.0001pt;line-height:normal;"><span style="font-size:14pt;font-family:\'Times New Roman\', serif;">Xanh Đen,</span></p>\r\n<p style="margin-bottom:0.0001pt;line-height:normal;"><span style="font-size:14pt;font-family:\'Times New Roman\', serif;">Đỏ Đen</span></p>\r\n</td>\r\n<td style="width:125.25pt;border-top:none;border-left:none;border-bottom:solid 1pt;border-right:solid 1pt;padding:0in 5.4pt 0in 5.4pt;" width="167">\r\n<p style="margin-bottom:0.0001pt;line-height:normal;"><span style="font-size:14pt;font-family:\'Times New Roman\', serif;">42,090,000 VNĐ</span></p>\r\n</td>\r\n</tr></tbody></table></div>\r\n<p><strong><em><span style="font-size:12pt;line-height:115%;font-family:Arial, sans-serif;">Công ty Honda Việt Nam</span></em></strong></p>\r\n        </div>', NULL, '/userfiles/images/post/post1.png', 1, 1, 1, 1, 15, 1, '5|1|2|14|16|6|3|9|7|10|8|4', NULL, '2022-06-28 16:59:51', '2022-07-01 00:06:40'),
	(2, 'Công ty Honda Việt Nam (HVN) tổng kết hoạt động năm tài chính 2022 (Tháng 4/2021 – tháng 3/2022) và Kế hoạch phát triển năm tài chính 2023 (Tháng 4/2022 – Tháng 3/2023)', 'cong-ty-honda-viet-nam-hvn-tong-ket-hoat-dong-nam-tai-chinh-2022-thang-42021-thang-32022-va-ke-hoach-phat-trien-nam-tai-chinh-2023-thang-42022-thang-32023', '<p>&nbsp;</p>\r\n\r\n<p><br />\r\n&nbsp; &nbsp; &nbsp; &nbsp; &nbsp; &nbsp;</p>\r\n\r\n<p>&nbsp;</p>\r\n\r\n<p>&nbsp;</p>\r\n\r\n<p><strong><em>Năm tài chính 2022:</em></strong></p>\r\n\r\n<p>&nbsp;</p>\r\n\r\n<p>·&nbsp;&nbsp;&nbsp; <em>Sản lượng bán hàng của tập đoàn Honda toàn cầu tăng trong 2 lĩnh vực Xe Máy và Sản phẩm máy động lực, giảm ở lĩnh vực Ô tô do tác động của sự thiếu hụt linh kiện bán dẫn.</em>·&nbsp;&nbsp;&nbsp; <em>Kết quả kinh doanh mảng xe máy - Honda Việt Nam:</em></p>\r\n\r\n<p>&nbsp;</p>\r\n\r\n<p>-&nbsp;&nbsp;&nbsp;&nbsp;&nbsp;&nbsp; <em>Đạt sản lượng bán hàng với hơn <strong>2 triệu</strong> xe, ghi dấu ấn tại thị trường xe máy với thị phần đạt <strong>khoảng 80%</strong>;</em></p>\r\n\r\n<p>&nbsp;</p>\r\n\r\n<p>-&nbsp;&nbsp;&nbsp;&nbsp;&nbsp;&nbsp; <em>Ra mắt <strong>nhiều mẫu xe</strong> và phiên bản mới áp dụng những công nghệ hiện đại;</em></p>\r\n\r\n<p>&nbsp;</p>\r\n\r\n<p>-&nbsp;&nbsp;&nbsp;&nbsp;&nbsp;&nbsp; <em>Duy trì hệ thống Cửa hàng Bán xe và Dịch vụ do Honda ủy nhiệm (<strong>HEAD</strong>) và Trạm Dịch vụ và Phụ tùng do Honda ủy nhiệm (<strong>HSF</strong>), mở mới Trung tâm Bảo dưỡng và Dịch vụ (<strong>WSS)</strong>; </em></p>\r\n\r\n<p>&nbsp;</p>\r\n\r\n<p>-&nbsp;&nbsp;&nbsp;&nbsp;&nbsp;&nbsp; <em>Tiếp tục đẩy mạnh xuất khẩu, tổng giá trị đạt được là hơn 462 triệu USD; </em></p>\r\n\r\n<p>&nbsp;</p>\r\n\r\n<p>-&nbsp;&nbsp;&nbsp;&nbsp;&nbsp;&nbsp; <em>Phát triển nhiều hoạt động hấp dẫn cho các cộng đồng: Liên Minh Winner, AB Crew và cộng đồng xe phân khối lớn;</em></p>\r\n\r\n<p>&nbsp;</p>\r\n\r\n<p>-&nbsp;&nbsp;&nbsp;&nbsp;&nbsp;&nbsp; <em>Tập trung phát triển hoạt động đua xe thể thao trong nước, đưa đội đua Honda Racing Vietnam là đại diện duy nhất của Việt Nam tranh tài tại các giải đấu quốc tế. </em></p>\r\n\r\n<p>&nbsp;</p>\r\n\r\n<p>·&nbsp;&nbsp;&nbsp; <em>Kết quả kinh doanh mảng ô tô - Honda Việt Nam:</em></p>\r\n\r\n<p>&nbsp;</p>\r\n\r\n<p>-&nbsp;&nbsp;&nbsp;&nbsp;&nbsp;&nbsp; <em>Doanh số bán hàng đạt hơn </em><strong><em>24.000 xe</em></strong>;</p>\r\n\r\n<p>&nbsp;</p>\r\n\r\n<p>-&nbsp;&nbsp;&nbsp;&nbsp;&nbsp;&nbsp; <em>Ra mắt <strong>Honda Accord phiên bản mới</strong> với <strong>Honda SENSING – Hệ thống công nghệ hỗ trợ lái xe an toàn tiên tiến</strong>, ra mắt <strong>Honda Civic thế hệ thứ 11</strong> hoàn toàn mới cùng công nghệ <strong>Honda SENSING</strong> và ứng dụng <strong>Honda CONNECT – lần đầu tiên được giới thiệu tại Việt Nam;</strong></em></p>\r\n\r\n<p>&nbsp;</p>\r\n\r\n<p>-&nbsp;&nbsp;&nbsp;&nbsp;&nbsp;&nbsp; <strong><em>Giới thiệu tiêu chuẩn Đại lý mới</em></strong><em> nhằm mang tới một hình ảnh Honda mới mẻ, độc đáo và chuyên nghiệp đến với khách hàng và thêm 3<strong> Nhà phân phối ô tô</strong> mới đi vào hoạt động, nâng tổng số Nhà phân phối ô tô Honda trên toàn quốc lên <strong>45;</strong></em></p>\r\n\r\n<p>&nbsp;</p>\r\n\r\n<p>-&nbsp;&nbsp;&nbsp;&nbsp;&nbsp;&nbsp; <em>Tiếp tục triển khai Chiến dịch <strong>“Feel The Performance”</strong>, giúp khách hàng có cơ hội trải nghiệm <strong>khả năng vận hành vượt trội</strong> của các mẫu xe Honda với các bài thử chuyên biệt;</em></p>\r\n\r\n<p>&nbsp;</p>\r\n\r\n<p>-&nbsp;&nbsp;&nbsp;&nbsp;&nbsp;&nbsp; <em>Tiếp tục củng cố thương hiệu Honda với các giá trị cốt lõi:<strong> Thiết kế thể thao – Vận hành mạnh mẽ - Công nghệ tiên tiến – Thân thiện với môi trường – An toàn vượt trội</strong>.</em></p>\r\n\r\n<p>&nbsp;</p>\r\n\r\n<p>·&nbsp;&nbsp;&nbsp; <em>Các hoạt động đóng góp xã hội: </em></p>\r\n\r\n<p>&nbsp;</p>\r\n\r\n<p>-&nbsp;&nbsp;&nbsp;&nbsp;&nbsp;&nbsp;&nbsp;&nbsp;&nbsp; <em>Tích cực phối hợp triển khai các hoạt động hỗ trợ cộng đồng: Chung tay cùng Chính phủ đẩy lùi đại dịch COVID-19;</em></p>\r\n\r\n<p>&nbsp;</p>\r\n\r\n<p>-&nbsp;&nbsp;&nbsp;&nbsp;&nbsp;&nbsp; <em>Tích cực triển khai các hoạt động bảo vệ môi trường theo định hướng “Ba Không” </em><em>(KHÔNG phát thải CO2; KHÔNG có rủi ro năng lượng; KHÔNG có rủi ro trong sử dụng tài nguyên và thải bỏ chất thải)</em><em>. Triển khai phối hợp với các cơ quan nhà nước thực hiện các hoạt động về bảo vệ môi trường;</em></p>\r\n\r\n<p>&nbsp;</p>\r\n\r\n<p>-&nbsp;&nbsp;&nbsp;&nbsp;&nbsp;&nbsp; <em>Tăng cường các hoạt động đào tạo kiến thức an toàn giao thông và kỹ năng lái xe an toàn cho người dân cả nước, đặc biệt là trẻ em và thanh thiếu niên, nâng số lượng người được đào tạo lên đến 19.3 triệu người, <strong>tăng 5%</strong> so với năm tài chính 2021; </em></p>\r\n\r\n<p>&nbsp;</p>\r\n\r\n<p>-&nbsp;&nbsp;&nbsp;&nbsp;&nbsp;&nbsp; <em>Đánh dấu những nỗ lực của HVN trong việc phối hợp với Ủy ban ATGT Quốc gia trong việc nâng cao nhận thức cộng đồng về việc đội mũ bảo hiểm khi tham gia giao thông với chiến dịch “Cùng Honda chắp cánh tương lai”. Sau 07 năm triển khai, chương trình đã trao tặng gần 150 nghìn mũ bảo hiểm đạt chuẩn cho người dân trên toàn quốc;</em></p>\r\n\r\n<p>&nbsp;</p>\r\n\r\n<p>-&nbsp;&nbsp;&nbsp;&nbsp;&nbsp;&nbsp; <em>Hoàn thành chương trình giáo dục ATGT “<strong>Tôi yêu Việt Nam</strong>” phiên bản “Vui Giao thông”- Mùa 2 trên truyền hình dành cho <strong>lứa tuổi mầm non từ 3 đến 5 tuổi</strong>. Ngoài ra, chương trình giáo dục về An toàn giao thông dành cho lứa tuổi mầm non được triển khai tới <strong>1,5 triệu</strong> em nhỏ tại <strong>23</strong> tỉnh/thành phố;</em></p>\r\n\r\n<p>&nbsp;</p>\r\n\r\n<p>-&nbsp;&nbsp;&nbsp;&nbsp;&nbsp;&nbsp; <em>Tiếp tục triển khai các hoạt động hỗ trợ giáo dục như: trao tặng Giải thưởng Honda cho sinh viên xuất sắc các trường đại học trên cả nước không chỉ trong lĩnh vực khoa học công nghệ mà còn các lĩnh vực khác, t</em><em>rao tặng xe ô tô và máy móc cho trường nghề tại Vĩnh Phúc, Hà Nam, Thái Nguyên, Thái Bình &amp; Hưng Yên nhằm hỗ trợ công cụ giảng dạy;</em></p>\r\n\r\n<p>&nbsp;</p>\r\n\r\n<p>-&nbsp;&nbsp;&nbsp;&nbsp;&nbsp;&nbsp; <em>Triển khai chương trình “Ngày hội trồng cây 2022 – Cùng Honda giữ mãi màu xanh Việt Nam”; </em></p>\r\n\r\n<p>&nbsp;</p>\r\n\r\n<p>-&nbsp;&nbsp;&nbsp;&nbsp;&nbsp;&nbsp; <em>Tài trợ cho các Đội tuyển Bóng đá Quốc gia Việt Nam với hy vọng chung tay đóng góp vì sự phát triển của nền bóng đá nước nhà ngày một lớn mạnh, sẵn sàng chinh phục những thử thách mới;</em></p>\r\n\r\n<p>&nbsp;</p>\r\n\r\n<p><strong><em>Năm tài chính 2023:</em></strong></p>\r\n\r\n<p>&nbsp;</p>\r\n\r\n<p>·&nbsp;&nbsp;&nbsp;&nbsp;&nbsp;&nbsp; <em>Honda nỗ lực </em><em>đạt được sản lượng bán hàng cao hơn so với năm tài chính trước </em><em>ở lĩnh vực xe máy và ô tô. Trong khi đó, dự báo sẽ có sự sụt giảm nhẹ trong lĩnh vực sản phẩm máy động lực</em><em>.</em></p>\r\n\r\n<p>&nbsp;</p>\r\n\r\n<p>·&nbsp;&nbsp;&nbsp;&nbsp;&nbsp;&nbsp; <em>Mảng kinh doanh xe máy – Honda Việt Nam:</em></p>\r\n\r\n<p>&nbsp;</p>\r\n\r\n<p>-&nbsp;&nbsp;&nbsp;&nbsp;&nbsp;&nbsp; <em>Dẫn dắt ngành công nghiệp xe máy để thúc đẩy phục hồi thị trường sau đại dịch COVID-19;&nbsp; </em></p>\r\n\r\n<p>&nbsp;</p>\r\n\r\n<p>-&nbsp;&nbsp;&nbsp;&nbsp;&nbsp;&nbsp; <em>Duy trì hệ thống HEAD, HSF, WSS và Cửa hàng xe Phân khối lớn Honda;</em></p>\r\n\r\n<p>&nbsp;</p>\r\n\r\n<p>-&nbsp;&nbsp;&nbsp;&nbsp;&nbsp;&nbsp; <em>Khả năng <strong>gia tăng</strong> xuất khẩu xe nguyên chiếc; </em></p>\r\n\r\n<p>&nbsp;</p>\r\n\r\n<p>-&nbsp;&nbsp;&nbsp;&nbsp;&nbsp;&nbsp; <em>Tiếp tục đầu tư phát triển hoạt động đua xe thể thao thông qua tài trợ tổ chức <strong>Giải đua xe Mô tô Việt Nam (VMRC 2022); </strong>Honda Racing Vietnam tiếp tục tranh tài tại Giải đua xe Mô tô Châu Á (Asia Road Racing Championship – ARRC), Idemitsu Asia Talent Cup (IATC) và Thailand Talent Cup (TTC); cử kỹ thuật viên tham gia đào tạo tại Suzuka 8 Hours Endurance, Sepang 8 Hours Endurance.</em></p>\r\n\r\n<p>&nbsp;</p>\r\n\r\n<p>·&nbsp;&nbsp;&nbsp; <em>Mảng kinh doanh ô tô – Honda Việt Nam:</em></p>\r\n\r\n<p>&nbsp;</p>\r\n\r\n<p>-&nbsp;&nbsp;&nbsp;&nbsp;&nbsp;&nbsp; <em>Tăng trưởng sản lượng bán hàng với các hoạt động đa dạng, bao gồm: Giới thiệu sản phẩm mới với các tính năng tiên tiến, mở rộng hệ thống Nhà phân phối áp dụng tiêu chuẩn Đại lý mới, tổ chức các sự kiện lái thử, tăng cường chất lượng dịch vụ, đi cùng các giá trị: Bền bỉ - Chất lượng - Tin cậy;</em></p>\r\n\r\n<p>&nbsp;</p>\r\n\r\n<p>-&nbsp;&nbsp;&nbsp;&nbsp;&nbsp;&nbsp; <em>Cung cấp các sản phẩm với các giá trị cốt lõi <strong>Thiết kế thể thao – Vận hành mạnh mẽ - Công nghệ tiên tiến – Thân thiện với môi trường – An toàn vượt trội</strong>.</em></p>\r\n\r\n<p>&nbsp;</p>\r\n\r\n<p>·&nbsp;&nbsp;&nbsp; <em>Các hoạt động đóng góp xã hội: </em></p>\r\n\r\n<p>&nbsp;</p>\r\n\r\n<p>-&nbsp;&nbsp;&nbsp;&nbsp;&nbsp;&nbsp; <em>Duy trì và thúc đẩy </em><em>Chương trình Bảo vệ Môi trường của tập đoàn Honda với định hướng mới <strong>“</strong></em><strong><em>Ba hành động hướng tới Không phát thải”</em></strong><em>;</em></p>\r\n\r\n<p>&nbsp;</p>\r\n\r\n<p>-&nbsp;&nbsp;&nbsp;&nbsp;&nbsp;&nbsp; <em>Tiếp tục chung tay cùng Chính phủ hiện thực hóa tầm nhìn 2045 “xã hội không có thương vong về tai nạn giao thông”, tích cực mở rộng phạm vi các hoạt động đào tạo nâng cao nhận thức về an toàn giao thông và kỹ năng lái xe an toàn; </em></p>\r\n\r\n<p>&nbsp;</p>\r\n\r\n<p>-&nbsp;&nbsp;&nbsp;&nbsp;&nbsp;&nbsp; <em>Mở rộng triển khai chương trình “Tôi yêu Việt Nam” trong cấp giáo dục mầm non tại 43 tỉnh/thành trên cả nước với mục tiêu nâng cao hơn nữa tỷ lệ nhận thức về ATGT của trẻ em lứa tuổi từ 3-5; </em></p>\r\n\r\n<p>&nbsp;</p>\r\n\r\n<p>-&nbsp;&nbsp;&nbsp;&nbsp;&nbsp;&nbsp; <em>Tiếp tục triển khai các hoạt động hỗ trợ giáo dục để góp phần hỗ trợ phát triển nền giáo dục Việt nam;</em></p>\r\n\r\n<p>&nbsp;</p>\r\n\r\n<p>-&nbsp;&nbsp;&nbsp;&nbsp;&nbsp;&nbsp; <em>Cam kết đồng hành cùng Chính phủ và người dân Việt Nam trong các hoạt động hỗ trợ cộng đồng;</em></p>\r\n\r\n<p>&nbsp;</p>\r\n\r\n<p>-&nbsp;&nbsp;&nbsp;&nbsp;&nbsp;&nbsp; <em>Tiếp tục hợp đồng tài trợ cho các Đội tuyển Bóng đá Quốc gia Việt Nam với hy vọng chung tay đóng góp vì sự phát triển của nền bóng đá nước nhà ngày một lớn mạnh, sẵn sàng đương đầu với những thử thách mới.</em></p>\r\n\r\n<p>&nbsp;</p>\r\n\r\n<p>Kết thúc năm tài chính 2022, trong bối cảnh đại dịch COVID-19 vẫn diễn biến phức tạp, cùng với đó là những biến động riêng đối với thị trường Ô tô xe máy, HVN vẫn luôn nỗ lực không ngừng và đã gặt hái được những thành công trên cả lĩnh vực kinh doanh ô tô và xe máy, đồng thời đóng góp tích cực cho xã hội, mang lại cho khách hàng thêm nhiều niềm vui, đạt mục tiêu trở thành một <strong>Công ty được xã hội mong đợi</strong>. HVN sẽ tiếp tục triển khai mạnh mẽ các kế hoạch phát triển trong năm tài chính 2023 với trọng tâm hàng đầu là sự hài lòng vượt trên mong đợi của khách hàng.</p>\r\n\r\n<p>&nbsp;</p>\r\n\r\n<p><strong>I - Kết quả kinh doanh của Tập đoàn Honda trong năm tài chính 2022 và kế hoạch kinh doanh năm tài chính 2023</strong></p>\r\n\r\n<p>&nbsp;</p>\r\n\r\n<p>Trong năm tài chính 2022, tổng doanh số bán hàng của Tập đoàn Honda bao gồm Xe máy, Ô tô và Sản phẩm máy động lực đạt khoảng <strong>27,3 triệu </strong><strong>sản phẩm</strong> mặc dù môi trường sản xuất tiếp tục đối mặt với nhiều thách thức bởi sự thiếu hụt nguồn cung về linh kiện bán dẫn và sự trở lại của làn sóng COVID-19. Trong lĩnh vực kinh doanh Xe máy, doanh số bán hàng xe máy toàn cầu của tập đoàn Honda đạt <strong>17 triệu xe</strong>, <strong>tăng 12,5%</strong> so với năm tài chính 2021. Mặc dù các hoạt động kinh tế bị hạn chế một phần do sự trở lại của làn sóng COVID-19, doanh số bán hàng xe máy ở nhiều quốc gia như Thái Lan, Indonesia, Brazil…vẫn&nbsp; có sự tăng trưởng so với năm trước. Trong lĩnh vực kinh doanh ô tô, doanh số bán hàng Ô tô toàn cầu của tập đoàn Honda đạt <strong>gần 4,1 triệu xe</strong>, <strong>giảm 10,4%</strong> so với năm tài chính 2021 chủ yếu do thị trường Bắc Mỹ và Châu Á cũng như ảnh hưởng của việc thiếu hụt nguồn cung linh kiện bán dẫn. Trong lĩnh vực kinh doanh sản phẩm máy động lực, doanh số bán hàng của tập đoàn Honda đạt khoảng <strong>6,2 triệu sản phẩm</strong>, <strong>tăng 10,3%</strong> so với năm tài chính 2021 chủ yếu từ thị trường Bắc Mỹ và Châu Âu.</p>\r\n\r\n<p>&nbsp;</p>\r\n\r\n<p>Đối với kế hoạch cho năm tài chính 2023, doanh số bán hàng xe máy dự kiến ​​sẽ tăng so với năm tài chính trước ở nhiều khu vực trong bối cảnh các tác động của việc thiếu hụt nguồn cung linh kiện bán dẫn dự kiến ​​sẽ vẫn tồn tại. Đối với lĩnh vực kinh doanh ô tô, Honda sẽ nỗ lực tăng doanh số bằng cách giới thiệu các mẫu xe mới tại các thị trường chính như Nhật Bản, Mỹ… hoặc cung cấp các sản phẩm hấp dẫn với việc mở rộng dòng xe điện tại Trung Quốc… Trong khi đó, lĩnh vực kinh doanh sản phẩm máy động lực được dự báo sẽ giảm nhẹ.</p>\r\n\r\n<p>&nbsp;</p>\r\n\r\n<p><strong>II - Kết quả kinh doanh của Honda Việt Nam trong năm tài chính 2022 và kế hoạch kinh doanh năm tài chính 2023</strong></p>\r\n\r\n<p>&nbsp;</p>\r\n\r\n<p><strong><em>1. Tổng quát</em></strong></p>\r\n\r\n<p>&nbsp;</p>\r\n\r\n<p>HVN hiện đang vận hành <strong>03 nhà máy Xe máy, 01 nhà máy Ô tô cùng 01 Trung tâm Đào tạo Lái xe an toàn</strong> hiện đại bậc nhất Việt Nam.</p>\r\n\r\n<p>&nbsp;</p>\r\n\r\n<p>Riêng đối với hoạt động sản xuất xe máy, bên cạnh những nhà máy sản xuất chính, HVN có 01 dây chuyền sản xuất bánh răng, 01 phân xưởng piston và 01 trung tâm phụ tùng. Cùng với việc đưa vào vận hành dây chuyền sản xuất bánh răng vào năm 2010 và trung tâm phụ tùng vào năm 2013, HVN đã khánh thành phân xưởng piston hoạt động tại nhà máy HVN Vĩnh Phúc vào năm 2014 với công suất lớn nhất trong tập đoàn Honda. Việc củng cố năng lực nội tại này góp phần tăng cường sản xuất, đáp ứng nhu cầu trong nước, nâng cao tỷ lệ nội địa hóa (đạt mức <strong>98%</strong>) và tăng sản lượng xuất khẩu.</p>\r\n\r\n<p>&nbsp;</p>\r\n\r\n<p><strong><em>2. Hoạt động kinh doanh</em></strong></p>\r\n\r\n<p>&nbsp;</p>\r\n\r\n<p><strong>a. Lĩnh vực kinh doanh xe máy - Kết quả kinh doanh và kế hoạch phát triển</strong></p>\r\n\r\n<p><br />\r\n<br />\r\n&nbsp; &nbsp; &nbsp; &nbsp;</p>\r\n\r\n<p>&nbsp;</p>', NULL, '/userfiles/images/post/post2.jpg', 1, 1, 1, 1, 0, 1, '5|1|2|14|16|6|3|9|7|10|8|4', NULL, '2022-06-28 17:15:56', '2022-06-28 17:16:19'),
	(3, 'LỄ TRAO GIẢI HỘI GIAO LƯU “AN TOÀN GIAO THÔNG CHO NỤ CƯỜI TRẺ THƠ” NĂM HỌC 2021- 2022', 'le-trao-giai-hoi-giao-luu-an-toan-giao-thong-cho-nu-cuoi-tre-tho-nam-hoc-2021-2022', '<p>&nbsp;</p>\r\n\r\n<p>&nbsp;“An toàn giao thông cho nụ cười trẻ thơ” nằm trong khuôn khổ chương trình giáo dục An toàn giao thông (ATGT) dành cho học sinh bậc Tiểu học do Công ty Honda Việt Nam, Bộ Giáo dục &amp; Đào tạo, Ủy ban An toàn giao thông Quốc gia và Cục Cảnh sát giao thông - Bộ Công An phối hợp thực hiện từ năm 2008. Chương trình được tổ chức nhằm mục đích trang bị cho các em những kiến thức và kỹ năng tham gia giao thông an toàn ngay từ khi còn nhỏ, từ đó tự bảo vệ và phòng tránh tai nạn giao thông, góp phần tạo dựng xã hội giao thông lành mạnh tại Việt Nam. Đến nay, chương trình đã mở rộng quy mô ra <strong>toàn quốc</strong> với hơn 27 triệu lượt học sinh Tiểu học được đào tạo về ATGT.</p>\r\n\r\n<p>Hơn thế nữa, nhằm tạo thêm hứng thú và khuyến khích các thầy cô giáo và các em học sinh tích cực, chủ động tìm hiểu và khám phá các kiến thức về ATGT, Hội giao lưu “ATGT cho nụ cười trẻ thơ” được tổ chức hàng năm. Năm học 2021 – 2022, Hội giao lưu được phát động từ <strong>tháng 12/2021 và kéo dài đến hết ngày 20/4/2022</strong> trên cả nước. Đây là sân chơi tìm hiểu kiến thức về luật giao thông đường bộ, các kỹ năng tham gia giao thông an toàn cũng như khuyến khích các em đưa ra những ý tưởng học tập, tuyên truyền về ATGT, khuyến khích các thầy cô đưa ra những sáng kiến đổi mới phương pháp giảng dạy để chương trình giáo dục về An toàn giao thông thêm hấp dẫn và hiệu quả.</p>\r\n\r\n<p>Sau 5 tháng phát động Hội Giao lưu, Ban tổ chức đã nhận về số lượng bài tham dự lớn nhất từ trước đến nay với<strong> hơn 2,8 triệu </strong>bài tham dự của học sinh (<strong>tăng 1,32 lần</strong> so với năm học 2020-2021) và <strong>hơn 250 nghìn </strong>bài tham dự của giáo viên (<strong>tăng gần 1,14 lần</strong> so với năm học 2020 - 2021). Rất nhiều bài thi có chất lượng cao, được đầu tư công phu và sáng tạo cho thấy sự quan tâm của giáo viên và học sinh về ATGT cũng như sức hút của cuộc thi ngày càng lớn. Sau vòng 1, Ban tổ chức đã chọn ra <strong>27 học sinh và 30 giáo viên</strong> có bài thi xuất sắc nhất. Đặc biệt, 30 giáo viên được lựa chọn tại Vòng 1 sẽ tham dự thi tiếp Vòng 2. Các giáo viên sẽ thực hiện tiết giảng mẫu và quay video gửi tới Ban tổ chức với nội dung xây dựng kế hoạch bài giảng theo tinh thần đổi mới phương pháp dạy học và giảng dạy thử nghiệm ở địa phương.</p>\r\n\r\n<p>(Danh sách được đính kèm trong Thư mục). Cơ cấu giải thưởng hấp dẫn bao gồm: <strong>9 giải Nhất, 18 giải Nhì, 30 giải Ba và 1.200 giải Khuyến khích cho học sinh; 01 giải Xuất sắc, 09 giải Nhất, 20 giải Nhì và&nbsp; 280 giải Khuyến khích dành cho giáo viên.</strong></p>\r\n\r\n<p>Chiều ngày 13 tháng 5 năm 2022, trước khi buổi lễ trao giải chính thức được diễn ra, 33 Đại diện sở GDĐT của các tỉnh/ thành phố; 30 Giáo viên xuất sắc trong năm học 2021-2022 cùng 2 giáo viên xuất sắc nhất Hội giao lưu năm học 2019 – 2020 và năm học 2020 - 2021 đã cùng tham dự Hội thảo giáo viên về đổi mới phương pháp giáo dục ATGT trong trường tiểu học cũng như trao đổi kinh nghiệm về phương pháp giảng dạy ATGT. Tại đây, các thầy cô giáo đã có cơ hội gặp gỡ, chia sẻ những khó khăn và học hỏi kinh nghiệm giảng dạy ATGT để từ đó đổi mới và nâng cao chất lượng giảng dạy ATGT tại nhà trường.</p>\r\n\r\n<p>Sáng ngày 14 tháng 5 năm 2022, Lễ tổng kết và trao giải Hội Giao lưu “An toàn giao thông cho nụ cười trẻ thơ” năm học 2021 - 2022 đã được tổ chức với sự tham dự PGS.TS. Trịnh Hoài Thu – Phó Vụ trưởng Vụ Giáo dục Tiểu học - Bộ GDĐT, ông Motofumi Marutani – Phó Tổng giám đốc Công ty Honda Việt Nam; đại diện lãnh đạo UBND, Sở GDĐT, Sở GTVT, ban ATGT và công an Tỉnh Nghệ An. Tại buổi lễ, bà Trịnh Hoài Thu đánh giá cao những nỗ lực của Honda Việt Nam trong việc phối hợp triển khai mạnh mẽ hoạt động giáo dục ATGT trong trường học, góp phần nâng cao kiến thức về ATGT cũng như khuyến khích giáo viên và học sinh tích cực hơn nữa trong các hoạt động tuyên truyền về ATGT tại địa phương.</p>\r\n\r\n<p>Trên chặng đường hơn 26 năm hình thành và phát triển, Công ty Honda Việt Nam vẫn luôn nỗ lực phối hợp cùng các cơ quan Chính phủ triển khai các hoạt động tuyên truyền và đào tạo về lái xe an toàn cho đa dạng các đối tượng trên cả nước, trong đó đặc biệt chú trọng đến các em học sinh là lớp măng non và thế hệ tương lai của đất nước. Việc mở rộng triển khai chương trình “ATGT cho nụ cười trẻ thơ” nói riêng và các chương trình giáo dục ATGT trong trường học nói chung là minh chứng cho sự đồng hành tích cực của Honda Việt Nam nhằm trang bị cho các em học sinh những kiến thức và kỹ năng tham gia giao thông cần thiết, góp phần giảm thiểu tai nạn, chung tay hiện thực hóa mục tiêu Chiến lược Quốc gia bảo đảm trật tự, an toàn giao thông đường bộ giai đoạn 2021-2030, tầm nhìn 2045 của Chính Phủ: Không còn Thương vong do tai nạn giao thông.</p>\r\n\r\n<p><em>Ông Motofumi Marutani - Phó TGD Công ty Honda Việt Nam phát biểu tại buổi lễ</em></p>\r\n\r\n<p><em><img alt="" src="https://cdn.honda.com.vn/traffic-safety-news/May2022/%C3%94ng%20Motofumi%20Marutani%20-%20Ph%C3%B3%20TG%C4%90%20C%C3%B4ng%20ty%20HVN%20ph%C3%A1t%20bi%E1%BB%83u%20t%E1%BA%A1i%20bu%E1%BB%95i%20l%E1%BB%851.jpg" style="height:466px; width:687px" /></em></p>\r\n\r\n<p><em>PGS TS. Trịnh Hoài Thu - Phó vụ trưởng vụ GDTH bộ GDĐT phát biểu khai mạc lễ trao giải hội giao lưu "ATGT cho nụ cười trẻ thơ"</em></p>\r\n\r\n<p><em><img alt="" src="https://cdn.honda.com.vn/traffic-safety-news/May2022/Capture.PNG" style="height:417px; width:695px" /></em></p>\r\n\r\n<p><em>PGS TS. Trịnh Hoài Thu </em><em>- Phó vụ trưởng vụ GDTH bộ GDĐT và ông </em><em>Motofumi Marutani </em><em>Phó TGD Công ty Honda Việt Nam trao giải cho giáo viên xuất sắc</em></p>\r\n\r\n<p><em><img alt="" src="https://cdn.honda.com.vn/traffic-safety-news/May2022/PGS.%20TS.%20Tr%E1%BB%8Bnh%20Ho%C3%A0i%20Thu%20-%20Ph%C3%B3%20V%E1%BB%A5%20tr%C6%B0%E1%BB%9Fng%20V%E1%BB%A5%20GDTH%20B%E1%BB%99%20GD%C4%90T%20v%C3%A0%20%C3%B4ng%20Motofumi%20Marutani%20-%20Ph%C3%B3%20TG%C4%90%20C%C3%B4ng%20ty%20HVN%20trao%20gi%E1%BA%A3i%20cho%20gi%C3%A1o%20vi%C3%AAn%20xu%E1%BA%A5t%20s%E1%BA%AFc.jpg" style="height:457px; width:686px" /></em></p>\r\n\r\n<p><em>Thượng tá Tạ Thị Hồng Minh&nbsp; và ông Kazuya Maruyama - Trợ lý GĐ trao giải nhất cho các học sinh xuất sắc</em></p>\r\n\r\n<p><em>Trao tặng cờ Luân lưu cho 10 Sở GD&amp;ĐT xuất sắc</em></p>\r\n\r\n<p><em><img alt="" src="https://cdn.honda.com.vn/traffic-safety-news/May2022/Th%C6%B0%E1%BB%A3ng%20t%C3%A1%20T%E1%BA%A1%20Th%E1%BB%8B%20H%E1%BB%93ng%20Minh%20v%C3%A0%20%C3%B4ng%20Kazuya%20Maruyama%20-%20Tr%E1%BB%A3%20l%C3%AD%20G%C4%90%20trao%20gi%E1%BA%A3i%20nh%E1%BA%A5t%20cho%20c%C3%A1c%20h%E1%BB%8Dc%20sinh%20xu%E1%BA%A5t%20s%E1%BA%AFc.jpg" style="height:437px; width:705px" /></em></p>\r\n\r\n<p><em>TS. Bùi Việt Hùng - Chuyên viên cao cấp vụ GDTH </em><em> chia sẻ về thực hành tổ chức dạy học ATGT trong trường tiểu học tại hội thảo</em></p>\r\n\r\n<p><em><img alt="" src="https://cdn.honda.com.vn/traffic-safety-news/May2022/TS.%20B%C3%B9i%20Vi%E1%BB%87t%20H%C3%B9ng%20-%20Chuy%C3%AAn%20vi%C3%AAn%20cao%20c%E1%BA%A5p%20V%E1%BB%A5%20GDTH%20chia%20s%E1%BA%BB%20v%E1%BB%81%20th%E1%BB%B1c%20h%C3%A0nh%20t%E1%BB%95%20ch%E1%BB%A9c%20d%E1%BA%A1y%20h%E1%BB%8Dc%20ATGT%20trong%20tr%C6%B0%E1%BB%9Dng%20ti%E1%BB%83u%20h%E1%BB%8Dc%20t%E1%BA%A1i%20h%E1%BB%99i%20th%E1%BA%A3o1.jpg" style="height:481px; width:722px" /></em></p>\r\n\r\n<p><em>TS. Bùi Việt Hùng - Chuyên viên cao cấp vụ GDTH&nbsp; và bà Phạm Thị Lan - chuyên viên chính UB ATGT trao giải nhì cho các giáo viên</em></p>\r\n\r\n<p>&nbsp;<img alt="" src="https://cdn.honda.com.vn/traffic-safety-news/May2022/TS.%20B%C3%B9i%20Vi%E1%BB%87t%20H%C3%B9ng%20-%20Chuy%C3%AAn%20vi%C3%AAn%20cao%20c%E1%BA%A5p%20V%E1%BB%A5%20GDTH%20v%C3%A0%20b%C3%A0%20Ph%E1%BA%A1m%20Th%E1%BB%8B%20Lan%20Anh%20-%20chuy%C3%AAn%20vi%C3%AAn%20ch%C3%ADnh%20UB%20ATGT%20trao%20gi%E1%BA%A3i%20nh%C3%AC%20cho%20c%C3%A1c%20gi%C3%A1o%20vi%C3%AAn.jpg" style="height:424px; margin-left:auto; margin-right:auto; width:720px" /></p>\r\n\r\n<p><strong>Xin trân trọng cảm ơn.</strong></p>\r\n\r\n<p><strong>Công ty Honda Việt Nam</strong></p>', NULL, '/userfiles/images/post/post3.jpg', 1, 1, 1, 1, 0, 1, '5|1|2|14|16|6|3|9|7|10|8|4', NULL, '2022-06-28 17:21:59', '2022-06-28 17:22:09'),
	(4, 'Thông báo kết quả chương trình “Thăm dò ý kiến khách hàng” từ ngày 15/02/2022 đến trước ngày 15/05/2022', 'thong-bao-ket-qua-chuong-trinh-tham-do-y-kien-khach-hang-tu-ngay-15022022-den-truoc-ngay-15052022', '<p>&nbsp;</p>\r\n\r\n<p>Công ty Honda Việt Nam (HVN) xin thông báo kết thúc buổi chấm thưởng chương trình “Thăm dò ý kiến khách hàng” được tổ chức tại Công ty Honda Việt Nam vào ngày 27/05/2022.</p>\r\n\r\n<p>Tại chương trình lần này, các khách hàng mua xe Honda Việt Nam đã trả lời phiếu dự thi bằng giấy hoặc phiếu online qua&nbsp;trang thông tin điện tử&nbsp;hoặc trên ứng dụng phần mềm My Honda+ gửi về trụ sở chính của Công ty Honda Việt Nam đều có cơ hội nhận được những phần quà vô cùng hấp dẫn.</p>\r\n\r\n<p>&nbsp;</p>\r\n\r\n<p><strong>1/ Tên chương trình:&nbsp;</strong>“Thăm dò ý kiến khách hàng”</p>\r\n\r\n<p><strong>2/ Thời gian nhận phiếu dự thi</strong>: Từ ngày 15/02/2022 đến trước ngày 15/05/2022</p>\r\n\r\n<p><strong>3/ Đối tượng tham dự</strong>:&nbsp;Khách hàng mua xe máy Honda Việt Nam và có phiếu dự thi gửi về trụ sở chính của Honda Việt Nam (ngoại trừ&nbsp;nhân viên Honda Việt Nam, nhân viên các Cửa hàng bán xe máy và dịch vụ do Honda ủy nhiệm).</p>\r\n\r\n<p><strong>4/ Phạm vi chương trình:</strong>&nbsp;toàn quốc</p>\r\n\r\n<p><strong>5/ Hình thức tham gia</strong>:&nbsp;Trả lời qua phiếu dự thi có đính kèm nội dung dự thi dành cho những khách hàng mua xe máy từ các Cửa hàng bán xe và dịch vụ do Honda ủy nhiệm.</p>\r\n\r\n<p>-&nbsp;&nbsp;&nbsp;&nbsp;&nbsp;&nbsp;&nbsp;&nbsp;&nbsp;&nbsp;Trả lời trực tiếp trên phiếu dự thi (bản giấy): khách hàng gửi phiếu qua hòm thư bưu điện về HVN với địa chỉ: Phường Phúc Thắng, Thành Phố Phúc Yên, tỉnh Vĩnh Phúc</p>\r\n\r\n<p>-&nbsp;&nbsp;&nbsp;&nbsp;&nbsp;&nbsp;&nbsp;&nbsp;&nbsp;&nbsp;Trả lời phiếu dự thi online thông qua trang thông tin điện tử hoặc trên ứng dụng phần mềm My Honda+ khi khách hàng đăng ký, ghi rõ và trả lời đầy đủ các câu hỏi và bấm gửi đi là được 1 phiếu tham gia hợp lệ.</p>\r\n\r\n<p>&nbsp;Lưu ý: Mỗi khách hàng chỉ tham dự chương trình qua 01 phương thức duy nhất. Trường hợp khách hàng tham gia bằng nhiều hình thức, câu trả lời hợp lệ là câu trả lời cuối cùng HVN nhận được từ khách hàng.</p>\r\n\r\n<p><strong>6/ Cơ cấu trao thưởng </strong>(có thể thay đổi theo thực tế thị trường tại thời điểm trao giải):</p>\r\n\r\n<p>v&nbsp; <strong><em>01 giải đặc biệt: Xe máy Vision phiên bản Cao cấp trị giá 31.899.273đ</em></strong></p>\r\n\r\n<p>v&nbsp; <strong><em>01 giải nhất: Laptop DELL</em></strong><strong><em> Inspiron</em></strong><strong><em> N3511C trị giá 15.987.455đ</em></strong></p>\r\n\r\n<p>v&nbsp; <strong><em>01 giải nhì: TV Samsung </em></strong><strong><em>43inch</em></strong><strong><em> trị giá 11.990.</em></strong><strong><em>000</em></strong><strong><em>đ</em></strong></p>\r\n\r\n<p>v&nbsp; <strong><em>05 giải ba: Điện thoại di động Samsung Galaxy A12, mỗi giải trị giá 4.483.050đ</em></strong></p>\r\n\r\n<p>v&nbsp; <strong><em>06 giải khuyến khích: Tai nghe Sony, mỗi giải trị giá 2.946.900đ</em></strong></p>\r\n\r\n<p>&nbsp;</p>\r\n\r\n<p><strong><em>(Giá trị giải thưởng đã bao gồm thuế GTGT)</em></strong></p>\r\n\r\n<p><strong>Tổng giá trị giải thưởng cho chương trình: 99.973.378đ</strong></p>\r\n\r\n<p><strong>7/ Thông báo kết quả:</strong></p>\r\n\r\n<p>Honda Việt Nam xin chúc mừng 14 khách hàng may mắn trúng thưởng trong lần chấm thưởng này.</p>\r\n\r\n<p>&nbsp;</p>\r\n\r\n<table border="0" cellpadding="0" cellspacing="0" style="width:521.75pt">\r\n	<tbody>\r\n		<tr>\r\n			<td rowspan="2" style="background-color:#fff2cc; height:14.95pt; width:23.65pt">\r\n			<p><strong>Stt</strong></p>\r\n			</td>\r\n			<td colspan="2" style="background-color:#fff2cc; height:14.95pt; width:168.95pt">\r\n			<p><strong>Thông tin khách hàng</strong></p>\r\n			</td>\r\n			<td rowspan="2" style="background-color:#fff2cc; height:14.95pt; width:85pt">\r\n			<p><strong>Mua xe tại HEAD</strong></p>\r\n			</td>\r\n			<td colspan="2" style="background-color:#fff2cc; height:14.95pt; width:244.15pt">\r\n			<p><strong>Thông tin giải thưởng</strong></p>\r\n			</td>\r\n		</tr>\r\n		<tr>\r\n			<td style="background-color:#fff2cc; height:14.95pt; width:88pt">\r\n			<p><strong>Họ tên</strong></p>\r\n			</td>\r\n			<td style="background-color:#fff2cc; height:14.95pt; width:80.95pt">\r\n			<p><strong>Địa chỉ</strong></p>\r\n			</td>\r\n			<td style="background-color:#fff2cc; height:14.95pt; width:68.55pt">\r\n			<p><strong>Giải</strong></p>\r\n			</td>\r\n			<td style="background-color:#fff2cc; height:14.95pt; width:175.6pt">\r\n			<p><strong>Phần thưởng</strong></p>\r\n			</td>\r\n		</tr>\r\n		<tr>\r\n			<td style="height:14.95pt; width:23.65pt">\r\n			<p>1</p>\r\n			</td>\r\n			<td style="height:14.95pt; width:88pt">\r\n			<p>Hồ Sỹ Khôi</p>\r\n			</td>\r\n			<td style="height:14.95pt; width:80.95pt">\r\n			<p>TP Hồ Chí Minh</p>\r\n			</td>\r\n			<td style="height:14.95pt; width:85pt">\r\n			<p>Bình Minh 2</p>\r\n			</td>\r\n			<td style="height:14.95pt; width:68.55pt">\r\n			<p>Đặc biệt</p>\r\n			</td>\r\n			<td style="height:14.95pt; width:175.6pt">\r\n			<p>01 Xe Vision phiên bản Cao cấp</p>\r\n			</td>\r\n		</tr>\r\n		<tr>\r\n			<td style="height:14.95pt; width:23.65pt">\r\n			<p>2</p>\r\n			</td>\r\n			<td style="height:14.95pt; width:88pt">\r\n			<p>Lê Quốc Hưng</p>\r\n			</td>\r\n			<td style="height:14.95pt; width:80.95pt">\r\n			<p>Bình Dương</p>\r\n			</td>\r\n			<td style="height:14.95pt; width:85pt">\r\n			<p>Hoàng Việt 5</p>\r\n			</td>\r\n			<td style="height:14.95pt; width:68.55pt">\r\n			<p>Nhất</p>\r\n			</td>\r\n			<td style="height:14.95pt; width:175.6pt">\r\n			<p>01 Laptop Dell Inspiron</p>\r\n			</td>\r\n		</tr>\r\n		<tr>\r\n			<td style="height:14.95pt; width:23.65pt">\r\n			<p>3</p>\r\n			</td>\r\n			<td style="height:14.95pt; width:88pt">\r\n			<p>Bùi Ngọc Thùy An</p>\r\n			</td>\r\n			<td style="height:14.95pt; width:80.95pt">\r\n			<p>Đồng Nai</p>\r\n			</td>\r\n			<td style="height:14.95pt; width:85pt">\r\n			<p>Hòa Bình Minh 1</p>\r\n			</td>\r\n			<td style="height:14.95pt; width:68.55pt">\r\n			<p>Nhì</p>\r\n			</td>\r\n			<td style="height:14.95pt; width:175.6pt">\r\n			<p>01 TV Samsung 43inch</p>\r\n			</td>\r\n		</tr>\r\n		<tr>\r\n			<td style="height:14.95pt; width:23.65pt">\r\n			<p>4</p>\r\n			</td>\r\n			<td style="height:14.95pt; width:88pt">\r\n			<p>Hồ Anh Toàn</p>\r\n			</td>\r\n			<td style="height:14.95pt; width:80.95pt">\r\n			<p>Đồng Nai</p>\r\n			</td>\r\n			<td style="height:14.95pt; width:85pt">\r\n			<p>Hòa Bình Minh 3</p>\r\n			</td>\r\n			<td style="height:14.95pt; width:68.55pt">\r\n			<p>Ba</p>\r\n			</td>\r\n			<td style="height:14.95pt; width:175.6pt">\r\n			<p>01 Điện thoại Samsung Galaxy A12</p>\r\n			</td>\r\n		</tr>\r\n		<tr>\r\n			<td style="height:14.95pt; width:23.65pt">\r\n			<p>5</p>\r\n			</td>\r\n			<td style="height:14.95pt; width:88pt">\r\n			<p>Lý Thanh Trường</p>\r\n			</td>\r\n			<td style="height:14.95pt; width:80.95pt">\r\n			<p>Bà Rịa Vũng Tàu</p>\r\n			</td>\r\n			<td style="height:14.95pt; width:85pt">\r\n			<p>Nghĩa 4</p>\r\n			</td>\r\n			<td style="height:14.95pt; width:68.55pt">\r\n			<p>Ba</p>\r\n			</td>\r\n			<td style="height:14.95pt; width:175.6pt">\r\n			<p>01 Điện thoại Samsung Galaxy A12</p>\r\n			</td>\r\n		</tr>\r\n		<tr>\r\n			<td style="height:14.95pt; width:23.65pt">\r\n			<p>6</p>\r\n			</td>\r\n			<td style="height:14.95pt; width:88pt">\r\n			<p>Nguyễn Thị Hồng Hạnh</p>\r\n			</td>\r\n			<td style="height:14.95pt; width:80.95pt">\r\n			<p>Phú Thọ</p>\r\n			</td>\r\n			<td style="height:14.95pt; width:85pt">\r\n			<p>Bình Minh 1</p>\r\n			</td>\r\n			<td style="height:14.95pt; width:68.55pt">\r\n			<p>Ba</p>\r\n			</td>\r\n			<td style="height:14.95pt; width:175.6pt">\r\n			<p>01 Điện thoại Samsung Galaxy A12</p>\r\n			</td>\r\n		</tr>\r\n		<tr>\r\n			<td style="height:14.95pt; width:23.65pt">\r\n			<p>7</p>\r\n			</td>\r\n			<td style="height:14.95pt; width:88pt">\r\n			<p>Nguyễn Minh Hoài</p>\r\n			</td>\r\n			<td style="height:14.95pt; width:80.95pt">\r\n			<p>Đồng Nai</p>\r\n			</td>\r\n			<td style="height:14.95pt; width:85pt">\r\n			<p>Đức Anh HTT</p>\r\n			</td>\r\n			<td style="height:14.95pt; width:68.55pt">\r\n			<p>Ba</p>\r\n			</td>\r\n			<td style="height:14.95pt; width:175.6pt">\r\n			<p>01 Điện thoại Samsung Galaxy A12</p>\r\n			</td>\r\n		</tr>\r\n		<tr>\r\n			<td style="height:14.95pt; width:23.65pt">\r\n			<p>8</p>\r\n			</td>\r\n			<td style="height:14.95pt; width:88pt">\r\n			<p>Mai Thị Thanh Huyền</p>\r\n			</td>\r\n			<td style="height:14.95pt; width:80.95pt">\r\n			<p>Gia Lai</p>\r\n			</td>\r\n			<td style="height:14.95pt; width:85pt">\r\n			<p>Đức Dung 4</p>\r\n			</td>\r\n			<td style="height:14.95pt; width:68.55pt">\r\n			<p>Ba</p>\r\n			</td>\r\n			<td style="height:14.95pt; width:175.6pt">\r\n			<p>01 Điện thoại Samsung Galaxy A12</p>\r\n			</td>\r\n		</tr>\r\n		<tr>\r\n			<td style="height:14.95pt; width:23.65pt">\r\n			<p>9</p>\r\n			</td>\r\n			<td style="height:14.95pt; width:88pt">\r\n			<p>Nguyễn Văn Phi</p>\r\n			</td>\r\n			<td style="height:14.95pt; width:80.95pt">\r\n			<p>Lâm Đồng</p>\r\n			</td>\r\n			<td style="height:14.95pt; width:85pt">\r\n			<p>Ngọc Huệ 3</p>\r\n			</td>\r\n			<td style="height:14.95pt; width:68.55pt">\r\n			<p>Khuyến Khích</p>\r\n			</td>\r\n			<td style="height:14.95pt; width:175.6pt">\r\n			<p>01 Tai nghe Sony</p>\r\n			</td>\r\n		</tr>\r\n		<tr>\r\n			<td style="height:14.95pt; width:23.65pt">\r\n			<p>10</p>\r\n			</td>\r\n			<td style="height:14.95pt; width:88pt">\r\n			<p>Đỗ Thành Tài</p>\r\n			</td>\r\n			<td style="height:14.95pt; width:80.95pt">\r\n			<p>Đồng Tháp</p>\r\n			</td>\r\n			<td style="height:14.95pt; width:85pt">\r\n			<p>Tân Kiều 1</p>\r\n			</td>\r\n			<td style="height:14.95pt; width:68.55pt">\r\n			<p>Khuyến Khích</p>\r\n			</td>\r\n			<td style="height:14.95pt; width:175.6pt">\r\n			<p>01 Tai nghe Sony</p>\r\n			</td>\r\n		</tr>\r\n		<tr>\r\n			<td style="height:14.95pt; width:23.65pt">\r\n			<p>11</p>\r\n			</td>\r\n			<td style="height:14.95pt; width:88pt">\r\n			<p>Võ Hoàng Oanh</p>\r\n			</td>\r\n			<td style="height:14.95pt; width:80.95pt">\r\n			<p>Quảng Ngãi</p>\r\n			</td>\r\n			<td style="height:14.95pt; width:85pt">\r\n			<p>Sông Trà</p>\r\n			</td>\r\n			<td style="height:14.95pt; width:68.55pt">\r\n			<p>Khuyến Khích</p>\r\n			</td>\r\n			<td style="height:14.95pt; width:175.6pt">\r\n			<p>01 Tai nghe Sony</p>\r\n			</td>\r\n		</tr>\r\n		<tr>\r\n			<td style="height:14.95pt; width:23.65pt">\r\n			<p>12</p>\r\n			</td>\r\n			<td style="height:14.95pt; width:88pt">\r\n			<p>Ngô Thị Thu</p>\r\n			</td>\r\n			<td style="height:14.95pt; width:80.95pt">\r\n			<p>Bắc Ninh</p>\r\n			</td>\r\n			<td style="height:14.95pt; width:85pt">\r\n			<p>Cao Sơn</p>\r\n			</td>\r\n			<td style="height:14.95pt; width:68.55pt">\r\n			<p>Khuyến Khích</p>\r\n			</td>\r\n			<td style="height:14.95pt; width:175.6pt">\r\n			<p>01 Tai nghe Sony</p>\r\n			</td>\r\n		</tr>\r\n		<tr>\r\n			<td style="height:14.95pt; width:23.65pt">\r\n			<p>13</p>\r\n			</td>\r\n			<td style="height:14.95pt; width:88pt">\r\n			<p>Lâm Thị Ngọc</p>\r\n			</td>\r\n			<td style="height:14.95pt; width:80.95pt">\r\n			<p>Hà Nội</p>\r\n			</td>\r\n			<td style="height:14.95pt; width:85pt">\r\n			<p>Hồng Hạnh 3</p>\r\n			</td>\r\n			<td style="height:14.95pt; width:68.55pt">\r\n			<p>Khuyến Khích</p>\r\n			</td>\r\n			<td style="height:14.95pt; width:175.6pt">\r\n			<p>01 Tai nghe Sony</p>\r\n			</td>\r\n		</tr>\r\n		<tr>\r\n			<td style="height:14.95pt; width:23.65pt">\r\n			<p>14</p>\r\n			</td>\r\n			<td style="height:14.95pt; width:88pt">\r\n			<p>Vũ Văn Ngọc</p>\r\n			</td>\r\n			<td style="height:14.95pt; width:80.95pt">\r\n			<p>Phú Thọ</p>\r\n			</td>\r\n			<td style="height:14.95pt; width:85pt">\r\n			<p>Bình Minh 1</p>\r\n			</td>\r\n			<td style="height:14.95pt; width:68.55pt">\r\n			<p>Khuyến Khích</p>\r\n			</td>\r\n			<td style="height:14.95pt; width:175.6pt">\r\n			<p>01 Tai nghe Sony</p>\r\n			</td>\r\n		</tr>\r\n	</tbody>\r\n</table>', NULL, '/userfiles/images/post/post2.jpg', 1, 1, 0, 1, 0, 1, '5|1|2|14|16|6|3|9|7|10|8|4', NULL, '2022-06-28 17:23:28', '2022-06-28 17:42:31'),
	(5, 'Honda Việt Nam giới thiệu phiên bản CB150R The Streetster mới - Ngại gì dấn bước', 'honda-viet-nam-gioi-thieu-phien-ban-cb150r-the-streetster-moi-ngai-gi-dan-buoc', '<div class="editable">\r\n            <p>&nbsp;</p>\r\n<p style="text-align:justify;margin:10pt 0in 6pt 0in;"><strong><em><span style="font-family:Arial, sans-serif;color:#000000;">Hà Nội, ngày 12 tháng 05 năm 2022, Công ty Honda Việt Nam (HVN) giới thiệu phiên bản mới CB150R nhập khẩu nguyên chiếc từ Thái Lan. </span></em></strong></p>\r\n<p style="margin-bottom:6pt;text-align:justify;"><span style="font-family:Arial, sans-serif;color:#000000;">Từ năm 2019, HVN tạo điểm nhấn cho thị trường xe Naked bằng mẫu xe CB150R nhập khẩu nguyên chiếc từ Thái Lan, kế thừa thiết kế của dòng Neo Sports Café đình đám. Mang dáng vẻ bụi bặm bảnh bao, CB150R đã chiếm trọn trái tim của những người trẻ muốn tìm kiếm một chiếc xe đậm chất chơi, đáp ứng được yếu tố thẩm mỹ lẫn công năng sử dụng. </span></p>\r\n<p style="text-align:justify;margin:10pt 0in 6pt 0in;"><span style="font-family:Arial, sans-serif;color:#000000;">Không ngừng nỗ lực nhằm thỏa mãn hơn nữa thị hiếu của khách hàng, HVN chính thức ra mắt phiên bản mới CB150R với những thay đổi thú vị về tem màu giúp nâng tầm trải nghiệm về phong cách cho</span><span style="font-family:Arial, sans-serif;"> khách hàng</span></p>\r\n<p style="margin-bottom:6pt;"><strong><em><span style="font-family:Arial, sans-serif;">Phong cách thiết kế hài hòa mang nét cổ điển pha lẫn thể thao mạnh mẽ</span></em></strong></p>\r\n<p style="margin-bottom:10pt;text-align:justify;"><span style="font-family:Arial, sans-serif;">Là mẫu xe mang hơi hướng hoài cổ kết hợp cùng các đường nét khỏe khoắn, hiện đại, Honda CB150R tạo nên sự khác biệt khi nhắm vào phân khúc khách hàng mong muốn trải nghiệm những dòng xe mang kiểu dáng xe phân khối lớn với cách vận hành dễ dàng và thân thiện. Mẫu xe sở hữu thiết kế tổng hòa của các yếu tố tối giản và mạnh mẽ, mang đến sự thỏa mãn cho người sử dụng.</span></p>\r\n<p style="text-align:justify;"><span style="font-family:Arial, sans-serif;color:#000000;">Thiết kế tổng thể của CB150R vẫn giữ nguyên các nét đặc trưng khi tiếp tục tôn vinh diện mạo thể thao bằng</span><span style="font-family:Arial, sans-serif;"> càng sau xe làm từ thép tấm nhẹ cùng khả năng cân bằng tối ưu. Đồng thời, chi tiết <strong>khung xe được phủ màu sơn đỏ thời thượng,</strong> không những <span style="color:#000000;">mang lại hiệu ứng thị giác mạnh mẽ mà còn tạo luồng gió mới trong phong cách của chủ sỡ hữu</span>. Đặc biệt, <strong><span style="color:#000000;">CB150R The Streetster</span></strong></span><span style="font-family:Arial, sans-serif;"> còn mang nét chấm phá <strong>sáng tạo đến từ thiết kế tem xe</strong><span>, nổi bật với sắc đỏ cùng con số 150 in cỡ lớn được bố trí lên phía trước xe, khẳng định dấu ấn cá nhân vừa hiện đại vừa cổ điển của chủ sở hữu. </span></span><span style="font-family:Arial, sans-serif;">Ngoài ra, </span><span style="font-family:Arial, sans-serif;">mẫu xe này tiếp tục được trang bị hệ thống phuộc (giảm xóc) trước hành trình ngược có đường kính 41mm - loại phuộc thường gặp trên các dòng xe phân khối lớn. Trong phiên bản mới này, <strong>cặp phuộc vàng quen thuộc đã được đổi sang tông đen cá tính</strong> vừa mang lại cảm giác bụi bặm bảnh bao vừa đủ độ vững chãi chắc chắn.</span></p>\r\n<p style="text-align:justify;"><span style="font-family:Arial, sans-serif;color:#000000;">Bên cạnh việc thể hiện ngôn ngữ thiết kế bằng các chi tiết sáng tạo, <strong>CB150R The Streetster</strong> còn kế thừa thuộc tính của các phiên bản “đàn anh” trong dòng xe Naked Bike</span><span style="font-family:Arial, sans-serif;color:#000000;">. Toàn bộ hệ thống chiếu sáng trên xe sử dụng bóng LED. Màn hình LCD hiển thị các thông số kỹ thuật đầy đủ và rõ ràng, giúp người lái dễ dàng quan sát tốt ngay cả trong môi trường có cường độ ánh sáng mạnh. Toàn bộ những thông tin về tốc độ, nhiệt kế nước, vị trí số, đồng hồ báo vòng tua máy và đèn báo chuyển số đều hiển thị đầy đủ trên đồng hồ</span><span style="font-family:Arial, sans-serif;">. Mặt khác, xe được trang bị lốp sau kích thước lớn, rộng 150mm phù hợp với dòng xe thể thao 150cc và sử dụng hệ thống chống bó cứng phanh ABS 2 kênh giúp cân đối và tăng khả năng bám đường.</span></p>\r\n<p style="margin-bottom:6pt;text-align:justify;"><strong><em><span style="font-family:Arial, sans-serif;">Động cơ vận hành linh hoạt</span></em></strong></p>\r\n<p style="margin-bottom:10pt;text-align:justify;"><span style="font-family:Arial, sans-serif;color:#000000;">Được định vị là một chiếc xe linh hoạt phù hợp </span><span style="font-family:Arial, sans-serif;color:#000000;">cho những khách hàng mới lái và cả những tay lái đã có kinh nghiệm, </span><span style="font-family:Arial, sans-serif;color:#000000;">động cơ của </span><span style="font-family:Arial, sans-serif;color:#000000;">CB150R tiếp tục được</span> <span style="font-family:Arial, sans-serif;color:#000000;">duy trì</span><span style="font-family:Arial, sans-serif;color:#000000;"> sức mạnh phù hợp cho nhu cầu sử dụng khác nhau của </span><span style="font-family:Arial, sans-serif;color:#000000;">đa dạng </span><span style="font-family:Arial, sans-serif;color:#000000;">các đối tượng khách hàng</span><span style="font-family:Arial, sans-serif;color:#000000;">.</span><span style="font-family:Arial, sans-serif;"> Mẫu xe sở hữu động cơ DOHC 4 van, dung tích 149,2cc với xy-lanh đơn, làm mát bằng dung dịch và kết hợp cùng hộp số 6 cấp. Mẫu xe đạt công suất tối đa 12 kW tại 9.500 vòng/phút. Tất cả giúp đem đến những trải nghiệm tốc độ ấn tượng cho người sở hữu.</span></p>\r\n<p style="text-align:justify;margin:10pt 0in 10pt 0in;"><span style="font-family:Arial, sans-serif;color:#000000;">Với sứ mệnh </span><span style="font-family:Arial, sans-serif;">kích hoạt những trải nghiệm và cảm xúc thú vị mới cho những tín đồ muốn làm quen với các dòng xe thể thao và phân khối lớn</span><span style="font-family:Arial, sans-serif;">, <span style="color:#000000;">CB150R luôn làm hài lòng thị hiếu của số đông bằng </span>thiết kế tinh tế cùng động cơ vận hành linh hoạt. </span><span style="font-family:Arial, sans-serif;">Trên phiên bản mới <strong><em><span style="color:#000000;">CB150R The Streetster</span></em></strong>, HVN <span style="color:#000000;">hướng đến mục tiêu lan tỏa tinh thần "FUN TO RIDE" đến mọi người, để bất cứ ai cũng có thể tận hưởng niềm vui trong trải nghiệm lái xe như với các mẫu xe phân khối lớn thể thao</span><span style="color:#000000;">.</span></span></p>\r\n<p style="text-align:justify;margin:10pt 0in 10pt 0in;"><span style="font-family:Arial, sans-serif;color:#000000;">CB150R The Streetster</span> <span style="font-family:Arial, sans-serif;color:#000000;">sẽ</span><span style="font-family:Arial, sans-serif;"> chính thức được bán ra thị trường vào ngày 29 tháng 05 năm 2022 tại một số Hệ thống Cửa hàng bán xe và Dịch vụ do Honda Ủy nhiệm (HEAD) với mức giá bán lẻ đề xuất là: 105,500,000 VNĐ (đã bao gồm VAT). </span></p>\r\n<p style="text-align:justify;"><strong><span style="font-family:Arial, sans-serif;color:#000000;"><span>&nbsp;&nbsp;&nbsp; </span>Xin trân trọng cảm ơn</span></strong></p>\r\n<p style="margin-left:4.5pt;text-align:justify;"><strong><span style="font-family:Arial, sans-serif;color:#000000;"><span>&nbsp; </span>Công ty Honda Việt Nam</span></strong></p>\r\n\r\n        </div>', NULL, '/userfiles/images/post/post4.png', 1, 1, 1, 1, 0, 1, '5|1|2|14|16|6|3|9|7|10|8', NULL, '2022-06-28 17:43:33', '2022-06-28 17:43:33'),
	(6, 'Honda Việt Nam hợp tác cùng Đen ra mắt MV ca nhạc thương hiệu “Đi trong mùa hè”', 'honda-viet-nam-hop-tac-cung-den-ra-mat-mv-ca-nhac-thuong-hieu-di-trong-mua-he', '<p>&nbsp;</p>\r\n\r\n<p>Tiếp nối sự thành công đến từ những video ca nhạc trước đây (Đi về nhà, Mang tiền về cho mẹ) kết hợp cùng nghệ sĩ Đen, HVN ra mắt video ca nhạc mới nhất mang tựa đề <strong>“ĐI TRONG MÙA HÈ” </strong>với sự kết hợp giữa 3 thế hệ: <strong>nghệ sĩ Trần Tiến</strong>, <strong>rapper Đen</strong> và diễn viên trẻ <strong>Nguyễn Lâm Thảo Tâm</strong> từ bộ phim “Mắt Biếc” vào ngày 09/05/2022</p>\r\n\r\n<p>&nbsp;</p>\r\n\r\n<p>Thông qua video ca nhạc “ĐI TRONG MÙA HÈ”, Honda Việt Nam là một công ty cùng khách hàng chuyên chở Ước mơ &amp; niềm Tự hào lớn, nhấn mạnh sự hiện diện của xe Honda trong cuộc sống thường ngày cũng như những sự kiện trọng đại của người dân Việt Nam. Tựa đề “ĐI TRONG MÙA HÈ” cũng đồng thời mang&nbsp;ý nghĩa Đi Trong <em>“cơn bão" </em>Mùa Hè vào đúng thời điểm khán giả Việt đang hướng về bóng đá nước nhà với Ước mơ bảo toàn ngôi Vô địch tại SEA Games 31, là một lời cổ vũ và gợi nhắc mọi người về mùa hè cùng Honda cổ vũ và tạo nên hồi ức đáng nhớ.</p>\r\n\r\n<p>&nbsp;</p>\r\n\r\n<p>Xem ngay video ca nhạc tại đây:</p>\r\n\r\n<p><a href="https://www.youtube.com/watch?v=m-7YVLOgvag">Đen - Đi Trong Mùa Hè ft. Nhạc sĩ Trần Tiến (M/V)</a></p>', NULL, '/userfiles/images/post/post5.jpg', 1, 1, 0, 1, 0, 0, '5|1|2|14|16|6|3|9|7|10|8|4', NULL, '2022-06-28 17:46:30', '2022-06-28 17:46:46');
/*!40000 ALTER TABLE `posts` ENABLE KEYS */;

-- Dumping structure for table mmzweb.products
CREATE TABLE IF NOT EXISTS `products` (
  `id` bigint(20) unsigned NOT NULL AUTO_INCREMENT,
  `title` varchar(191) COLLATE utf8mb4_unicode_ci NOT NULL,
  `slug` varchar(191) COLLATE utf8mb4_unicode_ci NOT NULL,
  `content` text COLLATE utf8mb4_unicode_ci DEFAULT NULL,
  `overview` text COLLATE utf8mb4_unicode_ci DEFAULT NULL,
  `product_attributes_id` text COLLATE utf8mb4_unicode_ci DEFAULT NULL,
  `product_attributes_value_id` text COLLATE utf8mb4_unicode_ci DEFAULT NULL,
  `quantity` bigint(20) NOT NULL DEFAULT 0,
  `guarantee` bigint(20) DEFAULT 0,
  `number_sell` bigint(20) DEFAULT 0,
  `order` text COLLATE utf8mb4_unicode_ci DEFAULT NULL,
  `vat` varchar(191) COLLATE utf8mb4_unicode_ci DEFAULT NULL,
  `value_vat` varchar(191) COLLATE utf8mb4_unicode_ci DEFAULT NULL,
  `view` bigint(20) DEFAULT 0,
  `brands_id` varchar(191) COLLATE utf8mb4_unicode_ci DEFAULT NULL,
  `link_view` varchar(191) COLLATE utf8mb4_unicode_ci DEFAULT NULL,
  `regular_price` bigint(20) NOT NULL DEFAULT 0,
  `sale_price` bigint(20) NOT NULL DEFAULT 0,
  `sku` varchar(191) COLLATE utf8mb4_unicode_ci DEFAULT NULL,
  `images` varchar(191) COLLATE utf8mb4_unicode_ci DEFAULT NULL,
  `is_active` tinyint(3) unsigned NOT NULL DEFAULT 1,
  `is_instock` tinyint(3) unsigned NOT NULL DEFAULT 1,
  `is_hot` tinyint(3) unsigned NOT NULL DEFAULT 0,
  `id_user` bigint(20) unsigned NOT NULL DEFAULT 0,
  `created_at` timestamp NULL DEFAULT NULL,
  `updated_at` timestamp NULL DEFAULT NULL,
  PRIMARY KEY (`id`),
  UNIQUE KEY `products_title_slug_unique` (`title`,`slug`),
  KEY `products_id_user_foreign` (`id_user`),
  CONSTRAINT `products_id_user_foreign` FOREIGN KEY (`id_user`) REFERENCES `users` (`id`) ON DELETE CASCADE
) ENGINE=InnoDB AUTO_INCREMENT=43 DEFAULT CHARSET=utf8mb4 COLLATE=utf8mb4_unicode_ci;

-- Dumping data for table mmzweb.products: ~41 rows (approximately)
/*!40000 ALTER TABLE `products` DISABLE KEYS */;
INSERT INTO `products` (`id`, `title`, `slug`, `content`, `overview`, `product_attributes_id`, `product_attributes_value_id`, `quantity`, `guarantee`, `number_sell`, `order`, `vat`, `value_vat`, `view`, `brands_id`, `link_view`, `regular_price`, `sale_price`, `sku`, `images`, `is_active`, `is_instock`, `is_hot`, `id_user`, `created_at`, `updated_at`) VALUES
	(1, 'CBR 1000RR-SP', 'cbr-1000rr-sp', '<p>Honda CBR1000RR là mẫu siêu mô tô thuộc dòng Super Sport, được bán chính thức tại Việt Nam với 2 phiên bản gồm CBR1000RR Fireblade (tiêu chuẩn) và CBR1000RR Fireblade SP (thể thao). Tất nhiên giá xe Honda CBR1000RR không hề rẻ.</p>\r\n\r\n<p>Honda CBR1000RR Fireblade phiên bản mới nhất được nâng cấp cả về thiết kế khí động học lẫn công nghệ động cơ, mang lại cho người sử dụng một mẫu siêu mô tô đẹp hơn, gọn nhẹ, mạnh mẽ và đậm chất thể thao GP hơn so với trước.</p>\r\n\r\n<p><em><img alt="Đánh giá thông số kỹ thuật xe Honda CBR1000RR" src="http://mmzpkl.com/userfiles/images/sub_image/MotaHonda-CBR1000RR-Fireblade-10.jpg" style="height:360px; width:100%" /></em></p>\r\n\r\n<p><em>Honda CBR1000RR Fireblade SP 2019 xứng danh siêu ngựa “đắt sắc ra miếng”</em></p>\r\n\r\n<p>Lần đầu tiên xuất hiện chính thức ở Việt Nam tại Vietnam Motorcycle Show vào hồi năm 2017, &nbsp;Honda CBR1000RR đã thu hút không ít sự chú ý của khách hàng Việt, nhất là những người đam mê xe mô tô phân khối lớn.</p>\r\n\r\n<p><em><img alt="Đánh giá thông số kỹ thuật xe Honda CBR1000RR" src="http://mmzpkl.com/userfiles/images/sub_image/MotaHonda-CBR1000RR-Fireblade-1.jpg" style="height:360px; width:100%" /></em></p>\r\n\r\n<p><em>Honda CBR1000RR Fireblade 2019 phiên bản tiêu chuẩn</em></p>\r\n\r\n<p>Có thể nói, sự xuất hiện của Honda CBR1000RR đã chính thức chấm dựt vị thế độc tôn trong khoảng thời gian dài của “ông kẹ” BMW S1000RR và là trở thành đối thủ xứng tầm với các chiến binh 1000 phân khối khác như Yamaha R1M hay Suzuki GSX-R1000...</p>\r\n\r\n<p><img alt="Đánh giá thông số kỹ thuật xe Honda CBR1000RR" src="http://mmzpkl.com/userfiles/images/sub_image/MotaHonda-CBR1000RR-Fireblade-23.jpg" style="height:360px; width:100%" /></p>\r\n\r\n<p>Honda CBR1000RR chính thức giới thiệu đến khách hàng Việt vào trung tuần tháng 3/2019 và nhanh chóng gây sự chú ý, quan tâm đặc biệt của khách hàng. Cả 02 phiên bản Honda CBR1000RR Fireblade 2019 (tiêu chuẩn) và Honda CBR1000RR Fireblade SP 2019 (thể thao) mới nhất được nhập khẩu nguyên chiếc về từ Nhật Bản và bày bán tại đại lý Honda Motor, Thưởng Motor ở Tp. Hồ Chí Minh với mức giá đề nghị đã bao gồm thuế VAT là 560 triệu đồng cho phiên bản tiêu chuẩn và 678 triệu đồng cho phiên bản SP thể thao.</p>\r\n\r\n<p><strong>ĐÁNH GIÁ XE HONDA CBR1000RR&nbsp;</strong><strong>FIREBLADE&nbsp;</strong><strong>2019</strong></p>\r\n\r\n<p><em><strong>Về thiết kế</strong></em>, Honda CBR1000RR Fireblade với bản chất là dòng Super Sport nên có kiểu dáng thiết kế đậm tính khí động học và phong cách thể thao sắc sảo, mạnh mẽ và đầy uy lực của một mẫu Motor GP. Bạn sẽ hoàn toàn bị chinh phục ở mọi góc nhìn khi chiêm ngưỡng vẻ đẹp của Honda CBR1000RR Fireblade mới.</p>\r\n\r\n<p><img alt="Đánh giá thông số kỹ thuật xe Honda CBR1000RR" src="http://mmzpkl.com/userfiles/images/sub_image/MotaHonda-CBR1000RR-Fireblade-24.jpg" style="height:360px; width:100%" /></p>\r\n\r\n<p><strong>Phần đầu xe Honda CBR1000RR Fireblade </strong>gây ấn tượng mạnh bởi đặc trưng thiết kế đậm tính thể thao, góc cạnh sắc nét. Hệ thống đèn pha sử dụng công nghệ Full LED siêu sáng hiện đại được thiết kế dạng đôi đối xứng tạo cảm giác hầm hố hơn.</p>\r\n\r\n<p><img alt="Đánh giá thông số kỹ thuật xe Honda CBR1000RR" src="http://mmzpkl.com/userfiles/images/sub_image/MotaHonda-CBR1000RR-Fireblade-25.jpg" style="height:360px; width:100%" /></p>\r\n\r\n<p>Điểm đáng chú ý ở Honda CBR1000RR Fireblade được trang bị cụm đồng hồ rất hiện đại, với màn hình màu TFT có thể tự điều chỉnh ánh sáng xung quanh phù hợp trong từng điều kiện không gian, và có 3 chế độ hiển thị gồm: Street, Circuit và Mechanic. Trong đó, Street sẽ hiển thị các chế độ lái (Mode 1, 2, 3, User 1 và User 2) được hỗ trợ và các thiết lập của Power Selector, hệ thống kiểm soát mô-men xoắn 9 cấp HSTC, lựa chọn hệ thống phanh và hệ thống treo. Máy tính trung tâm của Blade sẽ phải tính toán mức tiêu thụ nhiên liệu tức thời và trung bình, tiêu hao nhiên liệu trong hành trình, tốc độ và thời gian trung bình sau lần đánh lửa cuối cùng, cùng với nhiên liệu còn lại sau đèn RES...</p>\r\n\r\n<p><img alt="Đánh giá thông số kỹ thuật xe Honda CBR1000RR" src="http://mmzpkl.com/userfiles/images/sub_image/MotaHonda-CBR1000RR-Fireblade-16.jpg" style="height:360px; width:100%" /></p>\r\n\r\n<p>Tiếp theo, ở kiểu Circuit, màn hình TFT sẽ có thêm một đồng hồ đua, số vòng và vòng thể hiện kết quả Lap Time tốt nhất nổi bật. Cuối cùng, Mechanic sẽ hiển thị tốc kế kỹ thuật số, vị trí bánh răng, góc tiếp xúc giữa mặt đường và bánh xe, nhiệt độ nước làm mát và điện áp pin.</p>\r\n\r\n<p><strong>Phần thân xe Honda CBR1000RR Fireblade 2019</strong> là một khối thống nhất thể hiện rất rõ đặc trưng của một mẫu mô tô PKL, đó là sự chắc chắn và đầy tính cơ bắp mạnh mẽ nhưng không thiếu phần góc cạnh thể thao và hiện đại.</p>\r\n\r\n<p><img alt="Đánh giá thông số kỹ thuật xe Honda CBR1000RR" src="http://mmzpkl.com/userfiles/images/sub_image/MotaHonda-CBR1000RR-Fireblade-8.jpg" style="height:360px; width:100%" /></p>\r\n\r\n<p>Đặc biệt, sự sắc sảo trong thiết kế mang đậm tính khí động học thể hiện rất rõ khi khối động cơ của Honda CBR1000RR được dấu gọn bên trong các mản nhựa ốp ngoài thân xe, tạo tính thẩm mỹ cao và có cảm giác gọn gàn, đậm chất thể thao GP hơn. Theo đó, mọi chi tiết đều được gói gọn bên trong dàn áo bắt mắt, đậm chất thể thao, dựa trên cảm hứng lấy từ các mẫu xe chuyên dụng trên đường đua. Cấu trúc dàn áo đặc biệt khi hướng các dòng khí chạy từ vùng áp lực cao ở phía trước đến ống dẫn khí vào bầu lọc gió, giúp động cơ xe được làm mát một cách hoàn hảo nhất.</p>\r\n\r\n<p><strong>Phần đuôi xe Honda CBR1000RR Fireblade 2019</strong> cũng là điểm gây sự chú ý không kém khi cụm đèn hậu thiết kế gọn, mỏng với công nghệ LED nhiều bóng, phía dưới đèn hậu là 2 đèn xi-nhan rời được tích hợp vào dè chắn bùn sau tạo cảm giác hiện đại, mạnh mẽ và dễ nhận biết hơn cho người tham gia giao thông phía sau.</p>\r\n\r\n<p><img alt="Đánh giá thông số kỹ thuật xe Honda CBR1000RR" src="http://mmzpkl.com/userfiles/images/sub_image/MotaHonda-CBR1000RR-Fireblade-20.jpg" style="height:360px; width:100%" /></p>\r\n\r\n<p>Đặc biệt, Honda CBR1000RR 2019 được trang bị hệ thống treo Showa Dual Bending Valve (SDBV) hành trình ngược đường kính 41 mm, kết hợp cùng chế độ điều khiển điện tử Öhlins S-EC NIX30 với khả năng điều chỉnh độ giảm chấn và tải trước riêng biệt, mang lại khả năng giảm chấn tối ưu và cảm giác êm mượt, đồng thời giúp duy trì khả năng bám đường tối đa cho bánh trước. Kết hợp cùng giảm xóc sau dạng lo xo trụ đơn điều khiển điện tử Öhlins S-EC TTX36 dùng liên kết Unit Pro-link tùy chỉnh tải trước, cho phép người lái có thể điều chỉnh tải trọng của xe tùy theo điều kiện địa hình và khối lượng di chuyển, giúp người lái tận hưởng các cung đường một cách trọn vẹn nhất.</p>\r\n\r\n<p><img alt="Đánh giá thông số kỹ thuật xe Honda CBR1000RR" src="http://mmzpkl.com/userfiles/images/sub_image/MotaHonda-CBR1000RR-Fireblade-4.jpg" style="height:360px; width:100%" /></p>\r\n\r\n<p>Yên xe thiết kế đẹp mắt, gọn gàng phân tách thành 2 phần riêng biệt, yên xe có kích thước lớn đem lại cảm giác thoải mái nhất cho cả người điều khiển và người ngồi sau xe.</p>\r\n\r\n<p><img alt="Đánh giá thông số kỹ thuật xe Honda CBR1000RR" src="http://mmzpkl.com/userfiles/images/sub_image/MotaHonda-CBR1000RR-Fireblade-15.jpg" style="height:360px; width:100%" /></p>\r\n\r\n<p>Hệ thống ống xả tiêu âm 4 trong 1 trên Honda CBR1000RR mới có thiết kế ngắn, khỏe và không quá phô trương, nó gồm hai buồng bên trong, kết hợp cùng một ống liên kết, trọng lượng của ống xả nhẹ hơn, đồng thời mang lại âm thanh sắc nét hơn khi tăng vòng tua máy.</p>\r\n\r\n<p><strong>ĐÁNH GIÁ TÍNH NĂNG NỔI BẬT CỦA HONDA CBR1000RR 2019</strong></p>\r\n\r\n<p><em><strong>Về tính năng an toàn</strong></em>, Honda CBR1000RR Fireblade được trang bị phanh đĩa thủy lực đôi, đường kính 320mm với kẹp phanh 4 piston của Brembo ở bánh trước. Bánh xe phía sau là hệ thống phanh đĩa thủy lực đơn, đường kính 240 mm với kẹp phanh 1 piston của Brembo.</p>\r\n\r\n<p><img alt="Đánh giá thông số kỹ thuật xe Honda CBR1000RR" src="http://mmzpkl.com/userfiles/images/sub_image/MotaHonda-CBR1000RR-Fireblade-2.jpg" style="height:360px; width:100%" /></p>\r\n\r\n<p>Bên cạnh đó, hệ thống chống bó cứng phanh ABS được trang bị trên cả 2 bánh xe giúp&nbsp; đảm bảo tối đa an toàn khi xử lý tình huống khẩn cấp của Honda CBR1000RR.</p>\r\n\r\n<p><em><strong>Về tiện ích</strong></em>, Honda CBR1000RR Fireblade có bình xăng lớn với dung tích chứa tối đa 16,2 lít xăng, tạo được sự an tâm khi di chuyển trên những chặng đường dài đối với một chiếc mô tô PKL nói chung.</p>\r\n\r\n<p><img alt="Đánh giá thông số kỹ thuật xe Honda CBR1000RR" src="http://mmzpkl.com/userfiles/images/sub_image/MotaHonda-CBR1000RR-Fireblade-3.jpg" style="height:360px; width:100%" /></p>\r\n\r\n<p>Đặc biệt, CBR1000RR &nbsp;sử dụng bộ vành hợp kim đúc 17 inch đa chấu, đi kèm lốp thương hiệu Dunlop Trailmax với kích thước lốp to bản giúp tăng khả năng giữ thăng bằng và bám đường. Cụ thể, bộ lốp hiệu Dunlop Trailmax của CBR1000RR có kích thước 120 / 70ZR17 M/C (58W) ở bánh trước và 190/55 ZR17 M/C (75W) ở bánh sau, hỗ trợ tốt cho khả năng di chuyển linh hoạt và hiệu quả trên nhiều điều kiện địa hình.</p>\r\n\r\n<p><img alt="Đánh giá thông số kỹ thuật xe Honda CBR1000RR" src="http://mmzpkl.com/userfiles/images/sub_image/MotaHonda-CBR1000RR-Fireblade-26.jpg" style="height:360px; width:100%" /></p>\r\n\r\n<p><em><strong>Về công nghệ hiện đại</strong></em>, Honda CBR1000RR FireBlade được trang bị một số công nghệ điện tử hỗ trợ đáng chú ý như ga điện tử, hệ thống kiểm soát lực kéo HSTC 9 cấp, chống trượt bánh sau, kiểm soát bốc đầu, hệ thống chọn chế độ lái RMSS và hệ thống phanh động cơ SEB...</p>', 'Honda CBR1000RR SP là mẫu siêu mô tô thuộc dòng Super Sport, được bán chính thức tại Việt Nam với 2 phiên bản gồm CBR1000RR Fireblade (tiêu chuẩn)\r\n	 và CBR1000RR Fireblade SP (thể thao). Tất nhiên giá xe Honda CBR1000RR không hề rẻ.', NULL, NULL, 3, 0, 2, NULL, NULL, NULL, 24, '1', NULL, 999999999, 0, NULL, '/userfiles/images/CBR1000RRSP.jpg', 1, 1, 0, 1, '2022-06-02 15:29:11', '2022-07-02 08:36:06'),
	(2, 'CBR 1000RR', 'cbr-1000rr', '<p>Honda CBR1000RR là mẫu siêu mô tô thuộc dòng Super Sport, được bán chính thức tại Việt Nam với 2 phiên bản gồm CBR1000RR Fireblade (tiêu chuẩn) và CBR1000RR Fireblade SP (thể thao). Tất nhiên giá xe Honda CBR1000RR không hề rẻ.</p>\r\n\r\n<p>Honda CBR1000RR Fireblade phiên bản mới nhất được nâng cấp cả về thiết kế khí động học lẫn công nghệ động cơ, mang lại cho người sử dụng một mẫu siêu mô tô đẹp hơn, gọn nhẹ, mạnh mẽ và đậm chất thể thao GP hơn so với trước.</p>\r\n\r\n<p><em><img alt="Đánh giá thông số kỹ thuật xe Honda CBR1000RR" src="http://mmzpkl.com/userfiles/images/sub_image/MotaHonda-CBR1000RR-Fireblade-10.jpg" style="height:360px; width:100%" /></em></p>\r\n\r\n<p><em>Honda CBR1000RR Fireblade SP 2019 xứng danh siêu ngựa “đắt sắc ra miếng”</em></p>\r\n\r\n<p>Lần đầu tiên xuất hiện chính thức ở Việt Nam tại Vietnam Motorcycle Show vào hồi năm 2017, &nbsp;Honda CBR1000RR đã thu hút không ít sự chú ý của khách hàng Việt, nhất là những người đam mê xe mô tô phân khối lớn.</p>\r\n\r\n<p><em><img alt="Đánh giá thông số kỹ thuật xe Honda CBR1000RR" src="http://mmzpkl.com/userfiles/images/sub_image/MotaHonda-CBR1000RR-Fireblade-1.jpg" style="height:360px; width:100%" /></em></p>\r\n\r\n<p><em>Honda CBR1000RR Fireblade 2019 phiên bản tiêu chuẩn</em></p>\r\n\r\n<p>Có thể nói, sự xuất hiện của Honda CBR1000RR đã chính thức chấm dựt vị thế độc tôn trong khoảng thời gian dài của “ông kẹ” BMW S1000RR và là trở thành đối thủ xứng tầm với các chiến binh 1000 phân khối khác như Yamaha R1M hay Suzuki GSX-R1000...</p>\r\n\r\n<p><img alt="Đánh giá thông số kỹ thuật xe Honda CBR1000RR" src="http://mmzpkl.com/userfiles/images/sub_image/MotaHonda-CBR1000RR-Fireblade-23.jpg" style="height:360px; width:100%" /></p>\r\n\r\n<p>Honda CBR1000RR chính thức giới thiệu đến khách hàng Việt vào trung tuần tháng 3/2019 và nhanh chóng gây sự chú ý, quan tâm đặc biệt của khách hàng. Cả 02 phiên bản Honda CBR1000RR Fireblade 2019 (tiêu chuẩn) và Honda CBR1000RR Fireblade SP 2019 (thể thao) mới nhất được nhập khẩu nguyên chiếc về từ Nhật Bản và bày bán tại đại lý Honda Motor, Thưởng Motor ở Tp. Hồ Chí Minh với mức giá đề nghị đã bao gồm thuế VAT là 560 triệu đồng cho phiên bản tiêu chuẩn và 678 triệu đồng cho phiên bản SP thể thao.</p>\r\n\r\n<p><strong>ĐÁNH GIÁ XE HONDA CBR1000RR&nbsp;</strong><strong>FIREBLADE&nbsp;</strong><strong>2019</strong></p>\r\n\r\n<p><em><strong>Về thiết kế</strong></em>, Honda CBR1000RR Fireblade với bản chất là dòng Super Sport nên có kiểu dáng thiết kế đậm tính khí động học và phong cách thể thao sắc sảo, mạnh mẽ và đầy uy lực của một mẫu Motor GP. Bạn sẽ hoàn toàn bị chinh phục ở mọi góc nhìn khi chiêm ngưỡng vẻ đẹp của Honda CBR1000RR Fireblade mới.</p>\r\n\r\n<p><img alt="Đánh giá thông số kỹ thuật xe Honda CBR1000RR" src="http://mmzpkl.com/userfiles/images/sub_image/MotaHonda-CBR1000RR-Fireblade-24.jpg" style="height:360px; width:100%" /></p>\r\n\r\n<p><strong>Phần đầu xe Honda CBR1000RR Fireblade </strong>gây ấn tượng mạnh bởi đặc trưng thiết kế đậm tính thể thao, góc cạnh sắc nét. Hệ thống đèn pha sử dụng công nghệ Full LED siêu sáng hiện đại được thiết kế dạng đôi đối xứng tạo cảm giác hầm hố hơn.</p>\r\n\r\n<p><img alt="Đánh giá thông số kỹ thuật xe Honda CBR1000RR" src="http://mmzpkl.com/userfiles/images/sub_image/MotaHonda-CBR1000RR-Fireblade-25.jpg" style="height:360px; width:100%" /></p>\r\n\r\n<p>Điểm đáng chú ý ở Honda CBR1000RR Fireblade được trang bị cụm đồng hồ rất hiện đại, với màn hình màu TFT có thể tự điều chỉnh ánh sáng xung quanh phù hợp trong từng điều kiện không gian, và có 3 chế độ hiển thị gồm: Street, Circuit và Mechanic. Trong đó, Street sẽ hiển thị các chế độ lái (Mode 1, 2, 3, User 1 và User 2) được hỗ trợ và các thiết lập của Power Selector, hệ thống kiểm soát mô-men xoắn 9 cấp HSTC, lựa chọn hệ thống phanh và hệ thống treo. Máy tính trung tâm của Blade sẽ phải tính toán mức tiêu thụ nhiên liệu tức thời và trung bình, tiêu hao nhiên liệu trong hành trình, tốc độ và thời gian trung bình sau lần đánh lửa cuối cùng, cùng với nhiên liệu còn lại sau đèn RES...</p>\r\n\r\n<p><img alt="Đánh giá thông số kỹ thuật xe Honda CBR1000RR" src="http://mmzpkl.com/userfiles/images/sub_image/MotaHonda-CBR1000RR-Fireblade-16.jpg" style="height:360px; width:100%" /></p>\r\n\r\n<p>Tiếp theo, ở kiểu Circuit, màn hình TFT sẽ có thêm một đồng hồ đua, số vòng và vòng thể hiện kết quả Lap Time tốt nhất nổi bật. Cuối cùng, Mechanic sẽ hiển thị tốc kế kỹ thuật số, vị trí bánh răng, góc tiếp xúc giữa mặt đường và bánh xe, nhiệt độ nước làm mát và điện áp pin.</p>\r\n\r\n<p><strong>Phần thân xe Honda CBR1000RR Fireblade 2019</strong> là một khối thống nhất thể hiện rất rõ đặc trưng của một mẫu mô tô PKL, đó là sự chắc chắn và đầy tính cơ bắp mạnh mẽ nhưng không thiếu phần góc cạnh thể thao và hiện đại.</p>\r\n\r\n<p><img alt="Đánh giá thông số kỹ thuật xe Honda CBR1000RR" src="http://mmzpkl.com/userfiles/images/sub_image/MotaHonda-CBR1000RR-Fireblade-8.jpg" style="height:360px; width:100%" /></p>\r\n\r\n<p>Đặc biệt, sự sắc sảo trong thiết kế mang đậm tính khí động học thể hiện rất rõ khi khối động cơ của Honda CBR1000RR được dấu gọn bên trong các mản nhựa ốp ngoài thân xe, tạo tính thẩm mỹ cao và có cảm giác gọn gàn, đậm chất thể thao GP hơn. Theo đó, mọi chi tiết đều được gói gọn bên trong dàn áo bắt mắt, đậm chất thể thao, dựa trên cảm hứng lấy từ các mẫu xe chuyên dụng trên đường đua. Cấu trúc dàn áo đặc biệt khi hướng các dòng khí chạy từ vùng áp lực cao ở phía trước đến ống dẫn khí vào bầu lọc gió, giúp động cơ xe được làm mát một cách hoàn hảo nhất.</p>\r\n\r\n<p><strong>Phần đuôi xe Honda CBR1000RR Fireblade 2019</strong> cũng là điểm gây sự chú ý không kém khi cụm đèn hậu thiết kế gọn, mỏng với công nghệ LED nhiều bóng, phía dưới đèn hậu là 2 đèn xi-nhan rời được tích hợp vào dè chắn bùn sau tạo cảm giác hiện đại, mạnh mẽ và dễ nhận biết hơn cho người tham gia giao thông phía sau.</p>\r\n\r\n<p><img alt="Đánh giá thông số kỹ thuật xe Honda CBR1000RR" src="http://mmzpkl.com/userfiles/images/sub_image/MotaHonda-CBR1000RR-Fireblade-20.jpg" style="height:360px; width:100%" /></p>\r\n\r\n<p>Đặc biệt, Honda CBR1000RR 2019 được trang bị hệ thống treo Showa Dual Bending Valve (SDBV) hành trình ngược đường kính 41 mm, kết hợp cùng chế độ điều khiển điện tử Öhlins S-EC NIX30 với khả năng điều chỉnh độ giảm chấn và tải trước riêng biệt, mang lại khả năng giảm chấn tối ưu và cảm giác êm mượt, đồng thời giúp duy trì khả năng bám đường tối đa cho bánh trước. Kết hợp cùng giảm xóc sau dạng lo xo trụ đơn điều khiển điện tử Öhlins S-EC TTX36 dùng liên kết Unit Pro-link tùy chỉnh tải trước, cho phép người lái có thể điều chỉnh tải trọng của xe tùy theo điều kiện địa hình và khối lượng di chuyển, giúp người lái tận hưởng các cung đường một cách trọn vẹn nhất.</p>\r\n\r\n<p><img alt="Đánh giá thông số kỹ thuật xe Honda CBR1000RR" src="http://mmzpkl.com/userfiles/images/sub_image/MotaHonda-CBR1000RR-Fireblade-4.jpg" style="height:360px; width:100%" /></p>\r\n\r\n<p>Yên xe thiết kế đẹp mắt, gọn gàng phân tách thành 2 phần riêng biệt, yên xe có kích thước lớn đem lại cảm giác thoải mái nhất cho cả người điều khiển và người ngồi sau xe.</p>\r\n\r\n<p><img alt="Đánh giá thông số kỹ thuật xe Honda CBR1000RR" src="http://mmzpkl.com/userfiles/images/sub_image/MotaHonda-CBR1000RR-Fireblade-15.jpg" style="height:360px; width:100%" /></p>\r\n\r\n<p>Hệ thống ống xả tiêu âm 4 trong 1 trên Honda CBR1000RR mới có thiết kế ngắn, khỏe và không quá phô trương, nó gồm hai buồng bên trong, kết hợp cùng một ống liên kết, trọng lượng của ống xả nhẹ hơn, đồng thời mang lại âm thanh sắc nét hơn khi tăng vòng tua máy.</p>\r\n\r\n<p><strong>ĐÁNH GIÁ TÍNH NĂNG NỔI BẬT CỦA HONDA CBR1000RR 2019</strong></p>\r\n\r\n<p><em><strong>Về tính năng an toàn</strong></em>, Honda CBR1000RR Fireblade được trang bị phanh đĩa thủy lực đôi, đường kính 320mm với kẹp phanh 4 piston của Brembo ở bánh trước. Bánh xe phía sau là hệ thống phanh đĩa thủy lực đơn, đường kính 240 mm với kẹp phanh 1 piston của Brembo.</p>\r\n\r\n<p><img alt="Đánh giá thông số kỹ thuật xe Honda CBR1000RR" src="http://mmzpkl.com/userfiles/images/sub_image/MotaHonda-CBR1000RR-Fireblade-2.jpg" style="height:360px; width:100%" /></p>\r\n\r\n<p>Bên cạnh đó, hệ thống chống bó cứng phanh ABS được trang bị trên cả 2 bánh xe giúp&nbsp; đảm bảo tối đa an toàn khi xử lý tình huống khẩn cấp của Honda CBR1000RR.</p>\r\n\r\n<p><em><strong>Về tiện ích</strong></em>, Honda CBR1000RR Fireblade có bình xăng lớn với dung tích chứa tối đa 16,2 lít xăng, tạo được sự an tâm khi di chuyển trên những chặng đường dài đối với một chiếc mô tô PKL nói chung.</p>\r\n\r\n<p><img alt="Đánh giá thông số kỹ thuật xe Honda CBR1000RR" src="http://mmzpkl.com/userfiles/images/sub_image/MotaHonda-CBR1000RR-Fireblade-3.jpg" style="height:360px; width:100%" /></p>\r\n\r\n<p>Đặc biệt, CBR1000RR &nbsp;sử dụng bộ vành hợp kim đúc 17 inch đa chấu, đi kèm lốp thương hiệu Dunlop Trailmax với kích thước lốp to bản giúp tăng khả năng giữ thăng bằng và bám đường. Cụ thể, bộ lốp hiệu Dunlop Trailmax của CBR1000RR có kích thước 120 / 70ZR17 M/C (58W) ở bánh trước và 190/55 ZR17 M/C (75W) ở bánh sau, hỗ trợ tốt cho khả năng di chuyển linh hoạt và hiệu quả trên nhiều điều kiện địa hình.</p>\r\n\r\n<p><img alt="Đánh giá thông số kỹ thuật xe Honda CBR1000RR" src="http://mmzpkl.com/userfiles/images/sub_image/MotaHonda-CBR1000RR-Fireblade-26.jpg" style="height:360px; width:100%" /></p>\r\n\r\n<p><em><strong>Về công nghệ hiện đại</strong></em>, Honda CBR1000RR FireBlade được trang bị một số công nghệ điện tử hỗ trợ đáng chú ý như ga điện tử, hệ thống kiểm soát lực kéo HSTC 9 cấp, chống trượt bánh sau, kiểm soát bốc đầu, hệ thống chọn chế độ lái RMSS và hệ thống phanh động cơ SEB...</p>', 'Honda CBR1000RR là mẫu siêu mô tô thuộc dòng Super Sport, được bán chính thức tại Việt Nam với 2 phiên bản gồm CBR1000RR Fireblade (tiêu chuẩn)\r\n	 và CBR1000RR Fireblade SP (thể thao). Tất nhiên giá xe Honda CBR1000RR không hề rẻ.', NULL, NULL, 100, 0, 0, NULL, NULL, NULL, 4, '1', NULL, 670000000, 0, NULL, '/userfiles/images/CBR1000RR.png', 1, 1, 0, 1, '2022-06-03 09:45:13', '2022-07-03 16:39:33'),
	(3, 'Air Blade 125/160', 'air-blade-125160', '<p><strong>Khung xe hoàn toàn mới</strong></p>\r\n\r\n<p>Khung xe được tinh chỉnh, duy trì độ đầm chắc và mạnh mẽ vốn có, đồng thời tạo ra kích cỡ nhỏ gọn cho mẫu xe mới với đường nét "thanh thoát và nhỏ gọn".</p>\r\n\r\n<p><strong>Phối màu ấn tượng</strong></p>\r\n\r\n<p>Thiết kế được tinh chỉnh và phối màu mang đậm tinh thần thể thao, nhưng vẫn đảm bảo đường nét, màu sắc hài hòa tổng thể.<br />\r\nPhiên bản Đặc biệt 160cc với tông màu chủ đạo Xanh Xám Đen độc đáo cùng điểm nhấn logo mang tính biểu tượng khẳng định vị thế, cá tính nổi bật, thu hút người nhìn ngay từ ánh nhìn đầu tiên.<br />\r\nPhiên bản Tiêu chuẩn 160cc với tông màu tối mạnh mẽ, điểm xuyết các miếng ốp màu xám được bố trí hài hòa. Với 3 màu sắc Xanh xám, Đỏ Xám, Đen Xám, phiên bản này sẽ là lựa chọn tuyệt hảo cho những khách hàng đang tìm kiếm sự "cao cấp và mạnh mẽ" trong từng chi tiết.<br />\r\nPhiên bản Đặc biệt 125cc lại là sự kết hợp sắc màu Đen nhám huyền bí cùng các chi tiết trang trí logo &amp; tên xe màu vàng tạo ra điểm nhấn ấn tượng, hình ảnh tổng thể mạnh mẽ, nam tính.<br />\r\nPhiên bản Tiêu chuẩn 125cc với 2 màu Xanh Đen và Đỏ Đen, mang lại sự tương phản kích thích thị giác, tạo ra hình ảnh một chiếc xe tay ga thể thao tiêu chuẩn nhưng không kém phần khác biệt.</p>\r\n\r\n<p><strong>Cụm đèn LED hiện đại</strong></p>\r\n\r\n<p>AIR BLADE sử dụng đèn định vị LED cỡ lớn với thiết kế đèn trước được mô phỏng cấu trúc đèn từ những mẫu xe phân khối lớn, tạo cảm giác thể thao năng động.</p>\r\n\r\n<p><strong>Mặt đồng hồ LCD thể thao</strong></p>\r\n\r\n<p>Mặt đồng hồ LCD kỹ thuật số với thiết kế hiện đại, gọn gàng, giúp tăng khả năng hiển thị và dễ dàng quan sát. Ngoài hai thông tin về hành trình, đồng hồ còn hiển thị thông tin tiêu thụ nhiên liệu tức thời/trung bình, giúp người dùng theo dõi được sự khác biệt trong những tình huống lái xe khác nhau.</p>\r\n\r\n<p><strong>Động cơ - Công nghệ</strong></p>\r\n\r\n<p>Điểm nhấn cốt lõi trên AIR BLADE hoàn toàn mới đến từ cải tiến mang tính "cách mạng" khi được áp dụng thế hệ động cơ mới nhất eSP+ trên tất cả các phiên bản. Bên cạnh động cơ 125cc; AIR BLADE mới nay còn sở hữu phiên bản 160cc mạnh mẽ, tăng thêm cảm giác phấn khích cùng bạn khám phá mọi nẻo đường.</p>\r\n\r\n<p><strong>Động cơ eSP+ 4 van hoàn toàn mới</strong></p>\r\n\r\n<p>AIR BLADE 160cc &amp; 125cc được nâng cấp lên động cơ eSP+ 4 van - thế hệ động cơ mới nhất hiện đang được áp dụng trên các mẫu xe tay ga cao cấp như SH350i, SH125i/150i &amp; Sh mode. Đây là bước đột phá trong công nghệ động cơ của Honda, giúp tăng công suất, vận hành êm ái, tiết kiệm nhiên liệu và thân thiện môi trường.<br />\r\nTheo như kết quả thử nghiệm của Honda R&amp;D, động cơ eSP+ 160cc có khả năng tăng tốc và leo dốc vượt trội. Chiếc xe chỉ mất 5,9 giây để tăng tốc từ 0-100m với vận tốc từ 40km/h (nhanh hơn 0,3 giây so với phiên bản trước) và mất 5,3 giây để leo dốc nghiêng 10 độ từ 0-50m (nhanh hơn 0,3 giây so với phiên bản trước).<br />\r\nĐộng cơ eSP+ 125cc cũng có khả năng tăng tốc và leo dốc nhanh hơn 0,2 giây so với phiên bản trước (chỉ mất 6,2 giây để tăng tốc từ 0-100m với vận tốc từ 40km/h và 5,9 giây để leo dốc nghiêng 10 độ từ 0-50m)</p>\r\n\r\n<p><strong>Hệ thống chống bó cứng phanh (ABS) hiệu quả</strong></p>\r\n\r\n<p>Hệ thống chống bó cứng phanh ABS cho bánh trước được trang bị trên AIRBLADE 160cc giúp ổn định sự cân bằng của xe, đặc biệt trong trường hợp phanh gấp hoặc đang đi trên đường trơn ướt, mang lại cảm giác an tâm hơn khi vận hành xe.</p>\r\n\r\n<p>&nbsp;</p>', 'AIR BLADE mới sở hữu vẻ ngoài ấn tượng lấy cảm hứng từ "tia sét", thiết kế tổng thể phản chiếu sự cứng cáp trong bề mặt hiện đại xen lẫn những đường nét gọn gàng, sắc nét. Thiết kế mới được điều chỉnh lại từ phần trung tâm đến đuôi xe để có ngoại hình khỏe khoắn và mạnh mẽ hơn. Đặc biệt, AIR BLADE 160cc nổi bật hơn với tấm chắn gió phía trước, yên xe hai tông màu và tiết diện lốp xe lớn.\r\nTiện ích & An toàn\r\nNgoài những cải tiến về động cơ và ngoại quan, cùng khung xe mới, AIR BLADE còn được trang bị những tiện ích mới vượt trội; hứa hẹn sẽ đem lại trải nghiêm lái thú vị và vượt trội hơn nữa cho khách hàng.', NULL, NULL, 10, 0, 0, NULL, NULL, NULL, 1, '1', NULL, 43290000, 0, NULL, '/userfiles/images/airblade125160.png', 1, 1, 0, 1, '2022-06-16 22:17:50', '2022-06-29 23:06:01'),
	(4, 'CBR 650R 2021', 'cbr-650r-2021', '<p><strong>Tinh tế bên ngoài, mạnh mẽ bên trong</strong></p>\r\n\r\n<p>Được lấy cảm hứng từ phong cách cổ điển, tối giản của dòng CB1000R Neo Sports Cafe, CB650R có thiết kế tinh giản kết hợp với những đường nét táo bạo, mang lại ấn tượng ngay từ cái nhìn đầu tiên. CB650R còn là sự pha trộn của những đường cong và góc cạnh tinh xảo, với các mặt viền bên và giá gắn biển số phía sau được chế tác hoàn mỹ, mang đến vẻ ngoài tinh tế nhưng không kém phần mạnh mẽ, phù hợp hoàn hảo cho cuộc sống thành thị sành điệu của những tay lái năng động.</p>\r\n\r\n<p><strong>Kiểm soát trong tầm tay</strong></p>\r\n\r\n<p>Mọi thông số về kỹ thuật, tốc độ, nhiệt kế nước, đồng hồ báo vòng tua máy đều được hiển thị thông minh và rõ ràng trên mặt đồng hồ LED. CB650R phiên bản mới tinh chỉnh độ tương phản trên màn hình, giúp dễ dàng quan sát trong nhiều điều kiện ánh sáng.</p>\r\n\r\n<p><strong>Tất cả trang bị đèn LED</strong></p>\r\n\r\n<p>Thiết kế đèn hậu lấy cảm hứng từ sự tinh giản của đàn anh CB1000R Neo Sports Café. Hệ thống đèn chiếu sáng của CB650R được thiết kế tối ưu, với tất cả đèn trên xe đều trang bị bóng đèn LED cao cấp. Đèn trước thiết kế tròn, với 2 dải đèn song song bên trong tạo ra ánh sáng xanh mạnh mẽ ấn tượng.</p>\r\n\r\n<p><strong>Động cơ 4 xy-lanh mạnh mẽ</strong></p>\r\n\r\n<p>Mạnh mẽ nhưng không kém mượt mà và ổn định khi xe chuyển số là cảm giác CB650R mang lại cho người lái. Động cơ 4 xy-lanh thẳng hàng, DOHC 16 van sản sinh công suất 70kW tại vòng tua máy 12.000 vòng/phút cùng với mô-men xoắn mạnh mẽ 63Nm. Xe được trang bị tính năng Kiểm soát lực kéo (HSTC) của Honda giúp tối ưu hoá khả năng bám đường cho bánh sau, kết hợp cùng ly hợp chống trượt 2 chiều, giúp mang lại trải nghiệm lái tuyệt vời cho người điều khiển. Phiên bản CB650R mới nay đã đáp ứng tiêu chuẩn EURO5, giúp xe vận hành thân thiện hơn với môi trường</p>\r\n\r\n<p><strong>Ống xả với thiết kế thông minh</strong></p>\r\n\r\n<p>CB650R kế thừa lịch sử Honda với hệ thống bốn cổ ống xả bao xung quanh phía trước động cơ.<br />\r\nThiết kế họng ống xả với kích thước lớn đường kính giúp tối ưu hoá lượng khí thoát ra, cùng với thiết kế ống xả hướng lên trên tạo nên tiếng gầm mạnh lực mỗi khi vận hành mang đến trải nghiệm tuyệt vời độc quyền của khối động cơ 4 xy-lanh.</p>\r\n\r\n<p><strong>Hệ thống kiểm soát lực kéo HSTC</strong></p>\r\n\r\n<p>Khi tăng tốc, xe CB650R duy trì ma sát bám đường một cách hoàn hảo nhờ vào Hệ thống kiểm soát lực kéo (HSTC). Những khác biệt bất thường giữa tốc độ quay bánh trước và sau sẽ được nhận diện bởi bộ cảm biến tốc độ. Hệ thống sẽ ổn định lại xe bằng cách giảm mô men xoắn tác động lên bánh sau để duy trì ma sát bám đường.</p>\r\n\r\n<p><strong>Bộ ly hợp chống trượt 2 chiều</strong></p>\r\n\r\n<p>Xe luôn ổn định và dễ kiểm soát, thao tác lên số và xuống số êm ái hơn đồng thời tay côn có lực bóp nhẹ hơn nhờ hộp số sáu cấp được tích hợp bộ ly hợp chống trượt 2 chiều, ngăn chặn hiện tượng khóa bánh sau khi dồn số gấp, giúp người lái luôn tự tin và thoải mái điều khiển xe trong mọi tình huống</p>\r\n\r\n<p><strong>Giảm xóc hành trình ngược Showa SFF-BP</strong></p>\r\n\r\n<p>CB650R dễ dàng chinh phục địa hình không bằng phẳng một cách êm áp nhờ vào giảm xóc trước dạng ống lồng ngược Showa SFF-BP 41mm (Separate Function Big Piston Fork). Kế hợp với cấu tạo pít tông loại lớn và một bên phuộc có van điều tiết áp lực và bên phuộc còn lại có cơ cấu lò xo mang đến khả năng giảm chấn cao.</p>\r\n\r\n<p><strong>Hệ thống phanh tân tiến</strong></p>\r\n\r\n<p>Bạn dễ dàng chinh phục mọi cung đường, bất kể điều kiện nhờ ngàm phanh trước sử dụng cấu trúc Radial mount 4 pít-tông với đĩa phanh kép đường kính 310mm, kèm ngàm phanh pít-tông đơn phía sau và đĩa phanh đường kính 240mm, cùng hệ thống chống bó cứng phanh (ABS) 2 kênh.</p>', '"Tinh tế bên ngoài, mạnh mẽ bên trong" chính là sự miêu tả hoàn hảo nhất dành cho CB650R - một chiến binh đường phố thực thụ. Với kiểu dáng bên ngoài tinh gọn được thiết kế trên những gam màu mới sành điệu, kết hợp cùng động cơ 650cc đầy uy lực bên trong, CB650R được sinh ra để thỏa mãn sự táo bạo của những tay lái năng động chốn thành thị. Kế thừa sư kết hợp giữa khả năng vận hành mạnh mẽ trên đường phố cùng với phong cách bụi bặm cổ điển của những chiếc, CB650R sẽ trở thành những trợ thủ đắc lực giúp bạn thỏa chí tung hoành, bất chấp mọi bó buộc chật chội của đường phố thành thị để chạm đỉnh tự do của chính mình, để chuyến đi hàng ngày trở thành những cuộc phiêu lưu không hề đơn điệu.', NULL, NULL, 10, 0, 0, NULL, NULL, NULL, 0, '1', NULL, 246490000, 0, NULL, '/userfiles/images/cbr650r2021.png', 1, 1, 0, 1, '2022-06-16 23:46:18', '2022-06-16 23:46:18'),
	(5, 'Rebel 500  2022', 'rebel-500-2022', '<p><strong>Phong trần và mạnh mẽ</strong></p>\r\n\r\n<p>Mọi thứ đều tối giản. Gói gọn điều bạn khao khát. Rebel 500 với bộ khung và động cơ được phủ đen đồng điệu. Bình xăng nhô cao mang sự khoẻ khoắn, bụi bặm đặc trưng. Cặp bánh xe to bản mang tới cho xe một nét cuốn hút mạnh mẽ, khoẻ khoắn.</p>\r\n\r\n<p><strong>Tư thế lái tự nhiên</strong></p>\r\n\r\n<p>Gác đặt chân được đặt ở vị trí giữa xe, cho tư thế lái thoải mái nhất. Thiết kế gọn gàng kết hợp với chiều cao yên xe thấp - chỉ 690mm, cùng sự êm ái tuyệt đối đến từ cải tiến yên xe, mọi chuyến đi giờ thêm thoải mái để tận hưởng.</p>\r\n\r\n<p><strong>Ngoại hình thon thả đầy tinh tế</strong></p>\r\n\r\n<p>Rebel nổi bật vẻ sắc xảo với thiết kế bình xăng có độ dốc cao từ cổ xe tới vị trí ngồi, song vẫn đảm bảo sự thoải mái cho người cầm lái. Nét rắn rỏi, mạnh mẽ của Rebel càng được thể hiện rõ trên Hệ thống giảm xóc sau và đường ống dẫn. Khung nhôm đen tuyền, càng sau dạng ống cùng dè chắn bùn sau bằng kim loại mang đến một ấn tượng khác biệt cho Rebel từ đằng sau.</p>\r\n\r\n<p><strong>Động cơ mạnh mẽ</strong></p>\r\n\r\n<p>Lấy cảm hứng từ mẫu CBR500R, mẫu xe Rebel được trang bị động cơ 471cc, 2 xy lanh song song. Cho những chuyến du ngoạn đầy tính phiêu lưu, hệ thống phun xăng cải tiến PGM-FI được tinh chỉnh để biến một động cơ tập trung vào sản sinh công tối đa tại dải vòng tua cao, thành một động cơ tập trung tạo ra mô men xoắn cao nhất tại dải vòng tua thấp, cho sức vận hành êm ái và tăng tốc ổn định. Động cơ xe được trang bị hệ thống ly hợp 2 chiều, giúp bước sang số nhẹ nhàng hơn đến 30%</p>\r\n\r\n<p><strong>Hệ thống phanh</strong></p>\r\n\r\n<p>Bộ lốp to bản mang phong cách "Bobber" hầm hố, được trang bị bộ phanh ABS 2 kênh, với ngàm phanh trước 2 pít tông và ngàm phanh sau 1 pít tông, giúp mang lại khả năng dừng xe vượt trội khi sử dụng phanh</p>\r\n\r\n<p>&nbsp;</p>', 'Tự do tạo dấu ấn của riêng mình Mẫu xe Rebel 500 với khối động cơ 2 xy lanh song song mạnh mẽ, đặt gọn trong bộ khung xe với trọng tâm thấp, phong cách thiết kế tối giản đã đưa chiếc xe trở nên hấp dẫn trong mắt người lái - là một cỗ máy thuần túy để người dùng thỏa sức sáng tạo thể hiện chất riêng của mình - đem đến một phong cách sống TỰ DO, điều mà mẫu Rebel 500 luôn mong muốn mang lại cho người lái.', NULL, NULL, 10, 0, 0, NULL, NULL, NULL, 0, '1', NULL, 180800000, 0, NULL, '/userfiles/images/rebel5002022.png', 1, 1, 0, 1, '2022-06-17 09:29:14', '2022-06-17 09:29:14'),
	(6, 'Yamaha R25 ABS', 'yamaha-r25-abs', '<p>a</p>', 'a', NULL, NULL, 10, 0, 0, NULL, NULL, NULL, 17, '2', NULL, 128000000, 0, NULL, '/userfiles/images/yamaha-r25-abs.jpg', 1, 1, 0, 1, '2022-06-17 15:38:59', '2022-07-01 00:50:19'),
	(7, 'Gold Wing 2022', 'gold-wing-2022', '<p><strong>Khung xe chế tác tinh xảo</strong></p>\r\n\r\n<p>Ẩn sau thân xe bóng bẩy là một khuôn sườn đôi được đúc bằng nhôm chắc chắn, kết hợp với sự hỗ trợ từ hệ thống treo thanh giằng kép từ phía trước xe mang lại sự vững vàng tuyệt đối cho tay lái.<br />\r\nHệ thống càng sau Pro-Arm vận hành kết hợp cơ cấu giảm xóc Pro-Link với mức giảm chấn được điều chỉnh điện tử, cùng hệ thống phuộc trước có thể tự điều chỉnh theo chế độ lái đã chọn. Hệ thống phanh kép kết hợp (D-CBS) giúp hỗ trợ lực phanh đồng đều cùng với điều khiển ABS cho khả năng dừng xe hiệu quả, tự tin chinh phục đường trường.</p>\r\n\r\n<p><img alt="" src="http://mmzpkl.com/userfiles/images/sub_image/lXqRrTslc9rVwrzAUOtN.jpg" style="height:360px; width:100%" /></p>\r\n\r\n<p><strong>Màn hình màu đa năng TFT 7-inch tinh thể lỏng</strong></p>\r\n\r\n<p>Phiên bản mới trang bị màn hình màu đa năng TFT 7-inch tinh thể lỏng, hiển thị đầy đủ thông tin về âm thanh, quản lý các chế độ lái và điều chỉnh hệ thống giảm xóc. Thông tin được hiển thị rõ ràng và theo thứ tự từng chức năng, giúp người lái dễ dàng kiểm tra mà không cần di chuyển mắt nhiều. Độ sáng màn hình có thể tự động điều chỉnh với 8 mức độ, đem lại sự thuận tiện cao hơn cho người lái.</p>\r\n\r\n<p><img alt="" src="http://mmzpkl.com/userfiles/images/sub_image/zuSTIpbmg5eUVsLr1oi3.jpg" style="height:360px; width:100%" /></p>\r\n\r\n<p><strong>Động cơ mạnh mẽ đạt tiêu chuẩn khí thải Euro5</strong></p>\r\n\r\n<p>Gold Wing là chiếc mô tô được chế tác để uyển chuyển trong mọi cung đường, lướt đi trên mọi khúc cua. Khung sườn đôi nhôm đúc với hệ thống treo thanh giằng kép từ phía trước xe kết hợp với bộ phận giảm xóc điện tử giúp đảm bảo khả năng giảm chấn tối ưu.<br />\r\nVà sau đó chính là động cơ - trái tim của chiếc mô tô. Động cơ 6 xy-lanh đối xứng nằm ngang 1,833cc sản sinh mô men xoắn 170Nm ngay tại 4,500 vòng/phút và được cải tiến để đạt tiêu chuẩn khí thải Euro5 mới nhất. Cùng với hệ thống kiểm soát lực kéo (HSTC), động cơ của Gold Wing trở thành một trong những động cơ ấn tượng với khả năng vận hành êm ái nhất trên thế giới.</p>\r\n\r\n<p><img alt="" src="http://mmzpkl.com/userfiles/images/sub_image/3uum2lChfys00ss6WSIU.jpg" style="height:360px; width:100%" /></p>\r\n\r\n<p><strong>Cốp xe dung tích mở rộng</strong></p>\r\n\r\n<p>Để phù hợp với cuộc sống hiện đại luôn cần không gian tối ưu, thiết kế cốp sau của xe đã được mở rộng thể tích thêm 11L lên mức 61L, chứa tới 2 chiếc mũ bảo hiểm full-face một cách dễ dàng. Hơn thế nữa, Gold Wing còn có thêm 60L thể tích nữa ở 2 cốp bên yên xe. Hộp đựng đồ được đóng và mở thông qua hệ thống khóa thông minh, tích hợp giảm chấn thủy lực để vận hành êm ái và bảo vệ đồ bên trong an toàn.</p>\r\n\r\n<p><img alt="" src="http://mmzpkl.com/userfiles/images/sub_image/TNRJ9IN7r9pAiVmSCbPO.jpg" style="height:360px; width:100%" /></p>\r\n\r\n<p><strong>Yên xe cho tư thế ngồi thoải mái</strong></p>\r\n\r\n<p>Yên xe được thiết kế chuyên biệt với góc tựa lưng 23° cho người ngồi sau. Yên trước và sau đều được sử dụng chất liệu da cao cấp, đảm bảo sự thoải mái tối đa trong suốt hành trình dài cho cả người lái và người ngồi sau.</p>\r\n\r\n<p><img alt="" src="http://mmzpkl.com/userfiles/images/sub_image/ysCZsbiVdMEvECyIVvul.jpg" style="height:360px; width:100%" /></p>\r\n\r\n<p><strong>Hệ thống âm thanh sống động</strong></p>\r\n\r\n<p>Gold Wing 2021 được trang bị hệ thống âm thanh cải tiến với loa trọng lượng nhẹ, đồng thời mang đến khả năng trình diễn âm thanh sống động, trung thực hơn. Cụm điều khiển âm thanh dành cho người ngồi sau được đặt phía trên cốp đựng đồ bên tay phải, cho phép người ngồi sau có thể tự điểu chỉnh âm lượng, nguồn phát và tua nhanh.</p>\r\n\r\n<p><img alt="" src="http://mmzpkl.com/userfiles/images/sub_image/zuSTIpbmg5eUVsLr1oi3.jpg" style="height:360px; width:100%" /></p>\r\n\r\n<p><strong>Kính chắn gió điều chỉnh điện</strong></p>\r\n\r\n<p>Hệ thống kính chắn gió dễ dàng điều chỉnh chế độ cao và góc độ bằng nút bấm phía bên tay trái. Tuyệt vời hơn, hệ thống sẽ tự động ghi nhớ các cài đặt và vị trí thường xuyên sử dụng để hỗ trợ điều chỉnh tự động cho người lái.</p>\r\n\r\n<p><img alt="" src="http://mmzpkl.com/userfiles/images/sub_image/heq9VrpYDqWXnFMsuxN4.jpg" style="height:360px; width:100%" /></p>\r\n\r\n<p><strong>Hệ thống đèn LED với đèn LED xuyên sương mù</strong></p>\r\n\r\n<p>Phần dưới của đèn LED được trang bị 5 thấu kính quang học để tạo ra một chùm sáng khác biệt đặc trưng của chùm sáng Jewel-Eye. Ánh sáng tập trung để đảm bảo tầm nhìn cho cả người lái và những phương tiện khác nhận biết dù trong môi trường sương mù.</p>\r\n\r\n<p><img alt="" src="http://mmzpkl.com/userfiles/images/sub_image/f6AQjoKbFWgWRe5gAkLE.jpg" style="height:360px; width:100%" /></p>', 'Với động cơ hiệu suất tuyệt đỉnh, vẻ ngoài sang trọng phù hợp cả những ngả đường trong thành phố và những chuyến đi xa, Gold Wing được mệnh danh là dòng xe touring cao cấp và mang tính biểu tượng của Honda.', NULL, NULL, 10, 0, 0, NULL, NULL, NULL, 0, '1', NULL, 1321000000, 0, NULL, '/userfiles/images/goldwing2022.png', 1, 1, 0, 1, '2022-06-17 17:00:11', '2022-06-17 17:00:11'),
	(8, 'CB 1000R 2021', 'cb-1000r-2021', '<p>Honda CBR1000RR là mẫu siêu mô tô thuộc dòng Super Sport, được bán chính thức tại Việt Nam với 2 phiên bản gồm CBR1000RR Fireblade (tiêu chuẩn) và CBR1000RR Fireblade SP (thể thao). Tất nhiên giá xe Honda CBR1000RR không hề rẻ.</p>\r\n\r\n<p>Honda CBR1000RR Fireblade phiên bản mới nhất được nâng cấp cả về thiết kế khí động học lẫn công nghệ động cơ, mang lại cho người sử dụng một mẫu siêu mô tô đẹp hơn, gọn nhẹ, mạnh mẽ và đậm chất thể thao GP hơn so với trước.</p>\r\n\r\n<p><em>Honda CBR1000RR Fireblade SP 2019 xứng danh siêu ngựa “đắt sắc ra miếng”</em></p>\r\n\r\n<p>Lần đầu tiên xuất hiện chính thức ở Việt Nam tại Vietnam Motorcycle Show vào hồi năm 2017, &nbsp;Honda CBR1000RR đã thu hút không ít sự chú ý của khách hàng Việt, nhất là những người đam mê xe mô tô phân khối lớn.</p>\r\n\r\n<p><em><img alt="Đánh giá thông số kỹ thuật xe Honda CBR1000RR" src="http://mmzpkl.com/userfiles/images/sub_image/MotaHonda-CBR1000RR-Fireblade-1.jpg" /></em></p>\r\n\r\n<p><em>Honda CBR1000RR Fireblade 2019 phiên bản tiêu chuẩn</em></p>\r\n\r\n<p>Có thể nói, sự xuất hiện của Honda CBR1000RR đã chính thức chấm dựt vị thế độc tôn trong khoảng thời gian dài của “ông kẹ” BMW S1000RR và là trở thành đối thủ xứng tầm với các chiến binh 1000 phân khối khác như Yamaha R1M hay Suzuki GSX-R1000...</p>\r\n\r\n<p><img alt="Đánh giá thông số kỹ thuật xe Honda CBR1000RR" src="http://mmzpkl.com/userfiles/images/sub_image/MotaHonda-CBR1000RR-Fireblade-23.jpg" /></p>\r\n\r\n<p>Honda CBR1000RR chính thức giới thiệu đến khách hàng Việt vào trung tuần tháng 3/2019 và nhanh chóng gây sự chú ý, quan tâm đặc biệt của khách hàng. Cả 02 phiên bản Honda CBR1000RR Fireblade 2019 (tiêu chuẩn) và Honda CBR1000RR Fireblade SP 2019 (thể thao) mới nhất được nhập khẩu nguyên chiếc về từ Nhật Bản và bày bán tại đại lý Honda Motor, Thưởng Motor ở Tp. Hồ Chí Minh với mức giá đề nghị đã bao gồm thuế VAT là 560 triệu đồng cho phiên bản tiêu chuẩn và 678 triệu đồng cho phiên bản SP thể thao.</p>\r\n\r\n<p><strong>ĐÁNH GIÁ XE HONDA CBR1000RR&nbsp;</strong><strong>FIREBLADE&nbsp;</strong><strong>2019</strong></p>\r\n\r\n<p><em><strong>Về thiết kế</strong></em>, Honda CBR1000RR Fireblade với bản chất là dòng Super Sport nên có kiểu dáng thiết kế đậm tính khí động học và phong cách thể thao sắc sảo, mạnh mẽ và đầy uy lực của một mẫu Motor GP. Bạn sẽ hoàn toàn bị chinh phục ở mọi góc nhìn khi chiêm ngưỡng vẻ đẹp của Honda CBR1000RR Fireblade mới.</p>\r\n\r\n<p><img alt="Đánh giá thông số kỹ thuật xe Honda CBR1000RR" src="http://mmzpkl.com/userfiles/images/sub_image/MotaHonda-CBR1000RR-Fireblade-24.jpg" /></p>\r\n\r\n<p><strong>Phần đầu xe Honda CBR1000RR Fireblade </strong>gây ấn tượng mạnh bởi đặc trưng thiết kế đậm tính thể thao, góc cạnh sắc nét. Hệ thống đèn pha sử dụng công nghệ Full LED siêu sáng hiện đại được thiết kế dạng đôi đối xứng tạo cảm giác hầm hố hơn.</p>\r\n\r\n<p><img alt="Đánh giá thông số kỹ thuật xe Honda CBR1000RR" src="http://mmzpkl.com/userfiles/images/sub_image/MotaHonda-CBR1000RR-Fireblade-25.jpg" /></p>\r\n\r\n<p>Điểm đáng chú ý ở Honda CBR1000RR Fireblade được trang bị cụm đồng hồ rất hiện đại, với màn hình màu TFT có thể tự điều chỉnh ánh sáng xung quanh phù hợp trong từng điều kiện không gian, và có 3 chế độ hiển thị gồm: Street, Circuit và Mechanic. Trong đó, Street sẽ hiển thị các chế độ lái (Mode 1, 2, 3, User 1 và User 2) được hỗ trợ và các thiết lập của Power Selector, hệ thống kiểm soát mô-men xoắn 9 cấp HSTC, lựa chọn hệ thống phanh và hệ thống treo. Máy tính trung tâm của Blade sẽ phải tính toán mức tiêu thụ nhiên liệu tức thời và trung bình, tiêu hao nhiên liệu trong hành trình, tốc độ và thời gian trung bình sau lần đánh lửa cuối cùng, cùng với nhiên liệu còn lại sau đèn RES...</p>\r\n\r\n<p><img alt="Đánh giá thông số kỹ thuật xe Honda CBR1000RR" src="http://mmzpkl.com/userfiles/images/sub_image/MotaHonda-CBR1000RR-Fireblade-16.jpg" /></p>\r\n\r\n<p>Tiếp theo, ở kiểu Circuit, màn hình TFT sẽ có thêm một đồng hồ đua, số vòng và vòng thể hiện kết quả Lap Time tốt nhất nổi bật. Cuối cùng, Mechanic sẽ hiển thị tốc kế kỹ thuật số, vị trí bánh răng, góc tiếp xúc giữa mặt đường và bánh xe, nhiệt độ nước làm mát và điện áp pin.</p>\r\n\r\n<p><strong>Phần thân xe Honda CBR1000RR Fireblade 2019</strong> là một khối thống nhất thể hiện rất rõ đặc trưng của một mẫu mô tô PKL, đó là sự chắc chắn và đầy tính cơ bắp mạnh mẽ nhưng không thiếu phần góc cạnh thể thao và hiện đại.</p>\r\n\r\n<p><img alt="Đánh giá thông số kỹ thuật xe Honda CBR1000RR" src="http://mmzpkl.com/userfiles/images/sub_image/MotaHonda-CBR1000RR-Fireblade-8.jpg" /></p>\r\n\r\n<p>Đặc biệt, sự sắc sảo trong thiết kế mang đậm tính khí động học thể hiện rất rõ khi khối động cơ của Honda CBR1000RR được dấu gọn bên trong các mản nhựa ốp ngoài thân xe, tạo tính thẩm mỹ cao và có cảm giác gọn gàn, đậm chất thể thao GP hơn. Theo đó, mọi chi tiết đều được gói gọn bên trong dàn áo bắt mắt, đậm chất thể thao, dựa trên cảm hứng lấy từ các mẫu xe chuyên dụng trên đường đua. Cấu trúc dàn áo đặc biệt khi hướng các dòng khí chạy từ vùng áp lực cao ở phía trước đến ống dẫn khí vào bầu lọc gió, giúp động cơ xe được làm mát một cách hoàn hảo nhất.</p>\r\n\r\n<p><strong>Phần đuôi xe Honda CBR1000RR Fireblade 2019</strong> cũng là điểm gây sự chú ý không kém khi cụm đèn hậu thiết kế gọn, mỏng với công nghệ LED nhiều bóng, phía dưới đèn hậu là 2 đèn xi-nhan rời được tích hợp vào dè chắn bùn sau tạo cảm giác hiện đại, mạnh mẽ và dễ nhận biết hơn cho người tham gia giao thông phía sau.</p>\r\n\r\n<p><img alt="Đánh giá thông số kỹ thuật xe Honda CBR1000RR" src="http://mmzpkl.com/userfiles/images/sub_image/MotaHonda-CBR1000RR-Fireblade-20.jpg" /></p>\r\n\r\n<p>Đặc biệt, Honda CBR1000RR 2019 được trang bị hệ thống treo Showa Dual Bending Valve (SDBV) hành trình ngược đường kính 41 mm, kết hợp cùng chế độ điều khiển điện tử Öhlins S-EC NIX30 với khả năng điều chỉnh độ giảm chấn và tải trước riêng biệt, mang lại khả năng giảm chấn tối ưu và cảm giác êm mượt, đồng thời giúp duy trì khả năng bám đường tối đa cho bánh trước. Kết hợp cùng giảm xóc sau dạng lo xo trụ đơn điều khiển điện tử Öhlins S-EC TTX36 dùng liên kết Unit Pro-link tùy chỉnh tải trước, cho phép người lái có thể điều chỉnh tải trọng của xe tùy theo điều kiện địa hình và khối lượng di chuyển, giúp người lái tận hưởng các cung đường một cách trọn vẹn nhất.</p>\r\n\r\n<p><img alt="Đánh giá thông số kỹ thuật xe Honda CBR1000RR" src="http://mmzpkl.com/userfiles/images/sub_image/MotaHonda-CBR1000RR-Fireblade-4.jpg" /></p>\r\n\r\n<p>Yên xe thiết kế đẹp mắt, gọn gàng phân tách thành 2 phần riêng biệt, yên xe có kích thước lớn đem lại cảm giác thoải mái nhất cho cả người điều khiển và người ngồi sau xe.</p>\r\n\r\n<p><img alt="Đánh giá thông số kỹ thuật xe Honda CBR1000RR" src="http://mmzpkl.com/userfiles/images/sub_image/MotaHonda-CBR1000RR-Fireblade-15.jpg" /></p>\r\n\r\n<p>Hệ thống ống xả tiêu âm 4 trong 1 trên Honda CBR1000RR mới có thiết kế ngắn, khỏe và không quá phô trương, nó gồm hai buồng bên trong, kết hợp cùng một ống liên kết, trọng lượng của ống xả nhẹ hơn, đồng thời mang lại âm thanh sắc nét hơn khi tăng vòng tua máy.</p>\r\n\r\n<p><strong>ĐÁNH GIÁ TÍNH NĂNG NỔI BẬT CỦA HONDA CBR1000RR 2019</strong></p>\r\n\r\n<p><em><strong>Về tính năng an toàn</strong></em>, Honda CBR1000RR Fireblade được trang bị phanh đĩa thủy lực đôi, đường kính 320mm với kẹp phanh 4 piston của Brembo ở bánh trước. Bánh xe phía sau là hệ thống phanh đĩa thủy lực đơn, đường kính 240 mm với kẹp phanh 1 piston của Brembo.</p>\r\n\r\n<p><img alt="Đánh giá thông số kỹ thuật xe Honda CBR1000RR" src="http://mmzpkl.com/userfiles/images/sub_image/MotaHonda-CBR1000RR-Fireblade-2.jpg" /></p>\r\n\r\n<p>Bên cạnh đó, hệ thống chống bó cứng phanh ABS được trang bị trên cả 2 bánh xe giúp&nbsp; đảm bảo tối đa an toàn khi xử lý tình huống khẩn cấp của Honda CBR1000RR.</p>\r\n\r\n<p><em><strong>Về tiện ích</strong></em>, Honda CBR1000RR Fireblade có bình xăng lớn với dung tích chứa tối đa 16,2 lít xăng, tạo được sự an tâm khi di chuyển trên những chặng đường dài đối với một chiếc mô tô PKL nói chung.</p>\r\n\r\n<p><img alt="Đánh giá thông số kỹ thuật xe Honda CBR1000RR" src="http://mmzpkl.com/userfiles/images/sub_image/MotaHonda-CBR1000RR-Fireblade-3.jpg" /></p>\r\n\r\n<p>Đặc biệt, CBR1000RR &nbsp;sử dụng bộ vành hợp kim đúc 17 inch đa chấu, đi kèm lốp thương hiệu Dunlop Trailmax với kích thước lốp to bản giúp tăng khả năng giữ thăng bằng và bám đường. Cụ thể, bộ lốp hiệu Dunlop Trailmax của CBR1000RR có kích thước 120 / 70ZR17 M/C (58W) ở bánh trước và 190/55 ZR17 M/C (75W) ở bánh sau, hỗ trợ tốt cho khả năng di chuyển linh hoạt và hiệu quả trên nhiều điều kiện địa hình.</p>\r\n\r\n<p><img alt="Đánh giá thông số kỹ thuật xe Honda CBR1000RR" src="http://mmzpkl.com/userfiles/images/sub_image/MotaHonda-CBR1000RR-Fireblade-26.jpg" /></p>\r\n\r\n<p><em><strong>Về công nghệ hiện đại</strong></em>, Honda CBR1000RR FireBlade được trang bị một số công nghệ điện tử hỗ trợ đáng chú ý như ga điện tử, hệ thống kiểm soát lực kéo HSTC 9 cấp, chống trượt bánh sau, kiểm soát bốc đầu, hệ thống chọn chế độ lái RMSS và hệ thống phanh động cơ SEB...</p>', 'Honda CBR1000RR là mẫu siêu mô tô thuộc dòng Super Sport, được bán chính thức tại Việt Nam với 2 phiên bản gồm CBR1000RR Fireblade (tiêu chuẩn) và CBR1000RR Fireblade SP (thể thao). Tất nhiên giá xe Honda CBR1000RR không hề rẻ.', NULL, NULL, 10, 0, 0, NULL, NULL, NULL, 0, '1', NULL, 510000000, 0, NULL, '/userfiles/images/cb1000r2021.png', 1, 1, 0, 1, '2022-06-17 21:09:36', '2022-06-17 21:09:36'),
	(9, 'Rebel 1100 2022 DCT', 'rebel-1100-2022-dct', '<p>Honda CBR1000RR là mẫu siêu mô tô thuộc dòng Super Sport, được bán chính thức tại Việt Nam với 2 phiên bản gồm CBR1000RR Fireblade (tiêu chuẩn) và CBR1000RR Fireblade SP (thể thao). Tất nhiên giá xe Honda CBR1000RR không hề rẻ.</p>\r\n\r\n<div id="gtx-trans" style="position: absolute; left: -86px; top: -4.8px;">\r\n<div class="gtx-trans-icon">&nbsp;</div>\r\n</div>', 'Honda CBR1000RR là mẫu siêu mô tô thuộc dòng Super Sport, được bán chính thức tại Việt Nam với 2 phiên bản gồm CBR1000RR Fireblade (tiêu chuẩn) và CBR1000RR Fireblade SP (thể thao). Tất nhiên giá xe Honda CBR1000RR không hề rẻ.', NULL, NULL, 10, 0, 0, NULL, NULL, NULL, 0, '1', NULL, 499900000, 0, NULL, '/userfiles/images/rebel11002022DCT.png', 1, 1, 0, 1, '2022-06-17 22:00:35', '2022-06-17 22:00:35'),
	(10, 'Africa Twin Adventure Sport 2021', 'africa-twin-adventure-sport-2021', '<p><strong>Thiết kế cho những chuyến đi dài</strong></p>\r\n\r\n<p>Với những chuyến hành trình dài, từng chi tiết nhỏ trên chiếc xe cũng mang lại những trải nghiệm hoàn toàn khác biệt. Với chiếc Africa Twin Adventure Sport, cảm giác thoải mái và thuận tiện khi vận hành là những điều được chú trọng nhất. Mẫu xe được trang bị bình xăng dung tích lớn, phù hợp với những chuyến đi dài. Tay lái cao, yên xe gọn gàng, cùng khả năng cản gió được tối ưu hóa nhờ kính chắn gió và thiết kế ốp trước. Thiết kế khung sườn với bộ khung chính nhẹ nhàng, càng xe và khung phụ bằng nhôm cùng vị trí ngồi lái mang lại cảm giác điều khiển xe vững vàng, chắc chắn.</p>\r\n\r\n<p><img alt="" src="http://mmzpkl.com/userfiles/images/sub_image/bZcDOAs9v6ee4mkEn1xQ.jpg" style="height:360px; width:100%" /></p>\r\n\r\n<p>Hệ thống phuộc SHOWA điều khiển điện tử</p>\r\n\r\n<p>Hệ thống phuộc SHOWA-EERA luôn duy trì lực giảm chấn tối ưu, dựa vào cài đặt chế độ lái, ECU xử lý thông tin thực tế phản hồi từ các cảm biến động cơ và giảm xóc, hệ thống đo lường quán tính 6 chiều IMU và ABS trong góc cua. Tải trước lò xo ở giảm xóc sau được điều chỉnh điện tử dựa vào tải trọng xe khi ở vị trí dừng.</p>\r\n\r\n<p><img alt="" src="http://mmzpkl.com/userfiles/images/sub_image/k7T2dvzpGqpIDc4M63Hr.png" style="height:360px; width:100%" /></p>\r\n\r\n<p><strong>Màn hình cảm ứng TFT hiện đại</strong></p>\r\n\r\n<p>Mẫu xe được trang bị màn hình cảm ứng TFT có kích thước 6.5 inches, giúp mang đến khả năng quan sát các thông tin xe nhanh chóng và đầy đủ, việc lựa chọn và tùy chỉnh các tính năng trên xe cũng trở nên dễ dàng hơn.</p>\r\n\r\n<p><img alt="" src="http://mmzpkl.com/userfiles/images/sub_image/lRiVsRt3Jpsn7h1Z5P29.png" style="height:360px; width:100%" /></p>', 'Đích đến mỗi cuộc hành trình là một bầu trời trong xanh Với mỗi biker, niềm đam mê phiêu lưu, khám phá những miền đất mới luôn là sự khao khát và là động lực để họ tiến bước, để rồi cuối mỗi chặng hành trình, họ có thể ngồi tận hưởng vẻ đẹp của một bầu trời trong xanh trước mắt họ. Chúng tôi hiểu cảm giác này! Và đó là lý do chúng tôi trang bị chiếc Africa Twin Adventure Sport với những công nghệ và tính năng tối tân nhất, sẵn sàng cùng bạn khám phá thế giới.', NULL, NULL, 10, 0, 0, NULL, NULL, NULL, 0, '1', NULL, 690490000, 0, NULL, '/userfiles/images/africatwinadventure.jpg', 1, 1, 0, 1, '2022-06-18 09:07:29', '2022-06-18 09:07:29'),
	(11, 'CB 500X 2021', 'cb-500x-2021', '<p>MÀN HÌNH HIỂN THỊ THÔNG MINH</p>\r\n\r\n<p>Một bảng đồng hồ với khả năng hiển thị thông minh là tính năng không thể thiếu cho mọi cung đường. CB500X sử dụng màn hình LCD dạng âm bản, hiển thị thông tin một cách rõ ràng nhất như đồng hồ tốc độ, đồng hồ đo hành trình, đo tốc độ động cơ, lượng nhiên liệu và mức tiêu thụ nhiên liệu, cùng đèn báo sang số và hiển thị vị trí số.</p>\r\n\r\n<p><img alt="" src="http://mmzpkl.com/userfiles/images/sub_image/heq9VrpYDqWXnFMsuxN41.jpg" style="height:360px; width:100%" /></p>\r\n\r\n<p><strong>GIẢM CHẤN MƯỢT MÀ</strong></p>\r\n\r\n<p>Từ đường thành phố đến những địa hình đầy thử thách, CB500X luôn sẵn sàng cùng bạn chinh phục. Phuộc trước ống lồng 41mm, cùng giảm sóc sau lò xo trụ đơn với liên kết Pro-link cho khả năng giảm chấn, kiểm soát tối ưu. Giảm xóc trước và sau đều điều chỉnh được tải trước lò xo, mang đến trả nghiệm mượt mà, vẹn toàn cho mọi cuộc phiêu lưu.</p>\r\n\r\n<p><img alt="" src="http://mmzpkl.com/userfiles/images/sub_image/ulLoXjkmtQa2JNIriSE8.jpg" style="height:360px; width:100%" /></p>\r\n\r\n<p><strong>HỆ THỐNG ĐÈN CHIẾU HIỆN ĐẠI</strong></p>\r\n\r\n<p>Hệ thống chiếu sáng và đèn hiển thị hoàn toàn sử dụng bóng LED, mang lại khả năng tiết kiệm điện năng tối ưu và là điểm nhấn hiện đại cho mẫu xe. Các bóng đèn chiếu xa và gần nằm vị trí trung tâm đèn trước giúp giảm khối lượng, kích thước và điện năng tiêu thụ. Xe còn mang đậm chất thể thao với đèn báo rẽ được thiết kế gọn nhẹ cùng đèn hậu thiết kế sắc nét.</p>\r\n\r\n<p><img alt="" src="http://mmzpkl.com/userfiles/images/sub_image/B9sUk5J9RlyAe8gy8O1z.jpg" style="height:360px; width:100%" /></p>', 'Tự do, phóng khoáng nhưng không kém phần mạnh mẽ, CB500X chính là bạn đồng hành vững chãi của bạn cho bước đầu chinh phục niềm đam mê khám phá trên những cung đường đầy bất ngờ.', NULL, NULL, 10, 0, 0, NULL, NULL, NULL, 0, '1', NULL, 188790000, 0, NULL, '/userfiles/images/cb500x2021.jpg', 1, 1, 0, 1, '2022-06-18 09:39:52', '2022-06-18 09:58:00'),
	(12, 'Africa Twin 2021', 'africa-twin-2021', '<p><strong>Off-road thuần túy</strong></p>\r\n\r\n<p>Thiết kế khung sườn, vỏ xe cùng vị trí ngồi lái mang lại cảm giác điều khiển xe vững vàng, chắc chắn - điều quan trọng nhất trong lĩnh vực Off-road. Là chiếc xe có trọng lượng nhẹ nhất phân khúc, Africa Twin được trang bị một bộ khung chính nhẹ nhàng, càng xe và khung phụ bằng nhôm. Đi kèm với bộ khung là một hệ thống phuộc Showa gồm giảm xóc hành trình ngược phía trước và lò xo trụ đơn phía sau, sử dụng liên kết Pro-link và nén khí ga (hệ thống phuộc có thể điều chỉnh tải và có hành trình giảm xóc lớn). Tay lái cao, yên xe gọn gàng, cùng thiết kế dàn nhựa trước và kính chắn gió gọn nhẹ, giúp người lái dễ dàng điều khiển xe ở vị trí đứng hay ngồi.</p>\r\n\r\n<p><img alt="" src="http://mmzpkl.com/userfiles/images/sub_image/nSfFtle3DEMf5U7PKNWc.jpg" style="height:360px; width:100%" /></p>\r\n\r\n<p><strong>Màn hình cảm ứng TFT hiện đại</strong></p>\r\n\r\n<p>Mẫu xe được trang bị màn hình cảm ứng TFT có kích thước 6.5 inches, giúp mang đến khả năng quan sát các thông tin xe nhanh chóng và đầy đủ, việc lựa chọn và tùy chỉnh các tính năng trên xe cũng trở nên dễ dàng hơn.</p>\r\n\r\n<p><img alt="" src="http://mmzpkl.com/userfiles/images/sub_image/EvCRlq9LTY3dsoYGnz1k.png" style="height:360px; width:100%" /></p>', 'Sinh ra từ những cuộc đua trên sa mạc. Hoàn thiện cho mọi cung đường phiêu lưu Chiếc Africa Twin là một công cụ tuyệt hảo, sinh ra và hoàn thiện trong những điều kiện khắc nghiệt, với khả năng bám đường tối ưu, giúp người lái luôn cảm nhận được tiếp xúc lốp xe với mặt đất, mang lại sự tự tin cho người lái để chinh phục các chuyến hành trình dài.', NULL, NULL, 10, 0, 0, NULL, NULL, NULL, 0, '1', NULL, 590490000, 0, NULL, '/userfiles/images/africatwin2021.jpg', 1, 1, 0, 1, '2022-06-18 09:40:49', '2022-06-18 09:50:55'),
	(13, 'CB 500F 2021', 'cb-500f-2021', '<p><strong>DỄ DÀNG VẬN HÀNH</strong></p>\r\n\r\n<p>Cân bằng, linh hoạt và dễ điều khiển: đó là những ưu tiên hàng đầu trong thiết kế của CB500F giúp bạn trọn vẹn tận hưởng niềm vui lái xe trên mỗi cung đường. Chiếc CB500F sử dụng thiết kế khung thép ống dạng kim cương với độ cứng được tinh chỉnh, vị trí đặt động cơ gần sát trục càng sau giúp tối ưu hoá khả năng điều khiển linh hoạt của xe</p>\r\n\r\n<p><img alt="" src="http://mmzpkl.com/userfiles/images/sub_image/ulLoXjkmtQa2JNIriSE8.jpg" style="height:360px; width:100%" /></p>\r\n\r\n<p><strong>MÀN</strong> HÌNH HIỂN THỊ THÔNG MINH</p>\r\n\r\n<p>Chiếc CB500F được trang bị màn hình LCD dạng âm bản, hiển thị các thông tin như đồng hồ tốc độ, đo tốc độ động cơ, đồng hồ đo hành trình, lượng nhiên liệu và mức tiêu thụ nhiên liệu, cùng đèn báo sang số và hiển thị vị trí số, giúp bạn luôn cập nhật được các thông tin xe và hành trình một cách nhanh chóng, dễ dàng.</p>\r\n\r\n<p><img alt="" src="http://mmzpkl.com/userfiles/images/sub_image/2mLhE8x2FwCaiLzFzaEG.jpg" style="height:360px; width:100%" /></p>\r\n\r\n<p><strong>HỆ THỐNG ĐÈN LED HIỆN ĐẠI</strong></p>\r\n\r\n<p>Toàn bộ hệ thống chiếu sáng và hiển thị trên chiếc CB500F đều sử dụng bóng đèn LED, mang đến một vẻ ngoài hiện đại, sắc sảo, cùng khả năng tiết kiệm điện tối ưu.</p>\r\n\r\n<p><img alt="" src="http://mmzpkl.com/userfiles/images/sub_image/I2HA7JGOpSiCaXYlAvAp.jpg" style="height:360px; width:100%" /></p>\r\n\r\n<p><strong>GIẢM XÓC DỄ DÀNG TUỲ CHỈNH</strong></p>\r\n\r\n<p>Chiếc CB500F đi kèm với cặp phuộc trước dạng ống lồng 41mm, phuộc sau dạng lò xo trụ đơn với kết nối Pro-link cùng 5 cấp độ điều chỉnh tải trước lò xo, mang lại khả năng giảm xóc êm ái, duy trì độ ổn định và có thể tùy chỉnh cho mỗi điều kiện vận hành khác nhau</p>\r\n\r\n<p><img alt="" src="http://mmzpkl.com/userfiles/images/sub_image/urEKjpkKyveUzoSDHduO.jpg" style="height:360px; width:100%" /></p>\r\n\r\n<div id="gtx-trans" style="position: absolute; left: 746px; top: 1535.8px;">\r\n<div class="gtx-trans-icon">&nbsp;</div>\r\n</div>', 'TIẾN VỀ PHÍA TRƯỚC Cùng sức mạnh thoả mãn mọi yêu cầu Với khối động cơ mới được tinh chỉnh, đáp ứng tiêu chuẩn khí thải EURO5, cùng với việc duy trì sức mạnh động cơ với mô men xoắn cao cùng công suất tối đa mạnh mẽ, kết hợp cùng hộp số 6 cấp mượt mà đáp ứng hoàn hảo từ những cú đề pa vượt trội cho tới khả năng vận hành tuyệt vời tại vòng tua máy lớn: CB500F đem lại một sân chơi mới đầy thách thức cho bạn khám phá và chinh phục.', NULL, NULL, 10, 0, 0, NULL, NULL, NULL, 0, '1', NULL, 179490000, 0, NULL, '/userfiles/images/cb500f2021.jpg', 1, 1, 0, 1, '2022-06-18 10:24:31', '2022-06-18 10:24:31'),
	(15, 'CBR 500R 2021', 'cbr-500r-2021', '<p><strong>HỆ THỐNG ĐÈN LED HIỆN ĐẠI</strong></p>\r\n\r\n<p>Thiết kế đèn trước và đèn báo rẽ trước mang đến ngoại hình thể thao, sắc nét và tinh tế cho xe. Toàn bộ hệ thống chiếu sáng và đèn hiển thị trên xe sử dụng bóng LED, giúp tối ưu hoá hiệu quả chiếu sáng và tiết kiệm tiêu thụ điện.</p>\r\n\r\n<p><img alt="" src="http://mmzpkl.com/userfiles/images/sub_image/pgzA64wEhqhNnPtTWVqX.jpg" style="height:360px; width:100%" /></p>\r\n\r\n<p><strong>XOAY CHUYỂN NHANH CHÓNG</strong></p>\r\n\r\n<p>Thiết kế khung xe dạng kim cương mang đến sự linh hoạt và phản hồi tốt hơn cho xe khi điều kiện đường thay đổi. Động cơ đặt gần với chốt càng xe, đặt trọng tâm xe phía dưới người lái, mang lại sự cân bằng tối đa, giúp xe dễ dàng xoay chuyển. Chiều cao yên xe 785mm giúp người lái tự tin hơn khi sử dụng.</p>\r\n\r\n<p><img alt="" src="http://mmzpkl.com/userfiles/images/sub_image/dxJM9SeXDT8QVVSMMOBY.jpg" style="height:360px; width:100%" /></p>\r\n\r\n<p>&nbsp;</p>\r\n\r\n<p><strong>MÀN HÌNH HIỂN THỊ THÔNG MINH</strong></p>\r\n\r\n<p>Mẫu CBR500R được trang bị màn hình hiển thị LCD dạng âm bản, với các thông tin được thể hiện đầy đủ, rõ ràng và dễ quan sát, giúp người lái luôn nắm được các thông tin cần thiết khi di chuyển</p>\r\n\r\n<p><img alt="" src="http://mmzpkl.com/userfiles/images/sub_image/QKGDoF5Xdbi7w0QXxcoh.jpg" style="height:360px; width:100%" /></p>\r\n\r\n<p><strong>GIẢM XÓC DỄ DÀNG ĐIỀU CHỈNH</strong></p>\r\n\r\n<p>Dù hành trình bạn chọn đưa bạn tới những con đường cao tốc hay những cung đường làng quê, mẫu CBR500R cung cấp cho bạn khả năng tuỳ chỉnh giảm xóc cho phù hợp nhất với điều kiện chuyến đi. Phuộc trước ống lồng 41mm mang tới khả năng giảm xóc êm ái và duy trì độ ổn định cho xe. Giảm xóc sau sử dụng lò xo trụ đơn với liên kết Pro-link cùng với 5 mức điều chỉnh tải trước lò xo. Với cấu trúc này, mọi hành trình đều trở nên "có thể" và dễ dàng hơn.</p>\r\n\r\n<p><img alt="" src="http://mmzpkl.com/userfiles/images/sub_image/urEKjpkKyveUzoSDHduO.jpg" style="height:360px; width:100%" /></p>', 'ĐẬM NÉT THỂ THAO CẢM HỨNG TỪ FIREBLADE Mẫu CBR500R được thiết kế lấy cảm hứng từ mẫu xe đàn anh CBR1000RR Fireblade. Với một ngoại hình xe sắc nét và mạnh mẽ, cùng tính khí động học được tối ưu hoá. Sức mạnh động cơ tập trung ở dải vòng tua thấp và vừa, mẫu CBR500R giúp giải phóng bạn khỏi mọi ràng buộc - hãy trở thành 1 biker mà bạn hằng mơ ước', NULL, NULL, 10, 0, 0, NULL, NULL, NULL, 0, '1', NULL, 187490000, 0, NULL, '/userfiles/images/cbr500r2021.jpg', 1, 1, 0, 1, '2022-06-18 10:37:50', '2022-06-18 10:37:50'),
	(16, 'CBR1000RR-R Fireblade SP', 'cbr1000rr-r-fireblade-sp', '<p><strong>Thiết kế khí động học vượt trội</strong></p>\r\n\r\n<p>CBR1000RR-R Fireblade SP mang một phong cách thiết kế hoàn toàn mới lạ, độc đáo, với một bộ vỏ khí động học mang nhiều kỹ thuật độc đáo và có hệ số cản gió thấp nhất trong phân khúc, bên cạnh đó, chiếc Fireblade còn được trang bị cánh gió với thiết kế lấy cảm hứng từ mẫu xe đua tại giải MotoGP, giúp sản sinh lực nén xuống mặt đường tương đương với mẫu xe đua Honda RC213V, giảm thiểu tối đa tình trạng nâng bánh trước khi gia tốc tăng cao, cải thiện độ ổn định xe khi phanh và khi vào góc cua với tốc độ cao.</p>\r\n\r\n<p><img alt="" src="http://mmzpkl.com/userfiles/images/sub_image/mtfDD0pMNxqiA1jRGcpW.jpg" style="height:360px; width:100%" /></p>\r\n\r\n<p><strong>Thiết kế càng xe lấy cảm hứng từ mẫu xe đua RC213V</strong></p>\r\n\r\n<p>Càng xe làm bằng nhôm dựa vào nguyên mẫu trên xe đua Honda RC213V, với độ dài tăng 30.5mm so với mẫu xe Fireblade cũ, nhưng khối lượng không thay đổi. Độ cứng càng xe khi chịu lực tác động theo phương nằm ngang được giảm 15%, điều này giúp khả năng bám đường của lốp sau tăng lên đáng kể, đặc biệt trong các tình huống vào cua với tốc độ cao.</p>\r\n\r\n<p><img alt="" src="http://mmzpkl.com/userfiles/images/sub_image/gE6iEdwBooDeC8a2hQTJ.png" style="height:360px; width:100%" /></p>', 'ĐƯỜNG ĐUA LÀ SÂN CHƠI CỦA BẠN Nơi bạn sống thực với đam mê CBR1000RR-R Fireblade SP được trang bị hệ thống giảm xóc Smart Electronic Control (S-EC) thế hệ 2 và cụm phanh Brembo Stylema trên phanh trước. Với khả năng vận hành vượt trội, CBR1000RR-R Fireblade SP là món quà đắt giá nhất của Honda dành tặng cho các tín đồ tốc độ. HÃY TẬN HƯỞNG !!!', NULL, NULL, 10, 0, 0, NULL, NULL, NULL, 0, '1', NULL, 1050000000, 0, NULL, '/userfiles/images/cbr1000rr-r-fireblade-sp.png', 1, 1, 0, 1, '2022-06-18 16:26:42', '2022-06-18 16:26:42'),
	(17, 'CB150R The Streetster', 'cb150r-the-streetster', '<p><strong>HỆ THỐNG ĐÈN LED HIỆN ĐẠI</strong></p>\r\n\r\n<p>Thiết kế đèn trước và đèn báo rẽ trước mang đến ngoại hình thể thao, sắc nét và tinh tế cho xe. Toàn bộ hệ thống chiếu sáng và đèn hiển thị trên xe sử dụng bóng LED, giúp tối ưu hoá hiệu quả chiếu sáng và tiết kiệm tiêu thụ điện.</p>\r\n\r\n<p><img alt="" src="http://mmzpkl.com/userfiles/images/sub_image/pgzA64wEhqhNnPtTWVqX.jpg" style="height:360px; width:100%" /></p>\r\n\r\n<p><strong>XOAY CHUYỂN NHANH CHÓNG</strong></p>\r\n\r\n<p>Thiết kế khung xe dạng kim cương mang đến sự linh hoạt và phản hồi tốt hơn cho xe khi điều kiện đường thay đổi. Động cơ đặt gần với chốt càng xe, đặt trọng tâm xe phía dưới người lái, mang lại sự cân bằng tối đa, giúp xe dễ dàng xoay chuyển. Chiều cao yên xe 785mm giúp người lái tự tin hơn khi sử dụng.</p>\r\n\r\n<p><img alt="" src="http://mmzpkl.com/userfiles/images/sub_image/dxJM9SeXDT8QVVSMMOBY.jpg" style="height:360px; width:100%" /></p>\r\n\r\n<p>&nbsp;</p>\r\n\r\n<p><strong>MÀN HÌNH HIỂN THỊ THÔNG MINH</strong></p>\r\n\r\n<p>Mẫu CBR500R được trang bị màn hình hiển thị LCD dạng âm bản, với các thông tin được thể hiện đầy đủ, rõ ràng và dễ quan sát, giúp người lái luôn nắm được các thông tin cần thiết khi di chuyển</p>\r\n\r\n<p><img alt="" src="http://mmzpkl.com/userfiles/images/sub_image/QKGDoF5Xdbi7w0QXxcoh.jpg" style="height:360px; width:100%" /></p>\r\n\r\n<p><strong>GIẢM XÓC DỄ DÀNG ĐIỀU CHỈNH</strong></p>\r\n\r\n<p>Dù hành trình bạn chọn đưa bạn tới những con đường cao tốc hay những cung đường làng quê, mẫu CBR500R cung cấp cho bạn khả năng tuỳ chỉnh giảm xóc cho phù hợp nhất với điều kiện chuyến đi. Phuộc trước ống lồng 41mm mang tới khả năng giảm xóc êm ái và duy trì độ ổn định cho xe. Giảm xóc sau sử dụng lò xo trụ đơn với liên kết Pro-link cùng với 5 mức điều chỉnh tải trước lò xo. Với cấu trúc này, mọi hành trình đều trở nên "có thể" và dễ dàng hơn.</p>\r\n\r\n<p><img alt="" src="http://mmzpkl.com/userfiles/images/sub_image/urEKjpkKyveUzoSDHduO.jpg" style="height:360px; width:100%" /></p>', 'CB150R là sự pha trộn hoàn hảo giữa cổ điển và đương đại, nam tính và đầy bản lĩnh với màu sắc mới tinh tế từ khung, phuộc và tem xe, cùng thiết kế tân cổ điển kế thừa phong cách Neo Sport Café đình đám.', NULL, NULL, 10, 0, 0, '0', NULL, NULL, 0, '1', NULL, 105500000, 0, NULL, '/userfiles/images/cb150rthestreetster.png', 1, 1, 0, 1, '2022-06-28 21:31:41', '2022-06-28 21:31:41'),
	(18, 'Winner X', 'winner-x', '<p><strong>HỆ THỐNG ĐÈN LED HIỆN ĐẠI</strong></p>\r\n\r\n<p>Thiết kế đèn trước và đèn báo rẽ trước mang đến ngoại hình thể thao, sắc nét và tinh tế cho xe. Toàn bộ hệ thống chiếu sáng và đèn hiển thị trên xe sử dụng bóng LED, giúp tối ưu hoá hiệu quả chiếu sáng và tiết kiệm tiêu thụ điện.</p>\r\n\r\n<p><img alt="" src="http://mmzpkl.com/userfiles/images/sub_image/pgzA64wEhqhNnPtTWVqX.jpg" style="height:360px; width:100%" /></p>\r\n\r\n<p><strong>XOAY CHUYỂN NHANH CHÓNG</strong></p>\r\n\r\n<p>Thiết kế khung xe dạng kim cương mang đến sự linh hoạt và phản hồi tốt hơn cho xe khi điều kiện đường thay đổi. Động cơ đặt gần với chốt càng xe, đặt trọng tâm xe phía dưới người lái, mang lại sự cân bằng tối đa, giúp xe dễ dàng xoay chuyển. Chiều cao yên xe 785mm giúp người lái tự tin hơn khi sử dụng.</p>\r\n\r\n<p><img alt="" src="http://mmzpkl.com/userfiles/images/sub_image/dxJM9SeXDT8QVVSMMOBY.jpg" style="height:360px; width:100%" /></p>\r\n\r\n<p>&nbsp;</p>\r\n\r\n<p><strong>MÀN HÌNH HIỂN THỊ THÔNG MINH</strong></p>\r\n\r\n<p>Mẫu CBR500R được trang bị màn hình hiển thị LCD dạng âm bản, với các thông tin được thể hiện đầy đủ, rõ ràng và dễ quan sát, giúp người lái luôn nắm được các thông tin cần thiết khi di chuyển</p>\r\n\r\n<p><img alt="" src="http://mmzpkl.com/userfiles/images/sub_image/QKGDoF5Xdbi7w0QXxcoh.jpg" style="height:360px; width:100%" /></p>\r\n\r\n<p><strong>GIẢM XÓC DỄ DÀNG ĐIỀU CHỈNH</strong></p>\r\n\r\n<p>Dù hành trình bạn chọn đưa bạn tới những con đường cao tốc hay những cung đường làng quê, mẫu CBR500R cung cấp cho bạn khả năng tuỳ chỉnh giảm xóc cho phù hợp nhất với điều kiện chuyến đi. Phuộc trước ống lồng 41mm mang tới khả năng giảm xóc êm ái và duy trì độ ổn định cho xe. Giảm xóc sau sử dụng lò xo trụ đơn với liên kết Pro-link cùng với 5 mức điều chỉnh tải trước lò xo. Với cấu trúc này, mọi hành trình đều trở nên "có thể" và dễ dàng hơn.</p>\r\n\r\n<p><img alt="" src="http://mmzpkl.com/userfiles/images/sub_image/urEKjpkKyveUzoSDHduO.jpg" style="height:360px; width:100%" /></p>', 'Cuộc đời là một cuộc phiêu lưu tràn đầy những điều bất ngờ và mỗi người đều có một vạch đích của riêng mình. Hãy tự tin tạo những cú kích để vút xa và tạo dấu ấn riêng biệt cùng Honda WINNER X mới. Đánh dấu sự chuyển mình mạnh mẽ hướng tới hình ảnh một mẫu siêu xe thể thao cỡ nhỏ hàng đầu tại Việt Nam cùng những trang bị hiện đại và tối tân, WINNER X mới sẵn sàng cùng các tay lái bứt tốc trên mọi hành trình khám phá', NULL, NULL, 10, 0, 0, '0', NULL, NULL, 0, '1', NULL, 46160000, 0, NULL, '/userfiles/images/winx.png', 1, 1, 0, 1, '2022-06-28 21:40:40', '2022-06-28 21:40:40'),
	(19, 'Vision', 'vision', '<p><strong>HỆ THỐNG ĐÈN LED HIỆN ĐẠI</strong></p>\r\n\r\n<p>Thiết kế đèn trước và đèn báo rẽ trước mang đến ngoại hình thể thao, sắc nét và tinh tế cho xe. Toàn bộ hệ thống chiếu sáng và đèn hiển thị trên xe sử dụng bóng LED, giúp tối ưu hoá hiệu quả chiếu sáng và tiết kiệm tiêu thụ điện.</p>\r\n\r\n<p><img alt="" src="http://mmzpkl.com/userfiles/images/sub_image/pgzA64wEhqhNnPtTWVqX.jpg" style="height:360px; width:100%" /></p>\r\n\r\n<p><strong>XOAY CHUYỂN NHANH CHÓNG</strong></p>\r\n\r\n<p>Thiết kế khung xe dạng kim cương mang đến sự linh hoạt và phản hồi tốt hơn cho xe khi điều kiện đường thay đổi. Động cơ đặt gần với chốt càng xe, đặt trọng tâm xe phía dưới người lái, mang lại sự cân bằng tối đa, giúp xe dễ dàng xoay chuyển. Chiều cao yên xe 785mm giúp người lái tự tin hơn khi sử dụng.</p>\r\n\r\n<p><img alt="" src="http://mmzpkl.com/userfiles/images/sub_image/dxJM9SeXDT8QVVSMMOBY.jpg" style="height:360px; width:100%" /></p>\r\n\r\n<p>&nbsp;</p>\r\n\r\n<p><strong>MÀN HÌNH HIỂN THỊ THÔNG MINH</strong></p>\r\n\r\n<p>Mẫu CBR500R được trang bị màn hình hiển thị LCD dạng âm bản, với các thông tin được thể hiện đầy đủ, rõ ràng và dễ quan sát, giúp người lái luôn nắm được các thông tin cần thiết khi di chuyển</p>\r\n\r\n<p><img alt="" src="http://mmzpkl.com/userfiles/images/sub_image/QKGDoF5Xdbi7w0QXxcoh.jpg" style="height:360px; width:100%" /></p>\r\n\r\n<p><strong>GIẢM XÓC DỄ DÀNG ĐIỀU CHỈNH</strong></p>\r\n\r\n<p>Dù hành trình bạn chọn đưa bạn tới những con đường cao tốc hay những cung đường làng quê, mẫu CBR500R cung cấp cho bạn khả năng tuỳ chỉnh giảm xóc cho phù hợp nhất với điều kiện chuyến đi. Phuộc trước ống lồng 41mm mang tới khả năng giảm xóc êm ái và duy trì độ ổn định cho xe. Giảm xóc sau sử dụng lò xo trụ đơn với liên kết Pro-link cùng với 5 mức điều chỉnh tải trước lò xo. Với cấu trúc này, mọi hành trình đều trở nên "có thể" và dễ dàng hơn.</p>\r\n\r\n<p><img alt="" src="http://mmzpkl.com/userfiles/images/sub_image/urEKjpkKyveUzoSDHduO.jpg" style="height:360px; width:100%" /></p>', 'Thuộc phân khúc xe tay ga giá thấp, Vision luôn là mẫu xe được ưa chuộng trong giới trẻ và có số lượng bán ra lớn nhất tại thị trường Việt Nam suốt nhiều năm qua nhờ kiểu dáng trẻ trung, thanh lịch và nhỏ gọn. Sau 6 năm kể từ lần thay đổi lớn gần nhất vào năm 2014, chiếc xe Vision 2020 đã được nâng cấp toàn diện cả về kiểu dáng thời trang cùng những tiện ích và công nghệ hiện đại, hứa hẹn mang đến những trải nghiệm vượt xa kỳ vọng cho những người trẻ năng động và luôn dẫn đầu xu hướng.', NULL, NULL, 10, 0, 0, '0', NULL, NULL, 0, '1', NULL, 30230000, 0, NULL, '/userfiles/images/vision.png', 1, 1, 0, 1, '2022-06-28 21:45:31', '2022-06-28 21:45:31'),
	(20, 'Sh Mode', 'sh-mode', '<p><strong>HỆ THỐNG ĐÈN LED HIỆN ĐẠI</strong></p>\r\n\r\n<p>Thiết kế đèn trước và đèn báo rẽ trước mang đến ngoại hình thể thao, sắc nét và tinh tế cho xe. Toàn bộ hệ thống chiếu sáng và đèn hiển thị trên xe sử dụng bóng LED, giúp tối ưu hoá hiệu quả chiếu sáng và tiết kiệm tiêu thụ điện.</p>\r\n\r\n<p><img alt="" src="http://mmzpkl.com/userfiles/images/sub_image/pgzA64wEhqhNnPtTWVqX.jpg" style="height:360px; width:100%" /></p>\r\n\r\n<p><strong>XOAY CHUYỂN NHANH CHÓNG</strong></p>\r\n\r\n<p>Thiết kế khung xe dạng kim cương mang đến sự linh hoạt và phản hồi tốt hơn cho xe khi điều kiện đường thay đổi. Động cơ đặt gần với chốt càng xe, đặt trọng tâm xe phía dưới người lái, mang lại sự cân bằng tối đa, giúp xe dễ dàng xoay chuyển. Chiều cao yên xe 785mm giúp người lái tự tin hơn khi sử dụng.</p>\r\n\r\n<p><img alt="" src="http://mmzpkl.com/userfiles/images/sub_image/dxJM9SeXDT8QVVSMMOBY.jpg" style="height:360px; width:100%" /></p>\r\n\r\n<p>&nbsp;</p>\r\n\r\n<p><strong>MÀN HÌNH HIỂN THỊ THÔNG MINH</strong></p>\r\n\r\n<p>Mẫu CBR500R được trang bị màn hình hiển thị LCD dạng âm bản, với các thông tin được thể hiện đầy đủ, rõ ràng và dễ quan sát, giúp người lái luôn nắm được các thông tin cần thiết khi di chuyển</p>\r\n\r\n<p><img alt="" src="http://mmzpkl.com/userfiles/images/sub_image/QKGDoF5Xdbi7w0QXxcoh.jpg" style="height:360px; width:100%" /></p>\r\n\r\n<p><strong>GIẢM XÓC DỄ DÀNG ĐIỀU CHỈNH</strong></p>\r\n\r\n<p>Dù hành trình bạn chọn đưa bạn tới những con đường cao tốc hay những cung đường làng quê, mẫu CBR500R cung cấp cho bạn khả năng tuỳ chỉnh giảm xóc cho phù hợp nhất với điều kiện chuyến đi. Phuộc trước ống lồng 41mm mang tới khả năng giảm xóc êm ái và duy trì độ ổn định cho xe. Giảm xóc sau sử dụng lò xo trụ đơn với liên kết Pro-link cùng với 5 mức điều chỉnh tải trước lò xo. Với cấu trúc này, mọi hành trình đều trở nên "có thể" và dễ dàng hơn.</p>\r\n\r\n<p><img alt="" src="http://mmzpkl.com/userfiles/images/sub_image/urEKjpkKyveUzoSDHduO.jpg" style="height:360px; width:100%" /></p>', 'Thuộc phân khúc xe ga cao cấp và thừa hưởng thiết kế sang trọng nổi tiếng của dòng xe SH, Sh mode luôn được đánh giá cao nhờ kiểu dáng sang trọng, tinh tế tới từng đường nét, động cơ tiên tiến và các tiện nghi cao cấp xứng tầm phong cách sống thời thượng, đẳng cấp.', NULL, NULL, 10, 0, 0, '0', NULL, NULL, 0, '1', NULL, 54186000, 0, NULL, '/userfiles/images/shmode.png', 1, 1, 0, 1, '2022-06-28 21:51:14', '2022-06-28 21:51:14'),
	(21, 'Blade 110', 'blade-110', '<p><strong>HỆ THỐNG ĐÈN LED HIỆN ĐẠI</strong></p>\r\n\r\n<p>Thiết kế đèn trước và đèn báo rẽ trước mang đến ngoại hình thể thao, sắc nét và tinh tế cho xe. Toàn bộ hệ thống chiếu sáng và đèn hiển thị trên xe sử dụng bóng LED, giúp tối ưu hoá hiệu quả chiếu sáng và tiết kiệm tiêu thụ điện.</p>\r\n\r\n<p><img alt="" src="http://mmzpkl.com/userfiles/images/sub_image/pgzA64wEhqhNnPtTWVqX.jpg" style="height:360px; width:100%" /></p>\r\n\r\n<p><strong>XOAY CHUYỂN NHANH CHÓNG</strong></p>\r\n\r\n<p>Thiết kế khung xe dạng kim cương mang đến sự linh hoạt và phản hồi tốt hơn cho xe khi điều kiện đường thay đổi. Động cơ đặt gần với chốt càng xe, đặt trọng tâm xe phía dưới người lái, mang lại sự cân bằng tối đa, giúp xe dễ dàng xoay chuyển. Chiều cao yên xe 785mm giúp người lái tự tin hơn khi sử dụng.</p>\r\n\r\n<p><img alt="" src="http://mmzpkl.com/userfiles/images/sub_image/dxJM9SeXDT8QVVSMMOBY.jpg" style="height:360px; width:100%" /></p>\r\n\r\n<p>&nbsp;</p>\r\n\r\n<p><strong>MÀN HÌNH HIỂN THỊ THÔNG MINH</strong></p>\r\n\r\n<p>Mẫu CBR500R được trang bị màn hình hiển thị LCD dạng âm bản, với các thông tin được thể hiện đầy đủ, rõ ràng và dễ quan sát, giúp người lái luôn nắm được các thông tin cần thiết khi di chuyển</p>\r\n\r\n<p><img alt="" src="http://mmzpkl.com/userfiles/images/sub_image/QKGDoF5Xdbi7w0QXxcoh.jpg" style="height:360px; width:100%" /></p>\r\n\r\n<p><strong>GIẢM XÓC DỄ DÀNG ĐIỀU CHỈNH</strong></p>\r\n\r\n<p>Dù hành trình bạn chọn đưa bạn tới những con đường cao tốc hay những cung đường làng quê, mẫu CBR500R cung cấp cho bạn khả năng tuỳ chỉnh giảm xóc cho phù hợp nhất với điều kiện chuyến đi. Phuộc trước ống lồng 41mm mang tới khả năng giảm xóc êm ái và duy trì độ ổn định cho xe. Giảm xóc sau sử dụng lò xo trụ đơn với liên kết Pro-link cùng với 5 mức điều chỉnh tải trước lò xo. Với cấu trúc này, mọi hành trình đều trở nên "có thể" và dễ dàng hơn.</p>\r\n\r\n<p><img alt="" src="http://mmzpkl.com/userfiles/images/sub_image/urEKjpkKyveUzoSDHduO.jpg" style="height:360px; width:100%" /></p>', 'Với tem xe mới, Blade mang một diện mạo đầy mạnh mẽ, khỏe khoắn, tạo nên phong cách thể thao và năng động cho người lái.', NULL, NULL, 10, 0, 0, '0', NULL, NULL, 0, '1', NULL, 18842000, 0, NULL, '/userfiles/images/blade110.png', 1, 1, 0, 1, '2022-06-28 21:55:35', '2022-06-28 21:55:35'),
	(22, 'Future 125 FI', 'future-125-fi', '<p><strong>HỆ THỐNG ĐÈN LED HIỆN ĐẠI</strong></p>\r\n\r\n<p>Thiết kế đèn trước và đèn báo rẽ trước mang đến ngoại hình thể thao, sắc nét và tinh tế cho xe. Toàn bộ hệ thống chiếu sáng và đèn hiển thị trên xe sử dụng bóng LED, giúp tối ưu hoá hiệu quả chiếu sáng và tiết kiệm tiêu thụ điện.</p>\r\n\r\n<p><img alt="" src="http://mmzpkl.com/userfiles/images/sub_image/pgzA64wEhqhNnPtTWVqX.jpg" style="height:360px; width:100%" /></p>\r\n\r\n<p><strong>XOAY CHUYỂN NHANH CHÓNG</strong></p>\r\n\r\n<p>Thiết kế khung xe dạng kim cương mang đến sự linh hoạt và phản hồi tốt hơn cho xe khi điều kiện đường thay đổi. Động cơ đặt gần với chốt càng xe, đặt trọng tâm xe phía dưới người lái, mang lại sự cân bằng tối đa, giúp xe dễ dàng xoay chuyển. Chiều cao yên xe 785mm giúp người lái tự tin hơn khi sử dụng.</p>\r\n\r\n<p><img alt="" src="http://mmzpkl.com/userfiles/images/sub_image/dxJM9SeXDT8QVVSMMOBY.jpg" style="height:360px; width:100%" /></p>\r\n\r\n<p>&nbsp;</p>\r\n\r\n<p><strong>MÀN HÌNH HIỂN THỊ THÔNG MINH</strong></p>\r\n\r\n<p>Mẫu CBR500R được trang bị màn hình hiển thị LCD dạng âm bản, với các thông tin được thể hiện đầy đủ, rõ ràng và dễ quan sát, giúp người lái luôn nắm được các thông tin cần thiết khi di chuyển</p>\r\n\r\n<p><img alt="" src="http://mmzpkl.com/userfiles/images/sub_image/QKGDoF5Xdbi7w0QXxcoh.jpg" style="height:360px; width:100%" /></p>\r\n\r\n<p><strong>GIẢM XÓC DỄ DÀNG ĐIỀU CHỈNH</strong></p>\r\n\r\n<p>Dù hành trình bạn chọn đưa bạn tới những con đường cao tốc hay những cung đường làng quê, mẫu CBR500R cung cấp cho bạn khả năng tuỳ chỉnh giảm xóc cho phù hợp nhất với điều kiện chuyến đi. Phuộc trước ống lồng 41mm mang tới khả năng giảm xóc êm ái và duy trì độ ổn định cho xe. Giảm xóc sau sử dụng lò xo trụ đơn với liên kết Pro-link cùng với 5 mức điều chỉnh tải trước lò xo. Với cấu trúc này, mọi hành trình đều trở nên "có thể" và dễ dàng hơn.</p>\r\n\r\n<p><img alt="" src="http://mmzpkl.com/userfiles/images/sub_image/urEKjpkKyveUzoSDHduO.jpg" style="height:360px; width:100%" /></p>', NULL, NULL, NULL, 10, 0, 0, '0', NULL, NULL, 0, '1', NULL, 30328000, 0, NULL, '/userfiles/images/future125fi.png', 1, 1, 0, 1, '2022-06-28 22:03:41', '2022-06-28 22:03:41'),
	(23, '959 Panigale Corse', '959-panigale-corse', '<p>&lt;p&gt;&lt;strong&gt;HỆ THỐNG ĐÈN LED HIỆN ĐẠI&lt;/strong&gt;&lt;/p&gt;</p>\r\n\r\n<p>&lt;p&gt;Thiết kế đèn trước và đèn báo rẽ trước mang đến ngoại hình thể thao, sắc nét và tinh tế cho xe. Toàn bộ hệ thống chiếu sáng và đèn hiển thị trên xe sử dụng bóng LED, giúp tối ưu hoá hiệu quả chiếu sáng và tiết kiệm tiêu thụ điện.&lt;/p&gt;</p>\r\n\r\n<p>&lt;p&gt;&lt;img alt="" src="http://mmzpkl.com/userfiles/images/sub_image/pgzA64wEhqhNnPtTWVqX.jpg" style="height:360px; width:100%" /&gt;&lt;/p&gt;</p>\r\n\r\n<p>&lt;p&gt;&lt;strong&gt;XOAY CHUYỂN NHANH CHÓNG&lt;/strong&gt;&lt;/p&gt;</p>\r\n\r\n<p>&lt;p&gt;Thiết kế khung xe dạng kim cương mang đến sự linh hoạt và phản hồi tốt hơn cho xe khi điều kiện đường thay đổi. Động cơ đặt gần với chốt càng xe, đặt trọng tâm xe phía dưới người lái, mang lại sự cân bằng tối đa, giúp xe dễ dàng xoay chuyển. Chiều cao yên xe 785mm giúp người lái tự tin hơn khi sử dụng.&lt;/p&gt;</p>\r\n\r\n<p>&lt;p&gt;&lt;img alt="" src="http://mmzpkl.com/userfiles/images/sub_image/dxJM9SeXDT8QVVSMMOBY.jpg" style="height:360px; width:100%" /&gt;&lt;/p&gt;</p>\r\n\r\n<p>&lt;p&gt;&amp;nbsp;&lt;/p&gt;</p>\r\n\r\n<p>&lt;p&gt;&lt;strong&gt;MÀN HÌNH HIỂN THỊ THÔNG MINH&lt;/strong&gt;&lt;/p&gt;</p>\r\n\r\n<p>&lt;p&gt;Mẫu CBR500R được trang bị màn hình hiển thị LCD dạng âm bản, với các thông tin được thể hiện đầy đủ, rõ ràng và dễ quan sát, giúp người lái luôn nắm được các thông tin cần thiết khi di chuyển&lt;/p&gt;</p>\r\n\r\n<p>&lt;p&gt;&lt;img alt="" src="http://mmzpkl.com/userfiles/images/sub_image/QKGDoF5Xdbi7w0QXxcoh.jpg" style="height:360px; width:100%" /&gt;&lt;/p&gt;</p>\r\n\r\n<p>&lt;p&gt;&lt;strong&gt;GIẢM XÓC DỄ DÀNG ĐIỀU CHỈNH&lt;/strong&gt;&lt;/p&gt;</p>\r\n\r\n<p>&lt;p&gt;Dù hành trình bạn chọn đưa bạn tới những con đường cao tốc hay những cung đường làng quê, mẫu CBR500R cung cấp cho bạn khả năng tuỳ chỉnh giảm xóc cho phù hợp nhất với điều kiện chuyến đi. Phuộc trước ống lồng 41mm mang tới khả năng giảm xóc êm ái và duy trì độ ổn định cho xe. Giảm xóc sau sử dụng lò xo trụ đơn với liên kết Pro-link cùng với 5 mức điều chỉnh tải trước lò xo. Với cấu trúc này, mọi hành trình đều trở nên "có thể" và dễ dàng hơn.&lt;/p&gt;</p>\r\n\r\n<p>&lt;p&gt;&lt;img alt="" src="http://mmzpkl.com/userfiles/images/sub_image/urEKjpkKyveUzoSDHduO.jpg" style="height:360px; width:100%" /&gt;&lt;/p&gt;</p>\r\n\r\n<p>&lt;p&gt;&lt;strong&gt;HỆ THỐNG ĐÈN LED HIỆN ĐẠI&lt;/strong&gt;&lt;/p&gt;</p>\r\n\r\n<p>&lt;p&gt;Thiết kế đèn trước và đèn báo rẽ trước mang đến ngoại hình thể thao, sắc nét và tinh tế cho xe. Toàn bộ hệ thống chiếu sáng và đèn hiển thị trên xe sử dụng bóng LED, giúp tối ưu hoá hiệu quả chiếu sáng và tiết kiệm tiêu thụ điện.&lt;/p&gt;</p>\r\n\r\n<p>&lt;p&gt;&lt;img alt="" src="http://mmzpkl.com/userfiles/images/sub_image/pgzA64wEhqhNnPtTWVqX.jpg" style="height:360px; width:100%" /&gt;&lt;/p&gt;</p>\r\n\r\n<p>&lt;p&gt;&lt;strong&gt;XOAY CHUYỂN NHANH CHÓNG&lt;/strong&gt;&lt;/p&gt;</p>\r\n\r\n<p>&lt;p&gt;Thiết kế khung xe dạng kim cương mang đến sự linh hoạt và phản hồi tốt hơn cho xe khi điều kiện đường thay đổi. Động cơ đặt gần với chốt càng xe, đặt trọng tâm xe phía dưới người lái, mang lại sự cân bằng tối đa, giúp xe dễ dàng xoay chuyển. Chiều cao yên xe 785mm giúp người lái tự tin hơn khi sử dụng.&lt;/p&gt;</p>\r\n\r\n<p>&lt;p&gt;&lt;img alt="" src="http://mmzpkl.com/userfiles/images/sub_image/dxJM9SeXDT8QVVSMMOBY.jpg" style="height:360px; width:100%" /&gt;&lt;/p&gt;</p>\r\n\r\n<p>&lt;p&gt;&amp;nbsp;&lt;/p&gt;</p>\r\n\r\n<p>&lt;p&gt;&lt;strong&gt;MÀN HÌNH HIỂN THỊ THÔNG MINH&lt;/strong&gt;&lt;/p&gt;</p>\r\n\r\n<p>&lt;p&gt;Mẫu CBR500R được trang bị màn hình hiển thị LCD dạng âm bản, với các thông tin được thể hiện đầy đủ, rõ ràng và dễ quan sát, giúp người lái luôn nắm được các thông tin cần thiết khi di chuyển&lt;/p&gt;</p>\r\n\r\n<p>&lt;p&gt;&lt;img alt="" src="http://mmzpkl.com/userfiles/images/sub_image/QKGDoF5Xdbi7w0QXxcoh.jpg" style="height:360px; width:100%" /&gt;&lt;/p&gt;</p>\r\n\r\n<p>&lt;p&gt;&lt;strong&gt;GIẢM XÓC DỄ DÀNG ĐIỀU CHỈNH&lt;/strong&gt;&lt;/p&gt;</p>\r\n\r\n<p>&lt;p&gt;Dù hành trình bạn chọn đưa bạn tới những con đường cao tốc hay những cung đường làng quê, mẫu CBR500R cung cấp cho bạn khả năng tuỳ chỉnh giảm xóc cho phù hợp nhất với điều kiện chuyến đi. Phuộc trước ống lồng 41mm mang tới khả năng giảm xóc êm ái và duy trì độ ổn định cho xe. Giảm xóc sau sử dụng lò xo trụ đơn với liên kết Pro-link cùng với 5 mức điều chỉnh tải trước lò xo. Với cấu trúc này, mọi hành trình đều trở nên "có thể" và dễ dàng hơn.&lt;/p&gt;</p>\r\n\r\n<p>&lt;p&gt;&lt;img alt="" src="http://mmzpkl.com/userfiles/images/sub_image/urEKjpkKyveUzoSDHduO.jpg" style="height:360px; width:100%" /&gt;&lt;/p&gt;</p>', 'Với tem xe mới, Blade mang một diện mạo đầy mạnh mẽ, khỏe khoắn, tạo nên phong cách thể thao và năng động cho người lái.', NULL, NULL, 10, 0, 0, '0', NULL, NULL, 0, '3', NULL, 236460000, 0, NULL, '/userfiles/images/959PanigaleCorse.png', 1, 1, 0, 1, '2022-06-28 22:13:51', '2022-06-28 22:13:51'),
	(24, '1199 Panigale', '1199-panigale', '<p><strong>HỆ THỐNG ĐÈN LED HIỆN ĐẠI</strong></p>\r\n\r\n<p>Thiết kế đèn trước và đèn báo rẽ trước mang đến ngoại hình thể thao, sắc nét và tinh tế cho xe. Toàn bộ hệ thống chiếu sáng và đèn hiển thị trên xe sử dụng bóng LED, giúp tối ưu hoá hiệu quả chiếu sáng và tiết kiệm tiêu thụ điện.</p>\r\n\r\n<p><img alt="" src="http://mmzpkl.com/userfiles/images/sub_image/pgzA64wEhqhNnPtTWVqX.jpg" style="height:360px; width:100%" /></p>\r\n\r\n<p><strong>XOAY CHUYỂN NHANH CHÓNG</strong></p>\r\n\r\n<p>Thiết kế khung xe dạng kim cương mang đến sự linh hoạt và phản hồi tốt hơn cho xe khi điều kiện đường thay đổi. Động cơ đặt gần với chốt càng xe, đặt trọng tâm xe phía dưới người lái, mang lại sự cân bằng tối đa, giúp xe dễ dàng xoay chuyển. Chiều cao yên xe 785mm giúp người lái tự tin hơn khi sử dụng.</p>\r\n\r\n<p><img alt="" src="http://mmzpkl.com/userfiles/images/sub_image/dxJM9SeXDT8QVVSMMOBY.jpg" style="height:360px; width:100%" /></p>\r\n\r\n<p>&nbsp;</p>\r\n\r\n<p><strong>MÀN HÌNH HIỂN THỊ THÔNG MINH</strong></p>\r\n\r\n<p>Mẫu CBR500R được trang bị màn hình hiển thị LCD dạng âm bản, với các thông tin được thể hiện đầy đủ, rõ ràng và dễ quan sát, giúp người lái luôn nắm được các thông tin cần thiết khi di chuyển</p>\r\n\r\n<p><img alt="" src="http://mmzpkl.com/userfiles/images/sub_image/QKGDoF5Xdbi7w0QXxcoh.jpg" style="height:360px; width:100%" /></p>\r\n\r\n<p><strong>GIẢM XÓC DỄ DÀNG ĐIỀU CHỈNH</strong></p>\r\n\r\n<p>Dù hành trình bạn chọn đưa bạn tới những con đường cao tốc hay những cung đường làng quê, mẫu CBR500R cung cấp cho bạn khả năng tuỳ chỉnh giảm xóc cho phù hợp nhất với điều kiện chuyến đi. Phuộc trước ống lồng 41mm mang tới khả năng giảm xóc êm ái và duy trì độ ổn định cho xe. Giảm xóc sau sử dụng lò xo trụ đơn với liên kết Pro-link cùng với 5 mức điều chỉnh tải trước lò xo. Với cấu trúc này, mọi hành trình đều trở nên "có thể" và dễ dàng hơn.</p>\r\n\r\n<p><img alt="" src="http://mmzpkl.com/userfiles/images/sub_image/urEKjpkKyveUzoSDHduO.jpg" style="height:360px; width:100%" /></p>', 'Với tem xe mới, Blade mang một diện mạo đầy mạnh mẽ, khỏe khoắn, tạo nên phong cách thể thao và năng động cho người lái.', NULL, NULL, 10, 0, 0, '0', NULL, NULL, 0, '3', NULL, 234994000, 0, NULL, '/userfiles/images/1199panigale.png', 1, 1, 0, 1, '2022-06-28 22:20:28', '2022-06-28 22:20:28'),
	(25, 'FZ6R 2019', 'fz6r-2019', '<p><strong>HỆ THỐNG ĐÈN LED HIỆN ĐẠI</strong></p>\r\n\r\n<p>Thiết kế đèn trước và đèn báo rẽ trước mang đến ngoại hình thể thao, sắc nét và tinh tế cho xe. Toàn bộ hệ thống chiếu sáng và đèn hiển thị trên xe sử dụng bóng LED, giúp tối ưu hoá hiệu quả chiếu sáng và tiết kiệm tiêu thụ điện.</p>\r\n\r\n<p><img alt="" src="http://mmzpkl.com/userfiles/images/sub_image/pgzA64wEhqhNnPtTWVqX.jpg" style="height:360px; width:100%" /></p>\r\n\r\n<p><strong>XOAY CHUYỂN NHANH CHÓNG</strong></p>\r\n\r\n<p>Thiết kế khung xe dạng kim cương mang đến sự linh hoạt và phản hồi tốt hơn cho xe khi điều kiện đường thay đổi. Động cơ đặt gần với chốt càng xe, đặt trọng tâm xe phía dưới người lái, mang lại sự cân bằng tối đa, giúp xe dễ dàng xoay chuyển. Chiều cao yên xe 785mm giúp người lái tự tin hơn khi sử dụng.</p>\r\n\r\n<p><img alt="" src="http://mmzpkl.com/userfiles/images/sub_image/dxJM9SeXDT8QVVSMMOBY.jpg" style="height:360px; width:100%" /></p>\r\n\r\n<p>&nbsp;</p>\r\n\r\n<p><strong>MÀN HÌNH HIỂN THỊ THÔNG MINH</strong></p>\r\n\r\n<p>Mẫu CBR500R được trang bị màn hình hiển thị LCD dạng âm bản, với các thông tin được thể hiện đầy đủ, rõ ràng và dễ quan sát, giúp người lái luôn nắm được các thông tin cần thiết khi di chuyển</p>\r\n\r\n<p><img alt="" src="http://mmzpkl.com/userfiles/images/sub_image/QKGDoF5Xdbi7w0QXxcoh.jpg" style="height:360px; width:100%" /></p>\r\n\r\n<p><strong>GIẢM XÓC DỄ DÀNG ĐIỀU CHỈNH</strong></p>\r\n\r\n<p>Dù hành trình bạn chọn đưa bạn tới những con đường cao tốc hay những cung đường làng quê, mẫu CBR500R cung cấp cho bạn khả năng tuỳ chỉnh giảm xóc cho phù hợp nhất với điều kiện chuyến đi. Phuộc trước ống lồng 41mm mang tới khả năng giảm xóc êm ái và duy trì độ ổn định cho xe. Giảm xóc sau sử dụng lò xo trụ đơn với liên kết Pro-link cùng với 5 mức điều chỉnh tải trước lò xo. Với cấu trúc này, mọi hành trình đều trở nên "có thể" và dễ dàng hơn.</p>\r\n\r\n<p><img alt="" src="http://mmzpkl.com/userfiles/images/sub_image/urEKjpkKyveUzoSDHduO.jpg" style="height:360px; width:100%" /></p>', 'Với tem xe mới, Blade mang một diện mạo đầy mạnh mẽ, khỏe khoắn, tạo nên phong cách thể thao và năng động cho người lái.', NULL, NULL, 6, 0, 1, '0', NULL, NULL, 12, '2', NULL, 120280000, 0, NULL, '/userfiles/images/2017-fz6r.jpg', 1, 1, 0, 1, '2022-06-28 22:25:17', '2022-07-02 08:36:06'),
	(26, 'YZF-R1M', 'yzf-r1m', '<p><strong>HỆ THỐNG ĐÈN LED HIỆN ĐẠI</strong></p>\r\n\r\n<p>Thiết kế đèn trước và đèn báo rẽ trước mang đến ngoại hình thể thao, sắc nét và tinh tế cho xe. Toàn bộ hệ thống chiếu sáng và đèn hiển thị trên xe sử dụng bóng LED, giúp tối ưu hoá hiệu quả chiếu sáng và tiết kiệm tiêu thụ điện.</p>\r\n\r\n<p><img alt="" src="http://mmzpkl.com/userfiles/images/sub_image/pgzA64wEhqhNnPtTWVqX.jpg" style="height:360px; width:100%" /></p>\r\n\r\n<p><strong>XOAY CHUYỂN NHANH CHÓNG</strong></p>\r\n\r\n<p>Thiết kế khung xe dạng kim cương mang đến sự linh hoạt và phản hồi tốt hơn cho xe khi điều kiện đường thay đổi. Động cơ đặt gần với chốt càng xe, đặt trọng tâm xe phía dưới người lái, mang lại sự cân bằng tối đa, giúp xe dễ dàng xoay chuyển. Chiều cao yên xe 785mm giúp người lái tự tin hơn khi sử dụng.</p>\r\n\r\n<p><img alt="" src="http://mmzpkl.com/userfiles/images/sub_image/dxJM9SeXDT8QVVSMMOBY.jpg" style="height:360px; width:100%" /></p>\r\n\r\n<p>&nbsp;</p>\r\n\r\n<p><strong>MÀN HÌNH HIỂN THỊ THÔNG MINH</strong></p>\r\n\r\n<p>Mẫu CBR500R được trang bị màn hình hiển thị LCD dạng âm bản, với các thông tin được thể hiện đầy đủ, rõ ràng và dễ quan sát, giúp người lái luôn nắm được các thông tin cần thiết khi di chuyển</p>\r\n\r\n<p><img alt="" src="http://mmzpkl.com/userfiles/images/sub_image/QKGDoF5Xdbi7w0QXxcoh.jpg" style="height:360px; width:100%" /></p>\r\n\r\n<p><strong>GIẢM XÓC DỄ DÀNG ĐIỀU CHỈNH</strong></p>\r\n\r\n<p>Dù hành trình bạn chọn đưa bạn tới những con đường cao tốc hay những cung đường làng quê, mẫu CBR500R cung cấp cho bạn khả năng tuỳ chỉnh giảm xóc cho phù hợp nhất với điều kiện chuyến đi. Phuộc trước ống lồng 41mm mang tới khả năng giảm xóc êm ái và duy trì độ ổn định cho xe. Giảm xóc sau sử dụng lò xo trụ đơn với liên kết Pro-link cùng với 5 mức điều chỉnh tải trước lò xo. Với cấu trúc này, mọi hành trình đều trở nên "có thể" và dễ dàng hơn.</p>\r\n\r\n<p><img alt="" src="http://mmzpkl.com/userfiles/images/sub_image/urEKjpkKyveUzoSDHduO.jpg" style="height:360px; width:100%" /></p>', 'Với tem xe mới, Blade mang một diện mạo đầy mạnh mẽ, khỏe khoắn, tạo nên phong cách thể thao và năng động cho người lái.', NULL, NULL, 10, 0, 0, '0', NULL, NULL, 0, '2', NULL, 78120000, 0, NULL, '/userfiles/images/2018-yzf-r1m.jpg', 1, 1, 0, 1, '2022-06-28 22:33:00', '2022-06-28 22:33:00'),
	(27, 'YZF-R1S', 'yzf-r1s', '<p><strong>HỆ THỐNG ĐÈN LED HIỆN ĐẠI</strong></p>\r\n\r\n<p>Thiết kế đèn trước và đèn báo rẽ trước mang đến ngoại hình thể thao, sắc nét và tinh tế cho xe. Toàn bộ hệ thống chiếu sáng và đèn hiển thị trên xe sử dụng bóng LED, giúp tối ưu hoá hiệu quả chiếu sáng và tiết kiệm tiêu thụ điện.</p>\r\n\r\n<p><img alt="" src="http://mmzpkl.com/userfiles/images/sub_image/pgzA64wEhqhNnPtTWVqX.jpg" style="height:360px; width:100%" /></p>\r\n\r\n<p><strong>XOAY CHUYỂN NHANH CHÓNG</strong></p>\r\n\r\n<p>Thiết kế khung xe dạng kim cương mang đến sự linh hoạt và phản hồi tốt hơn cho xe khi điều kiện đường thay đổi. Động cơ đặt gần với chốt càng xe, đặt trọng tâm xe phía dưới người lái, mang lại sự cân bằng tối đa, giúp xe dễ dàng xoay chuyển. Chiều cao yên xe 785mm giúp người lái tự tin hơn khi sử dụng.</p>\r\n\r\n<p><img alt="" src="http://mmzpkl.com/userfiles/images/sub_image/dxJM9SeXDT8QVVSMMOBY.jpg" style="height:360px; width:100%" /></p>\r\n\r\n<p>&nbsp;</p>\r\n\r\n<p><strong>MÀN HÌNH HIỂN THỊ THÔNG MINH</strong></p>\r\n\r\n<p>Mẫu CBR500R được trang bị màn hình hiển thị LCD dạng âm bản, với các thông tin được thể hiện đầy đủ, rõ ràng và dễ quan sát, giúp người lái luôn nắm được các thông tin cần thiết khi di chuyển</p>\r\n\r\n<p><img alt="" src="http://mmzpkl.com/userfiles/images/sub_image/QKGDoF5Xdbi7w0QXxcoh.jpg" style="height:360px; width:100%" /></p>\r\n\r\n<p><strong>GIẢM XÓC DỄ DÀNG ĐIỀU CHỈNH</strong></p>\r\n\r\n<p>Dù hành trình bạn chọn đưa bạn tới những con đường cao tốc hay những cung đường làng quê, mẫu CBR500R cung cấp cho bạn khả năng tuỳ chỉnh giảm xóc cho phù hợp nhất với điều kiện chuyến đi. Phuộc trước ống lồng 41mm mang tới khả năng giảm xóc êm ái và duy trì độ ổn định cho xe. Giảm xóc sau sử dụng lò xo trụ đơn với liên kết Pro-link cùng với 5 mức điều chỉnh tải trước lò xo. Với cấu trúc này, mọi hành trình đều trở nên "có thể" và dễ dàng hơn.</p>\r\n\r\n<p><img alt="" src="http://mmzpkl.com/userfiles/images/sub_image/urEKjpkKyveUzoSDHduO.jpg" style="height:360px; width:100%" /></p>', 'Với tem xe mới, Blade mang một diện mạo đầy mạnh mẽ, khỏe khoắn, tạo nên phong cách thể thao và năng động cho người lái.', NULL, NULL, 10, 0, 0, '0', NULL, NULL, 3, '2', NULL, 98120000, 0, NULL, '/userfiles/images/2018-yzf-r1s.jpg', 1, 1, 0, 1, '2022-06-28 22:37:26', '2022-06-30 09:43:14'),
	(28, 'YZF-R3', 'yzf-r3', '<p><strong>HỆ THỐNG ĐÈN LED HIỆN ĐẠI</strong></p>\r\n\r\n<p>Thiết kế đèn trước và đèn báo rẽ trước mang đến ngoại hình thể thao, sắc nét và tinh tế cho xe. Toàn bộ hệ thống chiếu sáng và đèn hiển thị trên xe sử dụng bóng LED, giúp tối ưu hoá hiệu quả chiếu sáng và tiết kiệm tiêu thụ điện.</p>\r\n\r\n<p><img alt="" src="http://mmzpkl.com/userfiles/images/sub_image/pgzA64wEhqhNnPtTWVqX.jpg" style="height:360px; width:100%" /></p>\r\n\r\n<p><strong>XOAY CHUYỂN NHANH CHÓNG</strong></p>\r\n\r\n<p>Thiết kế khung xe dạng kim cương mang đến sự linh hoạt và phản hồi tốt hơn cho xe khi điều kiện đường thay đổi. Động cơ đặt gần với chốt càng xe, đặt trọng tâm xe phía dưới người lái, mang lại sự cân bằng tối đa, giúp xe dễ dàng xoay chuyển. Chiều cao yên xe 785mm giúp người lái tự tin hơn khi sử dụng.</p>\r\n\r\n<p><img alt="" src="http://mmzpkl.com/userfiles/images/sub_image/dxJM9SeXDT8QVVSMMOBY.jpg" style="height:360px; width:100%" /></p>\r\n\r\n<p>&nbsp;</p>\r\n\r\n<p><strong>MÀN HÌNH HIỂN THỊ THÔNG MINH</strong></p>\r\n\r\n<p>Mẫu CBR500R được trang bị màn hình hiển thị LCD dạng âm bản, với các thông tin được thể hiện đầy đủ, rõ ràng và dễ quan sát, giúp người lái luôn nắm được các thông tin cần thiết khi di chuyển</p>\r\n\r\n<p><img alt="" src="http://mmzpkl.com/userfiles/images/sub_image/QKGDoF5Xdbi7w0QXxcoh.jpg" style="height:360px; width:100%" /></p>\r\n\r\n<p><strong>GIẢM XÓC DỄ DÀNG ĐIỀU CHỈNH</strong></p>\r\n\r\n<p>Dù hành trình bạn chọn đưa bạn tới những con đường cao tốc hay những cung đường làng quê, mẫu CBR500R cung cấp cho bạn khả năng tuỳ chỉnh giảm xóc cho phù hợp nhất với điều kiện chuyến đi. Phuộc trước ống lồng 41mm mang tới khả năng giảm xóc êm ái và duy trì độ ổn định cho xe. Giảm xóc sau sử dụng lò xo trụ đơn với liên kết Pro-link cùng với 5 mức điều chỉnh tải trước lò xo. Với cấu trúc này, mọi hành trình đều trở nên "có thể" và dễ dàng hơn.</p>\r\n\r\n<p><img alt="" src="http://mmzpkl.com/userfiles/images/sub_image/urEKjpkKyveUzoSDHduO.jpg" style="height:360px; width:100%" /></p>', 'Với tem xe mới, Blade mang một diện mạo đầy mạnh mẽ, khỏe khoắn, tạo nên phong cách thể thao và năng động cho người lái.', NULL, NULL, 10, 0, 0, '0', NULL, NULL, 0, '2', NULL, 68921000, 0, NULL, '/userfiles/images/2018-yzf-r3.jpg', 1, 1, 0, 1, '2022-06-28 23:21:32', '2022-06-28 23:21:32'),
	(29, 'YZF-R6', 'yzf-r6', '<p><strong>HỆ THỐNG ĐÈN LED HIỆN ĐẠI</strong></p>\r\n\r\n<p>Thiết kế đèn trước và đèn báo rẽ trước mang đến ngoại hình thể thao, sắc nét và tinh tế cho xe. Toàn bộ hệ thống chiếu sáng và đèn hiển thị trên xe sử dụng bóng LED, giúp tối ưu hoá hiệu quả chiếu sáng và tiết kiệm tiêu thụ điện.</p>\r\n\r\n<p><img alt="" src="http://mmzpkl.com/userfiles/images/sub_image/pgzA64wEhqhNnPtTWVqX.jpg" style="height:360px; width:100%" /></p>\r\n\r\n<p><strong>XOAY CHUYỂN NHANH CHÓNG</strong></p>\r\n\r\n<p>Thiết kế khung xe dạng kim cương mang đến sự linh hoạt và phản hồi tốt hơn cho xe khi điều kiện đường thay đổi. Động cơ đặt gần với chốt càng xe, đặt trọng tâm xe phía dưới người lái, mang lại sự cân bằng tối đa, giúp xe dễ dàng xoay chuyển. Chiều cao yên xe 785mm giúp người lái tự tin hơn khi sử dụng.</p>\r\n\r\n<p><img alt="" src="http://mmzpkl.com/userfiles/images/sub_image/dxJM9SeXDT8QVVSMMOBY.jpg" style="height:360px; width:100%" /></p>\r\n\r\n<p>&nbsp;</p>\r\n\r\n<p><strong>MÀN HÌNH HIỂN THỊ THÔNG MINH</strong></p>\r\n\r\n<p>Mẫu CBR500R được trang bị màn hình hiển thị LCD dạng âm bản, với các thông tin được thể hiện đầy đủ, rõ ràng và dễ quan sát, giúp người lái luôn nắm được các thông tin cần thiết khi di chuyển</p>\r\n\r\n<p><img alt="" src="http://mmzpkl.com/userfiles/images/sub_image/QKGDoF5Xdbi7w0QXxcoh.jpg" style="height:360px; width:100%" /></p>\r\n\r\n<p><strong>GIẢM XÓC DỄ DÀNG ĐIỀU CHỈNH</strong></p>\r\n\r\n<p>Dù hành trình bạn chọn đưa bạn tới những con đường cao tốc hay những cung đường làng quê, mẫu CBR500R cung cấp cho bạn khả năng tuỳ chỉnh giảm xóc cho phù hợp nhất với điều kiện chuyến đi. Phuộc trước ống lồng 41mm mang tới khả năng giảm xóc êm ái và duy trì độ ổn định cho xe. Giảm xóc sau sử dụng lò xo trụ đơn với liên kết Pro-link cùng với 5 mức điều chỉnh tải trước lò xo. Với cấu trúc này, mọi hành trình đều trở nên "có thể" và dễ dàng hơn.</p>\r\n\r\n<p><img alt="" src="http://mmzpkl.com/userfiles/images/sub_image/urEKjpkKyveUzoSDHduO.jpg" style="height:360px; width:100%" /></p>', 'Với tem xe mới, Blade mang một diện mạo đầy mạnh mẽ, khỏe khoắn, tạo nên phong cách thể thao và năng động cho người lái.', NULL, NULL, 10, 0, 0, '0', NULL, NULL, 0, '2', NULL, 126000000, 0, NULL, '/userfiles/images/2018-yzf-r6.jpg', 1, 1, 0, 1, '2022-06-28 23:39:36', '2022-06-28 23:39:36'),
	(30, 'Diavel 1260', 'diavel-1260', '<p><strong>HỆ THỐNG ĐÈN LED HIỆN ĐẠI</strong></p>\r\n\r\n<p>Thiết kế đèn trước và đèn báo rẽ trước mang đến ngoại hình thể thao, sắc nét và tinh tế cho xe. Toàn bộ hệ thống chiếu sáng và đèn hiển thị trên xe sử dụng bóng LED, giúp tối ưu hoá hiệu quả chiếu sáng và tiết kiệm tiêu thụ điện.</p>\r\n\r\n<p><img alt="" src="http://mmzpkl.com/userfiles/images/sub_image/pgzA64wEhqhNnPtTWVqX.jpg" style="height:360px; width:100%" /></p>\r\n\r\n<p><strong>XOAY CHUYỂN NHANH CHÓNG</strong></p>\r\n\r\n<p>Thiết kế khung xe dạng kim cương mang đến sự linh hoạt và phản hồi tốt hơn cho xe khi điều kiện đường thay đổi. Động cơ đặt gần với chốt càng xe, đặt trọng tâm xe phía dưới người lái, mang lại sự cân bằng tối đa, giúp xe dễ dàng xoay chuyển. Chiều cao yên xe 785mm giúp người lái tự tin hơn khi sử dụng.</p>\r\n\r\n<p><img alt="" src="http://mmzpkl.com/userfiles/images/sub_image/dxJM9SeXDT8QVVSMMOBY.jpg" style="height:360px; width:100%" /></p>\r\n\r\n<p>&nbsp;</p>\r\n\r\n<p><strong>MÀN HÌNH HIỂN THỊ THÔNG MINH</strong></p>\r\n\r\n<p>Mẫu CBR500R được trang bị màn hình hiển thị LCD dạng âm bản, với các thông tin được thể hiện đầy đủ, rõ ràng và dễ quan sát, giúp người lái luôn nắm được các thông tin cần thiết khi di chuyển</p>\r\n\r\n<p><img alt="" src="http://mmzpkl.com/userfiles/images/sub_image/QKGDoF5Xdbi7w0QXxcoh.jpg" style="height:360px; width:100%" /></p>\r\n\r\n<p><strong>GIẢM XÓC DỄ DÀNG ĐIỀU CHỈNH</strong></p>\r\n\r\n<p>Dù hành trình bạn chọn đưa bạn tới những con đường cao tốc hay những cung đường làng quê, mẫu CBR500R cung cấp cho bạn khả năng tuỳ chỉnh giảm xóc cho phù hợp nhất với điều kiện chuyến đi. Phuộc trước ống lồng 41mm mang tới khả năng giảm xóc êm ái và duy trì độ ổn định cho xe. Giảm xóc sau sử dụng lò xo trụ đơn với liên kết Pro-link cùng với 5 mức điều chỉnh tải trước lò xo. Với cấu trúc này, mọi hành trình đều trở nên "có thể" và dễ dàng hơn.</p>\r\n\r\n<p><img alt="" src="http://mmzpkl.com/userfiles/images/sub_image/urEKjpkKyveUzoSDHduO.jpg" style="height:360px; width:100%" /></p>', 'Với tem xe mới, Blade mang một diện mạo đầy mạnh mẽ, khỏe khoắn, tạo nên phong cách thể thao và năng động cho người lái.', NULL, NULL, 10, 0, 0, '0', NULL, NULL, 1, '3', NULL, 524000000, 0, NULL, '/userfiles/images/Diavel1260.png', 1, 1, 0, 1, '2022-06-29 00:04:51', '2022-07-01 00:50:58'),
	(31, 'Ducati 899 Panigale', 'ducati-899-panigale', '<p><strong>HỆ THỐNG ĐÈN LED HIỆN ĐẠI</strong></p>\r\n\r\n<p>Thiết kế đèn trước và đèn báo rẽ trước mang đến ngoại hình thể thao, sắc nét và tinh tế cho xe. Toàn bộ hệ thống chiếu sáng và đèn hiển thị trên xe sử dụng bóng LED, giúp tối ưu hoá hiệu quả chiếu sáng và tiết kiệm tiêu thụ điện.</p>\r\n\r\n<p><img alt="" src="http://mmzpkl.com/userfiles/images/sub_image/pgzA64wEhqhNnPtTWVqX.jpg" style="height:360px; width:100%" /></p>\r\n\r\n<p><strong>XOAY CHUYỂN NHANH CHÓNG</strong></p>\r\n\r\n<p>Thiết kế khung xe dạng kim cương mang đến sự linh hoạt và phản hồi tốt hơn cho xe khi điều kiện đường thay đổi. Động cơ đặt gần với chốt càng xe, đặt trọng tâm xe phía dưới người lái, mang lại sự cân bằng tối đa, giúp xe dễ dàng xoay chuyển. Chiều cao yên xe 785mm giúp người lái tự tin hơn khi sử dụng.</p>\r\n\r\n<p><img alt="" src="http://mmzpkl.com/userfiles/images/sub_image/dxJM9SeXDT8QVVSMMOBY.jpg" style="height:360px; width:100%" /></p>\r\n\r\n<p>&nbsp;</p>\r\n\r\n<p><strong>MÀN HÌNH HIỂN THỊ THÔNG MINH</strong></p>\r\n\r\n<p>Mẫu CBR500R được trang bị màn hình hiển thị LCD dạng âm bản, với các thông tin được thể hiện đầy đủ, rõ ràng và dễ quan sát, giúp người lái luôn nắm được các thông tin cần thiết khi di chuyển</p>\r\n\r\n<p><img alt="" src="http://mmzpkl.com/userfiles/images/sub_image/QKGDoF5Xdbi7w0QXxcoh.jpg" style="height:360px; width:100%" /></p>\r\n\r\n<p><strong>GIẢM XÓC DỄ DÀNG ĐIỀU CHỈNH</strong></p>\r\n\r\n<p>Dù hành trình bạn chọn đưa bạn tới những con đường cao tốc hay những cung đường làng quê, mẫu CBR500R cung cấp cho bạn khả năng tuỳ chỉnh giảm xóc cho phù hợp nhất với điều kiện chuyến đi. Phuộc trước ống lồng 41mm mang tới khả năng giảm xóc êm ái và duy trì độ ổn định cho xe. Giảm xóc sau sử dụng lò xo trụ đơn với liên kết Pro-link cùng với 5 mức điều chỉnh tải trước lò xo. Với cấu trúc này, mọi hành trình đều trở nên "có thể" và dễ dàng hơn.</p>\r\n\r\n<p><img alt="" src="http://mmzpkl.com/userfiles/images/sub_image/urEKjpkKyveUzoSDHduO.jpg" style="height:360px; width:100%" /></p>', 'Với tem xe mới, Blade mang một diện mạo đầy mạnh mẽ, khỏe khoắn, tạo nên phong cách thể thao và năng động cho người lái.', NULL, NULL, 10, 0, 0, '0', NULL, NULL, 4, '3', NULL, 670200000, 0, NULL, '/userfiles/images/Ducati899panigale.jpg', 1, 1, 0, 1, '2022-06-29 00:08:25', '2022-07-01 00:54:14'),
	(32, 'Ducati 1299 Panigale', 'ducati-1299-panigale', '<p><strong>HỆ THỐNG ĐÈN LED HIỆN ĐẠI</strong></p>\r\n\r\n<p>Thiết kế đèn trước và đèn báo rẽ trước mang đến ngoại hình thể thao, sắc nét và tinh tế cho xe. Toàn bộ hệ thống chiếu sáng và đèn hiển thị trên xe sử dụng bóng LED, giúp tối ưu hoá hiệu quả chiếu sáng và tiết kiệm tiêu thụ điện.</p>\r\n\r\n<p><img alt="" src="http://mmzpkl.com/userfiles/images/sub_image/pgzA64wEhqhNnPtTWVqX.jpg" style="height:360px; width:100%" /></p>\r\n\r\n<p><strong>XOAY CHUYỂN NHANH CHÓNG</strong></p>\r\n\r\n<p>Thiết kế khung xe dạng kim cương mang đến sự linh hoạt và phản hồi tốt hơn cho xe khi điều kiện đường thay đổi. Động cơ đặt gần với chốt càng xe, đặt trọng tâm xe phía dưới người lái, mang lại sự cân bằng tối đa, giúp xe dễ dàng xoay chuyển. Chiều cao yên xe 785mm giúp người lái tự tin hơn khi sử dụng.</p>\r\n\r\n<p><img alt="" src="http://mmzpkl.com/userfiles/images/sub_image/dxJM9SeXDT8QVVSMMOBY.jpg" style="height:360px; width:100%" /></p>\r\n\r\n<p>&nbsp;</p>\r\n\r\n<p><strong>MÀN HÌNH HIỂN THỊ THÔNG MINH</strong></p>\r\n\r\n<p>Mẫu CBR500R được trang bị màn hình hiển thị LCD dạng âm bản, với các thông tin được thể hiện đầy đủ, rõ ràng và dễ quan sát, giúp người lái luôn nắm được các thông tin cần thiết khi di chuyển</p>\r\n\r\n<p><img alt="" src="http://mmzpkl.com/userfiles/images/sub_image/QKGDoF5Xdbi7w0QXxcoh.jpg" style="height:360px; width:100%" /></p>\r\n\r\n<p><strong>GIẢM XÓC DỄ DÀNG ĐIỀU CHỈNH</strong></p>\r\n\r\n<p>Dù hành trình bạn chọn đưa bạn tới những con đường cao tốc hay những cung đường làng quê, mẫu CBR500R cung cấp cho bạn khả năng tuỳ chỉnh giảm xóc cho phù hợp nhất với điều kiện chuyến đi. Phuộc trước ống lồng 41mm mang tới khả năng giảm xóc êm ái và duy trì độ ổn định cho xe. Giảm xóc sau sử dụng lò xo trụ đơn với liên kết Pro-link cùng với 5 mức điều chỉnh tải trước lò xo. Với cấu trúc này, mọi hành trình đều trở nên "có thể" và dễ dàng hơn.</p>\r\n\r\n<p><img alt="" src="http://mmzpkl.com/userfiles/images/sub_image/urEKjpkKyveUzoSDHduO.jpg" style="height:360px; width:100%" /></p>', 'Với tem xe mới, Blade mang một diện mạo đầy mạnh mẽ, khỏe khoắn, tạo nên phong cách thể thao và năng động cho người lái.', NULL, NULL, 10, 0, 0, '0', NULL, NULL, 0, '3', NULL, 294060000, 0, NULL, '/userfiles/images/Ducati1299Panigale.jpg', 1, 1, 0, 1, '2022-06-29 00:10:58', '2022-06-29 00:10:58'),
	(33, 'Ducati Hypermotard 939', 'ducati-hypermotard-939', '<p><strong>HỆ THỐNG ĐÈN LED HIỆN ĐẠI</strong></p>\r\n\r\n<p>Thiết kế đèn trước và đèn báo rẽ trước mang đến ngoại hình thể thao, sắc nét và tinh tế cho xe. Toàn bộ hệ thống chiếu sáng và đèn hiển thị trên xe sử dụng bóng LED, giúp tối ưu hoá hiệu quả chiếu sáng và tiết kiệm tiêu thụ điện.</p>\r\n\r\n<p><img alt="" src="http://mmzpkl.com/userfiles/images/sub_image/pgzA64wEhqhNnPtTWVqX.jpg" style="height:360px; width:100%" /></p>\r\n\r\n<p><strong>XOAY CHUYỂN NHANH CHÓNG</strong></p>\r\n\r\n<p>Thiết kế khung xe dạng kim cương mang đến sự linh hoạt và phản hồi tốt hơn cho xe khi điều kiện đường thay đổi. Động cơ đặt gần với chốt càng xe, đặt trọng tâm xe phía dưới người lái, mang lại sự cân bằng tối đa, giúp xe dễ dàng xoay chuyển. Chiều cao yên xe 785mm giúp người lái tự tin hơn khi sử dụng.</p>\r\n\r\n<p><img alt="" src="http://mmzpkl.com/userfiles/images/sub_image/dxJM9SeXDT8QVVSMMOBY.jpg" style="height:360px; width:100%" /></p>\r\n\r\n<p>&nbsp;</p>\r\n\r\n<p><strong>MÀN HÌNH HIỂN THỊ THÔNG MINH</strong></p>\r\n\r\n<p>Mẫu CBR500R được trang bị màn hình hiển thị LCD dạng âm bản, với các thông tin được thể hiện đầy đủ, rõ ràng và dễ quan sát, giúp người lái luôn nắm được các thông tin cần thiết khi di chuyển</p>\r\n\r\n<p><img alt="" src="http://mmzpkl.com/userfiles/images/sub_image/QKGDoF5Xdbi7w0QXxcoh.jpg" style="height:360px; width:100%" /></p>\r\n\r\n<p><strong>GIẢM XÓC DỄ DÀNG ĐIỀU CHỈNH</strong></p>\r\n\r\n<p>Dù hành trình bạn chọn đưa bạn tới những con đường cao tốc hay những cung đường làng quê, mẫu CBR500R cung cấp cho bạn khả năng tuỳ chỉnh giảm xóc cho phù hợp nhất với điều kiện chuyến đi. Phuộc trước ống lồng 41mm mang tới khả năng giảm xóc êm ái và duy trì độ ổn định cho xe. Giảm xóc sau sử dụng lò xo trụ đơn với liên kết Pro-link cùng với 5 mức điều chỉnh tải trước lò xo. Với cấu trúc này, mọi hành trình đều trở nên "có thể" và dễ dàng hơn.</p>\r\n\r\n<p><img alt="" src="http://mmzpkl.com/userfiles/images/sub_image/urEKjpkKyveUzoSDHduO.jpg" style="height:360px; width:100%" /></p>', 'Với tem xe mới, Blade mang một diện mạo đầy mạnh mẽ, khỏe khoắn, tạo nên phong cách thể thao và năng động cho người lái.', NULL, NULL, 10, 0, 0, '0', NULL, NULL, 0, '3', NULL, 126000000, 0, NULL, '/userfiles/images/DucatiHypermotard939.png', 1, 1, 0, 1, '2022-06-29 00:17:06', '2022-06-29 00:17:06'),
	(34, 'Ducati Monster 797', 'ducati-monster-797', '<p><strong>HỆ THỐNG ĐÈN LED HIỆN ĐẠI</strong></p>\r\n\r\n<p>Thiết kế đèn trước và đèn báo rẽ trước mang đến ngoại hình thể thao, sắc nét và tinh tế cho xe. Toàn bộ hệ thống chiếu sáng và đèn hiển thị trên xe sử dụng bóng LED, giúp tối ưu hoá hiệu quả chiếu sáng và tiết kiệm tiêu thụ điện.</p>\r\n\r\n<p><img alt="" src="http://mmzpkl.com/userfiles/images/sub_image/pgzA64wEhqhNnPtTWVqX.jpg" style="height:360px; width:100%" /></p>\r\n\r\n<p><strong>XOAY CHUYỂN NHANH CHÓNG</strong></p>\r\n\r\n<p>Thiết kế khung xe dạng kim cương mang đến sự linh hoạt và phản hồi tốt hơn cho xe khi điều kiện đường thay đổi. Động cơ đặt gần với chốt càng xe, đặt trọng tâm xe phía dưới người lái, mang lại sự cân bằng tối đa, giúp xe dễ dàng xoay chuyển. Chiều cao yên xe 785mm giúp người lái tự tin hơn khi sử dụng.</p>\r\n\r\n<p><img alt="" src="http://mmzpkl.com/userfiles/images/sub_image/dxJM9SeXDT8QVVSMMOBY.jpg" style="height:360px; width:100%" /></p>\r\n\r\n<p>&nbsp;</p>\r\n\r\n<p><strong>MÀN HÌNH HIỂN THỊ THÔNG MINH</strong></p>\r\n\r\n<p>Mẫu CBR500R được trang bị màn hình hiển thị LCD dạng âm bản, với các thông tin được thể hiện đầy đủ, rõ ràng và dễ quan sát, giúp người lái luôn nắm được các thông tin cần thiết khi di chuyển</p>\r\n\r\n<p><img alt="" src="http://mmzpkl.com/userfiles/images/sub_image/QKGDoF5Xdbi7w0QXxcoh.jpg" style="height:360px; width:100%" /></p>\r\n\r\n<p><strong>GIẢM XÓC DỄ DÀNG ĐIỀU CHỈNH</strong></p>\r\n\r\n<p>Dù hành trình bạn chọn đưa bạn tới những con đường cao tốc hay những cung đường làng quê, mẫu CBR500R cung cấp cho bạn khả năng tuỳ chỉnh giảm xóc cho phù hợp nhất với điều kiện chuyến đi. Phuộc trước ống lồng 41mm mang tới khả năng giảm xóc êm ái và duy trì độ ổn định cho xe. Giảm xóc sau sử dụng lò xo trụ đơn với liên kết Pro-link cùng với 5 mức điều chỉnh tải trước lò xo. Với cấu trúc này, mọi hành trình đều trở nên "có thể" và dễ dàng hơn.</p>\r\n\r\n<p><img alt="" src="http://mmzpkl.com/userfiles/images/sub_image/urEKjpkKyveUzoSDHduO.jpg" style="height:360px; width:100%" /></p>', 'Với tem xe mới, Blade mang một diện mạo đầy mạnh mẽ, khỏe khoắn, tạo nên phong cách thể thao và năng động cho người lái.', NULL, NULL, 10, 0, 0, '0', NULL, NULL, 0, '3', NULL, 312000000, 0, NULL, '/userfiles/images/DucatiMonster797.jpg', 1, 1, 0, 1, '2022-06-29 00:19:20', '2022-06-29 00:19:20'),
	(35, 'Ducati Monster 821', 'ducati-monster-821', '<p><strong>HỆ THỐNG ĐÈN LED HIỆN ĐẠI</strong></p>\r\n\r\n<p>Thiết kế đèn trước và đèn báo rẽ trước mang đến ngoại hình thể thao, sắc nét và tinh tế cho xe. Toàn bộ hệ thống chiếu sáng và đèn hiển thị trên xe sử dụng bóng LED, giúp tối ưu hoá hiệu quả chiếu sáng và tiết kiệm tiêu thụ điện.</p>\r\n\r\n<p><img alt="" src="http://mmzpkl.com/userfiles/images/sub_image/pgzA64wEhqhNnPtTWVqX.jpg" style="height:360px; width:100%" /></p>\r\n\r\n<p><strong>XOAY CHUYỂN NHANH CHÓNG</strong></p>\r\n\r\n<p>Thiết kế khung xe dạng kim cương mang đến sự linh hoạt và phản hồi tốt hơn cho xe khi điều kiện đường thay đổi. Động cơ đặt gần với chốt càng xe, đặt trọng tâm xe phía dưới người lái, mang lại sự cân bằng tối đa, giúp xe dễ dàng xoay chuyển. Chiều cao yên xe 785mm giúp người lái tự tin hơn khi sử dụng.</p>\r\n\r\n<p><img alt="" src="http://mmzpkl.com/userfiles/images/sub_image/dxJM9SeXDT8QVVSMMOBY.jpg" style="height:360px; width:100%" /></p>\r\n\r\n<p>&nbsp;</p>\r\n\r\n<p><strong>MÀN HÌNH HIỂN THỊ THÔNG MINH</strong></p>\r\n\r\n<p>Mẫu CBR500R được trang bị màn hình hiển thị LCD dạng âm bản, với các thông tin được thể hiện đầy đủ, rõ ràng và dễ quan sát, giúp người lái luôn nắm được các thông tin cần thiết khi di chuyển</p>\r\n\r\n<p><img alt="" src="http://mmzpkl.com/userfiles/images/sub_image/QKGDoF5Xdbi7w0QXxcoh.jpg" style="height:360px; width:100%" /></p>\r\n\r\n<p><strong>GIẢM XÓC DỄ DÀNG ĐIỀU CHỈNH</strong></p>\r\n\r\n<p>Dù hành trình bạn chọn đưa bạn tới những con đường cao tốc hay những cung đường làng quê, mẫu CBR500R cung cấp cho bạn khả năng tuỳ chỉnh giảm xóc cho phù hợp nhất với điều kiện chuyến đi. Phuộc trước ống lồng 41mm mang tới khả năng giảm xóc êm ái và duy trì độ ổn định cho xe. Giảm xóc sau sử dụng lò xo trụ đơn với liên kết Pro-link cùng với 5 mức điều chỉnh tải trước lò xo. Với cấu trúc này, mọi hành trình đều trở nên "có thể" và dễ dàng hơn.</p>\r\n\r\n<p><img alt="" src="http://mmzpkl.com/userfiles/images/sub_image/urEKjpkKyveUzoSDHduO.jpg" style="height:360px; width:100%" /></p>', 'Với tem xe mới, Blade mang một diện mạo đầy mạnh mẽ, khỏe khoắn, tạo nên phong cách thể thao và năng động cho người lái.', NULL, NULL, 10, 0, 0, '0', NULL, NULL, 0, '3', NULL, 289020000, 0, NULL, '/userfiles/images/DucatiMonster821.png', 1, 1, 0, 1, '2022-06-29 00:21:32', '2022-06-29 00:21:32'),
	(36, 'Ducati Panigale V4S', 'ducati-panigale-v4s', '<p><strong>HỆ THỐNG ĐÈN LED HIỆN ĐẠI</strong></p>\r\n\r\n<p>Thiết kế đèn trước và đèn báo rẽ trước mang đến ngoại hình thể thao, sắc nét và tinh tế cho xe. Toàn bộ hệ thống chiếu sáng và đèn hiển thị trên xe sử dụng bóng LED, giúp tối ưu hoá hiệu quả chiếu sáng và tiết kiệm tiêu thụ điện.</p>\r\n\r\n<p><img alt="" src="http://mmzpkl.com/userfiles/images/sub_image/pgzA64wEhqhNnPtTWVqX.jpg" style="height:360px; width:100%" /></p>\r\n\r\n<p><strong>XOAY CHUYỂN NHANH CHÓNG</strong></p>\r\n\r\n<p>Thiết kế khung xe dạng kim cương mang đến sự linh hoạt và phản hồi tốt hơn cho xe khi điều kiện đường thay đổi. Động cơ đặt gần với chốt càng xe, đặt trọng tâm xe phía dưới người lái, mang lại sự cân bằng tối đa, giúp xe dễ dàng xoay chuyển. Chiều cao yên xe 785mm giúp người lái tự tin hơn khi sử dụng.</p>\r\n\r\n<p><img alt="" src="http://mmzpkl.com/userfiles/images/sub_image/dxJM9SeXDT8QVVSMMOBY.jpg" style="height:360px; width:100%" /></p>\r\n\r\n<p>&nbsp;</p>\r\n\r\n<p><strong>MÀN HÌNH HIỂN THỊ THÔNG MINH</strong></p>\r\n\r\n<p>Mẫu CBR500R được trang bị màn hình hiển thị LCD dạng âm bản, với các thông tin được thể hiện đầy đủ, rõ ràng và dễ quan sát, giúp người lái luôn nắm được các thông tin cần thiết khi di chuyển</p>\r\n\r\n<p><img alt="" src="http://mmzpkl.com/userfiles/images/sub_image/QKGDoF5Xdbi7w0QXxcoh.jpg" style="height:360px; width:100%" /></p>\r\n\r\n<p><strong>GIẢM XÓC DỄ DÀNG ĐIỀU CHỈNH</strong></p>\r\n\r\n<p>Dù hành trình bạn chọn đưa bạn tới những con đường cao tốc hay những cung đường làng quê, mẫu CBR500R cung cấp cho bạn khả năng tuỳ chỉnh giảm xóc cho phù hợp nhất với điều kiện chuyến đi. Phuộc trước ống lồng 41mm mang tới khả năng giảm xóc êm ái và duy trì độ ổn định cho xe. Giảm xóc sau sử dụng lò xo trụ đơn với liên kết Pro-link cùng với 5 mức điều chỉnh tải trước lò xo. Với cấu trúc này, mọi hành trình đều trở nên "có thể" và dễ dàng hơn.</p>\r\n\r\n<p><img alt="" src="http://mmzpkl.com/userfiles/images/sub_image/urEKjpkKyveUzoSDHduO.jpg" style="height:360px; width:100%" /></p>', 'Với tem xe mới, Blade mang một diện mạo đầy mạnh mẽ, khỏe khoắn, tạo nên phong cách thể thao và năng động cho người lái.', NULL, NULL, 10, 0, 0, '0', NULL, NULL, 0, '3', NULL, 200340000, 0, NULL, '/userfiles/images/DucatiPanigaleV4S.png', 1, 1, 0, 1, '2022-06-29 00:23:59', '2022-06-29 00:23:59'),
	(37, 'Kawasaki Z900 ABS 2020', 'kawasaki-z900-abs-2020', '<p><strong>HỆ THỐNG ĐÈN LED HIỆN ĐẠI</strong></p>\r\n\r\n<p>Thiết kế đèn trước và đèn báo rẽ trước mang đến ngoại hình thể thao, sắc nét và tinh tế cho xe. Toàn bộ hệ thống chiếu sáng và đèn hiển thị trên xe sử dụng bóng LED, giúp tối ưu hoá hiệu quả chiếu sáng và tiết kiệm tiêu thụ điện.</p>\r\n\r\n<p><img alt="" src="http://mmzpkl.com/userfiles/images/sub_image/pgzA64wEhqhNnPtTWVqX.jpg" style="height:360px; width:100%" /></p>\r\n\r\n<p><strong>XOAY CHUYỂN NHANH CHÓNG</strong></p>\r\n\r\n<p>Thiết kế khung xe dạng kim cương mang đến sự linh hoạt và phản hồi tốt hơn cho xe khi điều kiện đường thay đổi. Động cơ đặt gần với chốt càng xe, đặt trọng tâm xe phía dưới người lái, mang lại sự cân bằng tối đa, giúp xe dễ dàng xoay chuyển. Chiều cao yên xe 785mm giúp người lái tự tin hơn khi sử dụng.</p>\r\n\r\n<p><img alt="" src="http://mmzpkl.com/userfiles/images/sub_image/dxJM9SeXDT8QVVSMMOBY.jpg" style="height:360px; width:100%" /></p>\r\n\r\n<p>&nbsp;</p>\r\n\r\n<p><strong>MÀN HÌNH HIỂN THỊ THÔNG MINH</strong></p>\r\n\r\n<p>Mẫu CBR500R được trang bị màn hình hiển thị LCD dạng âm bản, với các thông tin được thể hiện đầy đủ, rõ ràng và dễ quan sát, giúp người lái luôn nắm được các thông tin cần thiết khi di chuyển</p>\r\n\r\n<p><img alt="" src="http://mmzpkl.com/userfiles/images/sub_image/QKGDoF5Xdbi7w0QXxcoh.jpg" style="height:360px; width:100%" /></p>\r\n\r\n<p><strong>GIẢM XÓC DỄ DÀNG ĐIỀU CHỈNH</strong></p>\r\n\r\n<p>Dù hành trình bạn chọn đưa bạn tới những con đường cao tốc hay những cung đường làng quê, mẫu CBR500R cung cấp cho bạn khả năng tuỳ chỉnh giảm xóc cho phù hợp nhất với điều kiện chuyến đi. Phuộc trước ống lồng 41mm mang tới khả năng giảm xóc êm ái và duy trì độ ổn định cho xe. Giảm xóc sau sử dụng lò xo trụ đơn với liên kết Pro-link cùng với 5 mức điều chỉnh tải trước lò xo. Với cấu trúc này, mọi hành trình đều trở nên "có thể" và dễ dàng hơn.</p>\r\n\r\n<p><img alt="" src="http://mmzpkl.com/userfiles/images/sub_image/urEKjpkKyveUzoSDHduO.jpg" style="height:360px; width:100%" /></p>', 'Với tem xe mới, Blade mang một diện mạo đầy mạnh mẽ, khỏe khoắn, tạo nên phong cách thể thao và năng động cho người lái.', NULL, NULL, 10, 0, 0, '0', NULL, NULL, 1, '4', NULL, 240200000, 0, NULL, '/userfiles/images/Kawasaki-Z900-ABS-2020.jpg', 1, 1, 0, 1, '2022-06-29 00:31:05', '2022-07-01 00:08:50'),
	(38, 'Kawasaki Z1000 ABS', 'kawasaki-z1000-abs', '<p><strong>HỆ THỐNG ĐÈN LED HIỆN ĐẠI</strong></p>\r\n\r\n<p>Thiết kế đèn trước và đèn báo rẽ trước mang đến ngoại hình thể thao, sắc nét và tinh tế cho xe. Toàn bộ hệ thống chiếu sáng và đèn hiển thị trên xe sử dụng bóng LED, giúp tối ưu hoá hiệu quả chiếu sáng và tiết kiệm tiêu thụ điện.</p>\r\n\r\n<p><img alt="" src="http://mmzpkl.com/userfiles/images/sub_image/pgzA64wEhqhNnPtTWVqX.jpg" style="height:360px; width:100%" /></p>\r\n\r\n<p><strong>XOAY CHUYỂN NHANH CHÓNG</strong></p>\r\n\r\n<p>Thiết kế khung xe dạng kim cương mang đến sự linh hoạt và phản hồi tốt hơn cho xe khi điều kiện đường thay đổi. Động cơ đặt gần với chốt càng xe, đặt trọng tâm xe phía dưới người lái, mang lại sự cân bằng tối đa, giúp xe dễ dàng xoay chuyển. Chiều cao yên xe 785mm giúp người lái tự tin hơn khi sử dụng.</p>\r\n\r\n<p><img alt="" src="http://mmzpkl.com/userfiles/images/sub_image/dxJM9SeXDT8QVVSMMOBY.jpg" style="height:360px; width:100%" /></p>\r\n\r\n<p>&nbsp;</p>\r\n\r\n<p><strong>MÀN HÌNH HIỂN THỊ THÔNG MINH</strong></p>\r\n\r\n<p>Mẫu CBR500R được trang bị màn hình hiển thị LCD dạng âm bản, với các thông tin được thể hiện đầy đủ, rõ ràng và dễ quan sát, giúp người lái luôn nắm được các thông tin cần thiết khi di chuyển</p>\r\n\r\n<p><img alt="" src="http://mmzpkl.com/userfiles/images/sub_image/QKGDoF5Xdbi7w0QXxcoh.jpg" style="height:360px; width:100%" /></p>\r\n\r\n<p><strong>GIẢM XÓC DỄ DÀNG ĐIỀU CHỈNH</strong></p>\r\n\r\n<p>Dù hành trình bạn chọn đưa bạn tới những con đường cao tốc hay những cung đường làng quê, mẫu CBR500R cung cấp cho bạn khả năng tuỳ chỉnh giảm xóc cho phù hợp nhất với điều kiện chuyến đi. Phuộc trước ống lồng 41mm mang tới khả năng giảm xóc êm ái và duy trì độ ổn định cho xe. Giảm xóc sau sử dụng lò xo trụ đơn với liên kết Pro-link cùng với 5 mức điều chỉnh tải trước lò xo. Với cấu trúc này, mọi hành trình đều trở nên "có thể" và dễ dàng hơn.</p>\r\n\r\n<p><img alt="" src="http://mmzpkl.com/userfiles/images/sub_image/urEKjpkKyveUzoSDHduO.jpg" style="height:360px; width:100%" /></p>', 'Với tem xe mới, Blade mang một diện mạo đầy mạnh mẽ, khỏe khoắn, tạo nên phong cách thể thao và năng động cho người lái.', NULL, NULL, 10, 0, 0, '0', NULL, NULL, 0, '5', NULL, 128000000, 0, NULL, '/userfiles/images/kawasaki-z1000ABS.jpg', 1, 1, 0, 1, '2022-06-29 00:34:40', '2022-06-29 00:34:40'),
	(39, 'Ninja 400 ABSSE', 'ninja-400-absse', '<p><strong>HỆ THỐNG ĐÈN LED HIỆN ĐẠI</strong></p>\r\n\r\n<p>Thiết kế đèn trước và đèn báo rẽ trước mang đến ngoại hình thể thao, sắc nét và tinh tế cho xe. Toàn bộ hệ thống chiếu sáng và đèn hiển thị trên xe sử dụng bóng LED, giúp tối ưu hoá hiệu quả chiếu sáng và tiết kiệm tiêu thụ điện.</p>\r\n\r\n<p><img alt="" src="http://mmzpkl.com/userfiles/images/sub_image/pgzA64wEhqhNnPtTWVqX.jpg" style="height:360px; width:100%" /></p>\r\n\r\n<p><strong>XOAY CHUYỂN NHANH CHÓNG</strong></p>\r\n\r\n<p>Thiết kế khung xe dạng kim cương mang đến sự linh hoạt và phản hồi tốt hơn cho xe khi điều kiện đường thay đổi. Động cơ đặt gần với chốt càng xe, đặt trọng tâm xe phía dưới người lái, mang lại sự cân bằng tối đa, giúp xe dễ dàng xoay chuyển. Chiều cao yên xe 785mm giúp người lái tự tin hơn khi sử dụng.</p>\r\n\r\n<p><img alt="" src="http://mmzpkl.com/userfiles/images/sub_image/dxJM9SeXDT8QVVSMMOBY.jpg" style="height:360px; width:100%" /></p>\r\n\r\n<p>&nbsp;</p>\r\n\r\n<p><strong>MÀN HÌNH HIỂN THỊ THÔNG MINH</strong></p>\r\n\r\n<p>Mẫu CBR500R được trang bị màn hình hiển thị LCD dạng âm bản, với các thông tin được thể hiện đầy đủ, rõ ràng và dễ quan sát, giúp người lái luôn nắm được các thông tin cần thiết khi di chuyển</p>\r\n\r\n<p><img alt="" src="http://mmzpkl.com/userfiles/images/sub_image/QKGDoF5Xdbi7w0QXxcoh.jpg" style="height:360px; width:100%" /></p>\r\n\r\n<p><strong>GIẢM XÓC DỄ DÀNG ĐIỀU CHỈNH</strong></p>\r\n\r\n<p>Dù hành trình bạn chọn đưa bạn tới những con đường cao tốc hay những cung đường làng quê, mẫu CBR500R cung cấp cho bạn khả năng tuỳ chỉnh giảm xóc cho phù hợp nhất với điều kiện chuyến đi. Phuộc trước ống lồng 41mm mang tới khả năng giảm xóc êm ái và duy trì độ ổn định cho xe. Giảm xóc sau sử dụng lò xo trụ đơn với liên kết Pro-link cùng với 5 mức điều chỉnh tải trước lò xo. Với cấu trúc này, mọi hành trình đều trở nên "có thể" và dễ dàng hơn.</p>\r\n\r\n<p><img alt="" src="http://mmzpkl.com/userfiles/images/sub_image/urEKjpkKyveUzoSDHduO.jpg" style="height:360px; width:100%" /></p>', 'Với tem xe mới, Blade mang một diện mạo đầy mạnh mẽ, khỏe khoắn, tạo nên phong cách thể thao và năng động cho người lái.', NULL, NULL, 10, 0, 0, '0', NULL, NULL, 0, '5', NULL, 301000000, 0, NULL, '/userfiles/images/Ninja400ABSSE.jpg', 1, 1, 0, 1, '2022-06-29 00:37:09', '2022-06-29 00:37:09'),
	(40, 'Ninja ZX 10R', 'ninja-zx-10r', '<p><strong>HỆ THỐNG ĐÈN LED HIỆN ĐẠI</strong></p>\r\n\r\n<p>Thiết kế đèn trước và đèn báo rẽ trước mang đến ngoại hình thể thao, sắc nét và tinh tế cho xe. Toàn bộ hệ thống chiếu sáng và đèn hiển thị trên xe sử dụng bóng LED, giúp tối ưu hoá hiệu quả chiếu sáng và tiết kiệm tiêu thụ điện.</p>\r\n\r\n<p><img alt="" src="http://mmzpkl.com/userfiles/images/sub_image/pgzA64wEhqhNnPtTWVqX.jpg" style="height:360px; width:100%" /></p>\r\n\r\n<p><strong>XOAY CHUYỂN NHANH CHÓNG</strong></p>\r\n\r\n<p>Thiết kế khung xe dạng kim cương mang đến sự linh hoạt và phản hồi tốt hơn cho xe khi điều kiện đường thay đổi. Động cơ đặt gần với chốt càng xe, đặt trọng tâm xe phía dưới người lái, mang lại sự cân bằng tối đa, giúp xe dễ dàng xoay chuyển. Chiều cao yên xe 785mm giúp người lái tự tin hơn khi sử dụng.</p>\r\n\r\n<p><img alt="" src="http://mmzpkl.com/userfiles/images/sub_image/dxJM9SeXDT8QVVSMMOBY.jpg" style="height:360px; width:100%" /></p>\r\n\r\n<p>&nbsp;</p>\r\n\r\n<p><strong>MÀN HÌNH HIỂN THỊ THÔNG MINH</strong></p>\r\n\r\n<p>Mẫu CBR500R được trang bị màn hình hiển thị LCD dạng âm bản, với các thông tin được thể hiện đầy đủ, rõ ràng và dễ quan sát, giúp người lái luôn nắm được các thông tin cần thiết khi di chuyển</p>\r\n\r\n<p><img alt="" src="http://mmzpkl.com/userfiles/images/sub_image/QKGDoF5Xdbi7w0QXxcoh.jpg" style="height:360px; width:100%" /></p>\r\n\r\n<p><strong>GIẢM XÓC DỄ DÀNG ĐIỀU CHỈNH</strong></p>\r\n\r\n<p>Dù hành trình bạn chọn đưa bạn tới những con đường cao tốc hay những cung đường làng quê, mẫu CBR500R cung cấp cho bạn khả năng tuỳ chỉnh giảm xóc cho phù hợp nhất với điều kiện chuyến đi. Phuộc trước ống lồng 41mm mang tới khả năng giảm xóc êm ái và duy trì độ ổn định cho xe. Giảm xóc sau sử dụng lò xo trụ đơn với liên kết Pro-link cùng với 5 mức điều chỉnh tải trước lò xo. Với cấu trúc này, mọi hành trình đều trở nên "có thể" và dễ dàng hơn.</p>\r\n\r\n<p><img alt="" src="http://mmzpkl.com/userfiles/images/sub_image/urEKjpkKyveUzoSDHduO.jpg" style="height:360px; width:100%" /></p>', 'Với tem xe mới, Blade mang một diện mạo đầy mạnh mẽ, khỏe khoắn, tạo nên phong cách thể thao và năng động cho người lái.', NULL, NULL, 10, 0, 0, '0', NULL, NULL, 0, '5', NULL, 250010000, 0, NULL, '/userfiles/images/NinjaZX-10R.jpg', 1, 1, 0, 1, '2022-06-29 00:39:33', '2022-06-29 00:39:33'),
	(41, 'Ninja ZX 10R ABS', 'ninja-zx-10r-abs', '<p><strong>HỆ THỐNG ĐÈN LED HIỆN ĐẠI</strong></p>\r\n\r\n<p>Thiết kế đèn trước và đèn báo rẽ trước mang đến ngoại hình thể thao, sắc nét và tinh tế cho xe. Toàn bộ hệ thống chiếu sáng và đèn hiển thị trên xe sử dụng bóng LED, giúp tối ưu hoá hiệu quả chiếu sáng và tiết kiệm tiêu thụ điện.</p>\r\n\r\n<p><img alt="" src="http://mmzpkl.com/userfiles/images/sub_image/pgzA64wEhqhNnPtTWVqX.jpg" style="height:360px; width:100%" /></p>\r\n\r\n<p><strong>XOAY CHUYỂN NHANH CHÓNG</strong></p>\r\n\r\n<p>Thiết kế khung xe dạng kim cương mang đến sự linh hoạt và phản hồi tốt hơn cho xe khi điều kiện đường thay đổi. Động cơ đặt gần với chốt càng xe, đặt trọng tâm xe phía dưới người lái, mang lại sự cân bằng tối đa, giúp xe dễ dàng xoay chuyển. Chiều cao yên xe 785mm giúp người lái tự tin hơn khi sử dụng.</p>\r\n\r\n<p><img alt="" src="http://mmzpkl.com/userfiles/images/sub_image/dxJM9SeXDT8QVVSMMOBY.jpg" style="height:360px; width:100%" /></p>\r\n\r\n<p>&nbsp;</p>\r\n\r\n<p><strong>MÀN HÌNH HIỂN THỊ THÔNG MINH</strong></p>\r\n\r\n<p>Mẫu CBR500R được trang bị màn hình hiển thị LCD dạng âm bản, với các thông tin được thể hiện đầy đủ, rõ ràng và dễ quan sát, giúp người lái luôn nắm được các thông tin cần thiết khi di chuyển</p>\r\n\r\n<p><img alt="" src="http://mmzpkl.com/userfiles/images/sub_image/QKGDoF5Xdbi7w0QXxcoh.jpg" style="height:360px; width:100%" /></p>\r\n\r\n<p><strong>GIẢM XÓC DỄ DÀNG ĐIỀU CHỈNH</strong></p>\r\n\r\n<p>Dù hành trình bạn chọn đưa bạn tới những con đường cao tốc hay những cung đường làng quê, mẫu CBR500R cung cấp cho bạn khả năng tuỳ chỉnh giảm xóc cho phù hợp nhất với điều kiện chuyến đi. Phuộc trước ống lồng 41mm mang tới khả năng giảm xóc êm ái và duy trì độ ổn định cho xe. Giảm xóc sau sử dụng lò xo trụ đơn với liên kết Pro-link cùng với 5 mức điều chỉnh tải trước lò xo. Với cấu trúc này, mọi hành trình đều trở nên "có thể" và dễ dàng hơn.</p>\r\n\r\n<p><img alt="" src="http://mmzpkl.com/userfiles/images/sub_image/urEKjpkKyveUzoSDHduO.jpg" style="height:360px; width:100%" /></p>', 'Với tem xe mới, Blade mang một diện mạo đầy mạnh mẽ, khỏe khoắn, tạo nên phong cách thể thao và năng động cho người lái.', NULL, NULL, 10, 0, 0, '0', NULL, NULL, 0, '5', NULL, 236000000, 0, NULL, '/userfiles/images/NinjaZX-10RABS.jpg', 1, 1, 0, 1, '2022-06-29 00:41:47', '2022-06-29 00:41:47'),
	(42, 'aaaaaaa', 'aaaaaaa', '<p>aaaa</p>', NULL, NULL, NULL, 1, 0, 0, '0', NULL, NULL, 0, '1', NULL, 1111, 0, NULL, '/userfiles/images/logo/mmz.jpg', 1, 1, 0, 1, '2022-06-30 00:33:36', '2022-06-30 00:33:36');
/*!40000 ALTER TABLE `products` ENABLE KEYS */;

-- Dumping structure for table mmzweb.product_attributes
CREATE TABLE IF NOT EXISTS `product_attributes` (
  `id` bigint(20) unsigned NOT NULL AUTO_INCREMENT,
  `title` varchar(191) COLLATE utf8mb4_unicode_ci DEFAULT NULL,
  `product_attributes` varchar(191) COLLATE utf8mb4_unicode_ci DEFAULT NULL,
  `slug` varchar(191) COLLATE utf8mb4_unicode_ci DEFAULT NULL,
  `overview` varchar(191) COLLATE utf8mb4_unicode_ci DEFAULT NULL,
  `is_active` tinyint(3) unsigned NOT NULL DEFAULT 1,
  `created_at` timestamp NULL DEFAULT NULL,
  `updated_at` timestamp NULL DEFAULT NULL,
  PRIMARY KEY (`id`)
) ENGINE=InnoDB AUTO_INCREMENT=23 DEFAULT CHARSET=utf8mb4 COLLATE=utf8mb4_unicode_ci;

-- Dumping data for table mmzweb.product_attributes: ~21 rows (approximately)
/*!40000 ALTER TABLE `product_attributes` DISABLE KEYS */;
INSERT INTO `product_attributes` (`id`, `title`, `product_attributes`, `slug`, `overview`, `is_active`, `created_at`, `updated_at`) VALUES
	(1, 'Dung tích xy-lanh', '"1|2|3|4|5|6|7|8"', 'dung-tich-xy-lanh-1', NULL, 1, '2022-06-02 15:29:55', '2022-06-14 10:19:47'),
	(2, 'Năm sản xuất', '"1|2|3|4|5|6|7|8"', 'nam-san-xuat-2', NULL, 1, '2022-06-02 15:31:54', '2022-06-14 10:20:20'),
	(3, 'Khối lượng', '"1|2|3|4|5|6|7|8|9|10"', 'khoi-luong-3', NULL, 1, '2022-06-14 09:16:39', '2022-06-14 10:20:08'),
	(4, 'Dài x rộng x cao', '"1|2|3|4|5|6|7|8|9|10"', 'dai-x-rong-x-cao-4', NULL, 1, '2022-06-14 09:17:27', '2022-06-14 10:19:59'),
	(5, 'Khoảng cách trục bánh xe', '"1|2|3|4|5|6|7|8|9|10"', 'khoang-cach-truc-banh-xe-5', NULL, 1, '2022-06-14 09:18:16', '2022-06-14 10:19:36'),
	(6, 'Độ cao yên', '"1|2|3|4|5|6|7|8|9|10"', 'do-cao-yen-6', NULL, 1, '2022-06-14 09:19:00', '2022-06-14 10:19:19'),
	(7, 'Khoảng sáng gầm xe', '"1|2|3|4|5|6|7|8|9|10"', 'khoang-sang-gam-xe-7', NULL, 1, '2022-06-14 09:19:33', '2022-06-14 10:19:09'),
	(8, 'Dung tích bình xăng', '"1|2|3|4|5|6|7|8|9|10"', 'dung-tich-binh-xang-8', NULL, 1, '2022-06-14 09:20:16', '2022-06-14 10:19:02'),
	(9, 'Kích thước lốp trước/ sau', '"1|2|3|4|5|6|7|8|9|10"', 'kich-thuoc-lop-truoc-sau-9', NULL, 1, '2022-06-14 09:21:13', '2022-06-14 10:18:55'),
	(10, 'Phuộc trước', '"1|2|3|4|5|6|7|8|9|10"', 'phuoc-truoc-10', NULL, 1, '2022-06-14 09:21:51', '2022-06-14 10:18:48'),
	(11, 'Phuộc sau', '"1|2|3|4|5|6|7|8|9|10"', 'phuoc-sau-11', NULL, 1, '2022-06-14 09:22:11', '2022-06-14 10:18:41'),
	(12, 'Loại động cơ', '"1|2|3|4|5|6|7|8|9|10"', 'loai-dong-co-12', NULL, 1, '2022-06-14 09:22:45', '2022-06-14 10:18:31'),
	(13, 'Công suất tối đa', '"1|2|3|4|5|6|7|8|9|10"', 'cong-suat-toi-da-13', NULL, 1, '2022-06-14 09:23:16', '2022-06-14 10:18:24'),
	(14, 'Dung tích nhớt máy', '"1|2|3|4|5|6|7|8|9|10"', 'dung-tich-nhot-may-14', NULL, 1, '2022-06-14 09:23:47', '2022-06-14 10:18:10'),
	(15, 'Mức tiêu thụ nhiên liệu', '"1|2|3|4|5|6|7|8|9|10"', 'muc-tieu-thu-nhien-lieu-15', NULL, 1, '2022-06-14 09:24:19', '2022-06-14 10:18:03'),
	(16, 'Hộp số', '"1|2|3|4|5|6|7|8|9|10"', 'hop-so-16', NULL, 1, '2022-06-14 09:24:44', '2022-06-14 10:17:56'),
	(17, 'Loại truyền động', '"1|2|3|4|5|6|7|8|9|10"', 'loai-truyen-dong-17', NULL, 1, '2022-06-14 09:25:29', '2022-06-14 10:17:48'),
	(18, 'Hệ thống khởi động', '"1|2|3|4|5|6|7|8|9|10"', 'he-thong-khoi-dong-18', NULL, 1, '2022-06-14 09:26:20', '2022-06-14 10:17:40'),
	(19, 'Moment cực đại', '"1|2|3|4|5|6|7|8|9|10"', 'moment-cuc-dai-19', NULL, 1, '2022-06-14 09:26:57', '2022-06-14 10:17:25'),
	(20, 'Đường kính x hành trình pit-tông', '"1|2|3|4|5|6|7|8|9|10"', 'duong-kinh-x-hanh-trinh-pit-tong-20', NULL, 1, '2022-06-14 09:28:44', '2022-06-14 10:17:12'),
	(21, 'Tỷ số nén', '"1|2|3|4|5|6|7|8|9|10"', 'ty-so-nen-21', NULL, 1, '2022-06-14 09:29:07', '2022-06-14 10:17:03');
/*!40000 ALTER TABLE `product_attributes` ENABLE KEYS */;

-- Dumping structure for table mmzweb.product_attribute_data
CREATE TABLE IF NOT EXISTS `product_attribute_data` (
  `id` bigint(20) unsigned NOT NULL AUTO_INCREMENT,
  `product_id` bigint(20) unsigned NOT NULL,
  `product_attribute_id` bigint(20) unsigned NOT NULL,
  `product_attribute_item_id` bigint(20) unsigned NOT NULL,
  `created_at` timestamp NULL DEFAULT NULL,
  `updated_at` timestamp NULL DEFAULT NULL,
  PRIMARY KEY (`id`),
  KEY `product_attribute_data_product_attribute_id_foreign` (`product_attribute_id`),
  KEY `product_attribute_data_product_attribute_item_id_foreign` (`product_attribute_item_id`),
  CONSTRAINT `product_attribute_data_product_attribute_id_foreign` FOREIGN KEY (`product_attribute_id`) REFERENCES `product_attributes` (`id`) ON DELETE CASCADE ON UPDATE CASCADE,
  CONSTRAINT `product_attribute_data_product_attribute_item_id_foreign` FOREIGN KEY (`product_attribute_item_id`) REFERENCES `product_attribute_item` (`id`) ON DELETE CASCADE ON UPDATE CASCADE
) ENGINE=InnoDB AUTO_INCREMENT=821 DEFAULT CHARSET=utf8mb4 COLLATE=utf8mb4_unicode_ci;

-- Dumping data for table mmzweb.product_attribute_data: ~775 rows (approximately)
/*!40000 ALTER TABLE `product_attribute_data` DISABLE KEYS */;
INSERT INTO `product_attribute_data` (`id`, `product_id`, `product_attribute_id`, `product_attribute_item_id`, `created_at`, `updated_at`) VALUES
	(4, 1, 1, 1, '2022-06-02 15:50:36', '2022-06-02 15:50:36'),
	(5, 1, 2, 8, '2022-06-02 15:50:36', '2022-06-02 15:50:36'),
	(8, 3, 1, 231, '2022-06-16 22:23:14', '2022-06-16 22:23:14'),
	(9, 3, 2, 10, '2022-06-16 22:23:15', '2022-06-16 22:23:15'),
	(10, 3, 4, 230, '2022-06-16 22:23:15', '2022-06-16 22:23:15'),
	(11, 3, 5, 194, '2022-06-16 22:23:15', '2022-06-16 22:23:15'),
	(12, 3, 6, 193, '2022-06-16 22:23:15', '2022-06-16 22:23:15'),
	(13, 3, 7, 161, '2022-06-16 22:23:15', '2022-06-16 22:23:15'),
	(14, 3, 8, 157, '2022-06-16 22:23:15', '2022-06-16 22:23:15'),
	(15, 3, 9, 123, '2022-06-16 22:23:15', '2022-06-16 22:23:15'),
	(16, 3, 10, 97, '2022-06-16 22:23:15', '2022-06-16 22:23:15'),
	(17, 3, 11, 79, '2022-06-16 22:23:16', '2022-06-16 22:23:16'),
	(18, 3, 12, 40, '2022-06-16 22:23:16', '2022-06-16 22:23:16'),
	(19, 3, 13, 52, '2022-06-16 22:23:16', '2022-06-16 22:23:16'),
	(20, 3, 14, 78, '2022-06-16 22:23:16', '2022-06-16 22:23:16'),
	(21, 3, 15, 102, '2022-06-16 22:23:16', '2022-06-16 22:23:16'),
	(22, 3, 16, 37, '2022-06-16 22:23:16', '2022-06-16 22:23:16'),
	(23, 3, 17, 33, '2022-06-16 22:23:16', '2022-06-16 22:23:16'),
	(24, 3, 18, 29, '2022-06-16 22:23:16', '2022-06-16 22:23:16'),
	(25, 4, 1, 1, '2022-06-16 23:50:37', '2022-06-16 23:50:37'),
	(26, 4, 2, 9, '2022-06-16 23:50:37', '2022-06-16 23:50:37'),
	(27, 4, 3, 240, '2022-06-16 23:50:37', '2022-06-16 23:50:37'),
	(28, 4, 4, 229, '2022-06-16 23:50:37', '2022-06-16 23:50:37'),
	(29, 4, 5, 195, '2022-06-16 23:50:37', '2022-06-16 23:50:37'),
	(30, 4, 6, 184, '2022-06-16 23:50:38', '2022-06-16 23:50:38'),
	(31, 4, 7, 168, '2022-06-16 23:50:38', '2022-06-16 23:50:38'),
	(32, 4, 8, 149, '2022-06-16 23:50:38', '2022-06-16 23:50:38'),
	(33, 4, 9, 124, '2022-06-16 23:50:38', '2022-06-16 23:50:38'),
	(34, 4, 10, 98, '2022-06-16 23:50:38', '2022-06-16 23:50:38'),
	(35, 4, 11, 80, '2022-06-16 23:50:38', '2022-06-16 23:50:38'),
	(36, 4, 12, 41, '2022-06-16 23:50:38', '2022-06-16 23:50:38'),
	(37, 4, 13, 53, '2022-06-16 23:50:38', '2022-06-16 23:50:38'),
	(38, 4, 14, 77, '2022-06-16 23:50:38', '2022-06-16 23:50:38'),
	(39, 4, 15, 110, '2022-06-16 23:50:38', '2022-06-16 23:50:38'),
	(40, 4, 16, 38, '2022-06-16 23:50:38', '2022-06-16 23:50:38'),
	(41, 4, 17, 30, '2022-06-16 23:50:38', '2022-06-16 23:50:38'),
	(42, 4, 18, 29, '2022-06-16 23:50:38', '2022-06-16 23:50:38'),
	(43, 4, 19, 21, '2022-06-16 23:50:38', '2022-06-16 23:50:38'),
	(44, 4, 20, 19, '2022-06-16 23:50:38', '2022-06-16 23:50:38'),
	(45, 4, 21, 14, '2022-06-16 23:50:38', '2022-06-16 23:50:38'),
	(46, 5, 1, 2, '2022-06-17 09:34:41', '2022-06-17 09:34:41'),
	(47, 5, 2, 10, '2022-06-17 09:34:42', '2022-06-17 09:34:42'),
	(48, 5, 3, 241, '2022-06-17 09:34:42', '2022-06-17 09:34:42'),
	(49, 5, 4, 228, '2022-06-17 09:34:42', '2022-06-17 09:34:42'),
	(50, 5, 5, 196, '2022-06-17 09:34:42', '2022-06-17 09:34:42'),
	(51, 5, 6, 191, '2022-06-17 09:34:42', '2022-06-17 09:34:42'),
	(52, 5, 7, 163, '2022-06-17 09:34:42', '2022-06-17 09:34:42'),
	(53, 5, 8, 159, '2022-06-17 09:34:42', '2022-06-17 09:34:42'),
	(54, 5, 9, 125, '2022-06-17 09:34:42', '2022-06-17 09:34:42'),
	(55, 5, 10, 101, '2022-06-17 09:34:42', '2022-06-17 09:34:42'),
	(56, 5, 11, 81, '2022-06-17 09:34:42', '2022-06-17 09:34:42'),
	(57, 5, 12, 42, '2022-06-17 09:34:42', '2022-06-17 09:34:42'),
	(58, 5, 13, 54, '2022-06-17 09:34:42', '2022-06-17 09:34:42'),
	(59, 5, 14, 76, '2022-06-17 09:34:42', '2022-06-17 09:34:42'),
	(60, 5, 15, 111, '2022-06-17 09:34:42', '2022-06-17 09:34:42'),
	(61, 5, 16, 38, '2022-06-17 09:34:42', '2022-06-17 09:34:42'),
	(62, 5, 17, 30, '2022-06-17 09:34:43', '2022-06-17 09:34:43'),
	(63, 5, 18, 29, '2022-06-17 09:34:43', '2022-06-17 09:34:43'),
	(64, 5, 19, 22, '2022-06-17 09:34:43', '2022-06-17 09:34:43'),
	(65, 5, 20, 17, '2022-06-17 09:34:43', '2022-06-17 09:34:43'),
	(66, 5, 21, 12, '2022-06-17 09:34:43', '2022-06-17 09:34:43'),
	(67, 2, 1, 238, '2022-06-17 11:15:14', '2022-06-17 11:15:14'),
	(68, 2, 2, 8, '2022-06-17 11:15:14', '2022-06-17 11:15:14'),
	(69, 2, 3, 253, '2022-06-17 11:15:14', '2022-06-17 11:15:14'),
	(70, 2, 4, 212, '2022-06-17 11:15:14', '2022-06-17 11:15:14'),
	(71, 2, 5, 207, '2022-06-17 11:15:14', '2022-06-17 11:15:14'),
	(72, 2, 6, 176, '2022-06-17 11:15:14', '2022-06-17 11:15:14'),
	(73, 2, 7, 165, '2022-06-17 11:15:14', '2022-06-17 11:15:14'),
	(74, 2, 8, 156, '2022-06-17 11:15:15', '2022-06-17 11:15:15'),
	(75, 2, 9, 133, '2022-06-17 11:15:15', '2022-06-17 11:15:15'),
	(76, 2, 10, 100, '2022-06-17 11:15:15', '2022-06-17 11:15:15'),
	(77, 2, 11, 82, '2022-06-17 11:15:15', '2022-06-17 11:15:15'),
	(78, 2, 12, 41, '2022-06-17 11:15:15', '2022-06-17 11:15:15'),
	(79, 2, 13, 56, '2022-06-17 11:15:15', '2022-06-17 11:15:15'),
	(80, 2, 14, 64, '2022-06-17 11:15:15', '2022-06-17 11:15:15'),
	(81, 2, 15, 112, '2022-06-17 11:15:15', '2022-06-17 11:15:15'),
	(82, 2, 16, 38, '2022-06-17 11:15:15', '2022-06-17 11:15:15'),
	(83, 2, 17, 32, '2022-06-17 11:15:15', '2022-06-17 11:15:15'),
	(84, 2, 18, 29, '2022-06-17 11:15:15', '2022-06-17 11:15:15'),
	(85, 2, 19, 28, '2022-06-17 11:15:15', '2022-06-17 11:15:15'),
	(86, 2, 20, 17, '2022-06-17 11:15:15', '2022-06-17 11:15:15'),
	(87, 2, 21, 11, '2022-06-17 11:15:15', '2022-06-17 11:15:15'),
	(88, 6, 1, 235, '2022-06-17 15:40:49', '2022-06-17 15:40:49'),
	(89, 6, 2, 7, '2022-06-17 15:40:49', '2022-06-17 15:40:49'),
	(90, 6, 3, 248, '2022-06-17 15:40:49', '2022-06-17 15:40:49'),
	(91, 6, 4, 220, '2022-06-17 15:40:49', '2022-06-17 15:40:49'),
	(92, 6, 5, 208, '2022-06-17 15:40:49', '2022-06-17 15:40:49'),
	(93, 6, 6, 187, '2022-06-17 15:40:49', '2022-06-17 15:40:49'),
	(94, 6, 7, 165, '2022-06-17 15:40:49', '2022-06-17 15:40:49'),
	(95, 6, 8, 148, '2022-06-17 15:40:49', '2022-06-17 15:40:49'),
	(96, 6, 9, 126, '2022-06-17 15:40:50', '2022-06-17 15:40:50'),
	(97, 6, 10, 97, '2022-06-17 15:40:50', '2022-06-17 15:40:50'),
	(98, 6, 11, 83, '2022-06-17 15:40:50', '2022-06-17 15:40:50'),
	(99, 6, 12, 43, '2022-06-17 15:40:50', '2022-06-17 15:40:50'),
	(100, 6, 13, 55, '2022-06-17 15:40:50', '2022-06-17 15:40:50'),
	(101, 6, 14, 74, '2022-06-17 15:40:50', '2022-06-17 15:40:50'),
	(102, 6, 15, 119, '2022-06-17 15:40:50', '2022-06-17 15:40:50'),
	(103, 6, 16, 38, '2022-06-17 15:40:50', '2022-06-17 15:40:50'),
	(104, 6, 17, 30, '2022-06-17 15:40:50', '2022-06-17 15:40:50'),
	(105, 6, 18, 29, '2022-06-17 15:40:50', '2022-06-17 15:40:50'),
	(106, 6, 19, 25, '2022-06-17 15:40:50', '2022-06-17 15:40:50'),
	(107, 6, 20, 17, '2022-06-17 15:40:50', '2022-06-17 15:40:50'),
	(108, 6, 21, 13, '2022-06-17 15:40:50', '2022-06-17 15:40:50'),
	(109, 7, 1, 3, '2022-06-17 20:21:14', '2022-06-17 20:21:14'),
	(110, 7, 2, 10, '2022-06-17 20:21:14', '2022-06-17 20:21:14'),
	(111, 7, 3, 242, '2022-06-17 20:21:14', '2022-06-17 20:21:14'),
	(112, 7, 4, 227, '2022-06-17 20:21:15', '2022-06-17 20:21:15'),
	(113, 7, 5, 197, '2022-06-17 20:21:15', '2022-06-17 20:21:15'),
	(114, 7, 6, 190, '2022-06-17 20:21:15', '2022-06-17 20:21:15'),
	(115, 7, 7, 165, '2022-06-17 20:21:15', '2022-06-17 20:21:15'),
	(116, 7, 8, 160, '2022-06-17 20:21:15', '2022-06-17 20:21:15'),
	(117, 7, 9, 126, '2022-06-17 20:21:15', '2022-06-17 20:21:15'),
	(118, 7, 10, 101, '2022-06-17 20:21:15', '2022-06-17 20:21:15'),
	(119, 7, 11, 82, '2022-06-17 20:21:15', '2022-06-17 20:21:15'),
	(120, 7, 12, 43, '2022-06-17 20:21:15', '2022-06-17 20:21:15'),
	(121, 7, 13, 55, '2022-06-17 20:21:15', '2022-06-17 20:21:15'),
	(122, 7, 14, 75, '2022-06-17 20:21:15', '2022-06-17 20:21:15'),
	(123, 7, 15, 112, '2022-06-17 20:21:15', '2022-06-17 20:21:15'),
	(124, 7, 17, 31, '2022-06-17 20:21:15', '2022-06-17 20:21:15'),
	(125, 7, 18, 29, '2022-06-17 20:21:15', '2022-06-17 20:21:15'),
	(126, 7, 19, 23, '2022-06-17 20:21:15', '2022-06-17 20:21:15'),
	(127, 7, 20, 20, '2022-06-17 20:21:15', '2022-06-17 20:21:15'),
	(128, 7, 21, 15, '2022-06-17 20:21:15', '2022-06-17 20:21:15'),
	(129, 8, 1, 4, '2022-06-17 21:13:53', '2022-06-17 21:13:53'),
	(130, 8, 2, 9, '2022-06-17 21:13:53', '2022-06-17 21:13:53'),
	(131, 8, 3, 243, '2022-06-17 21:13:53', '2022-06-17 21:13:53'),
	(132, 8, 4, 226, '2022-06-17 21:13:53', '2022-06-17 21:13:53'),
	(133, 8, 5, 198, '2022-06-17 21:13:54', '2022-06-17 21:13:54'),
	(134, 8, 6, 176, '2022-06-17 21:13:54', '2022-06-17 21:13:54'),
	(135, 8, 7, 166, '2022-06-17 21:13:54', '2022-06-17 21:13:54'),
	(136, 8, 8, 156, '2022-06-17 21:13:54', '2022-06-17 21:13:54'),
	(137, 8, 9, 127, '2022-06-17 21:13:54', '2022-06-17 21:13:54'),
	(138, 8, 10, 100, '2022-06-17 21:13:54', '2022-06-17 21:13:54'),
	(139, 8, 11, 83, '2022-06-17 21:13:54', '2022-06-17 21:13:54'),
	(140, 8, 12, 41, '2022-06-17 21:13:54', '2022-06-17 21:13:54'),
	(141, 8, 13, 56, '2022-06-17 21:13:54', '2022-06-17 21:13:54'),
	(142, 8, 14, 74, '2022-06-17 21:13:54', '2022-06-17 21:13:54'),
	(143, 8, 15, 113, '2022-06-17 21:13:54', '2022-06-17 21:13:54'),
	(144, 8, 16, 38, '2022-06-17 21:13:54', '2022-06-17 21:13:54'),
	(145, 8, 17, 30, '2022-06-17 21:13:54', '2022-06-17 21:13:54'),
	(146, 8, 18, 29, '2022-06-17 21:13:54', '2022-06-17 21:13:54'),
	(147, 8, 19, 24, '2022-06-17 21:13:54', '2022-06-17 21:13:54'),
	(148, 8, 21, 14, '2022-06-17 21:13:54', '2022-06-17 21:13:54'),
	(149, 9, 1, 6, '2022-06-17 22:22:34', '2022-06-17 22:22:34'),
	(150, 9, 2, 10, '2022-06-17 22:22:34', '2022-06-17 22:22:34'),
	(151, 9, 3, 245, '2022-06-17 22:22:35', '2022-06-17 22:22:35'),
	(152, 9, 4, 224, '2022-06-17 22:22:35', '2022-06-17 22:22:35'),
	(153, 9, 5, 199, '2022-06-17 22:22:35', '2022-06-17 22:22:35'),
	(154, 9, 6, 188, '2022-06-17 22:22:35', '2022-06-17 22:22:35'),
	(155, 9, 7, 168, '2022-06-17 22:22:35', '2022-06-17 22:22:35'),
	(156, 9, 8, 153, '2022-06-17 22:22:35', '2022-06-17 22:22:35'),
	(157, 9, 9, 129, '2022-06-17 22:22:35', '2022-06-17 22:22:35'),
	(158, 9, 10, 101, '2022-06-17 22:22:35', '2022-06-17 22:22:35'),
	(159, 9, 11, 85, '2022-06-17 22:22:35', '2022-06-17 22:22:35'),
	(160, 9, 12, 45, '2022-06-17 22:22:35', '2022-06-17 22:22:35'),
	(161, 9, 13, 58, '2022-06-17 22:22:35', '2022-06-17 22:22:35'),
	(162, 9, 14, 72, '2022-06-17 22:22:35', '2022-06-17 22:22:35'),
	(163, 9, 15, 114, '2022-06-17 22:22:35', '2022-06-17 22:22:35'),
	(164, 9, 16, 38, '2022-06-17 22:22:35', '2022-06-17 22:22:35'),
	(165, 9, 17, 31, '2022-06-17 22:22:35', '2022-06-17 22:22:35'),
	(166, 9, 18, 29, '2022-06-17 22:22:35', '2022-06-17 22:22:35'),
	(167, 9, 19, 25, '2022-06-17 22:22:35', '2022-06-17 22:22:35'),
	(168, 9, 20, 18, '2022-06-17 22:22:35', '2022-06-17 22:22:35'),
	(169, 9, 21, 13, '2022-06-17 22:22:35', '2022-06-17 22:22:35'),
	(170, 10, 1, 6, '2022-06-18 09:16:18', '2022-06-18 09:16:18'),
	(171, 10, 2, 9, '2022-06-18 09:16:18', '2022-06-18 09:16:18'),
	(172, 10, 3, 252, '2022-06-18 09:16:18', '2022-06-18 09:16:18'),
	(173, 10, 4, 215, '2022-06-18 09:16:18', '2022-06-18 09:16:18'),
	(174, 10, 5, 205, '2022-06-18 09:16:18', '2022-06-18 09:16:18'),
	(175, 10, 6, 181, '2022-06-18 09:16:18', '2022-06-18 09:16:18'),
	(176, 10, 7, 171, '2022-06-18 09:16:18', '2022-06-18 09:16:18'),
	(177, 10, 8, 146, '2022-06-18 09:16:19', '2022-06-18 09:16:19'),
	(178, 10, 9, 135, '2022-06-18 09:16:19', '2022-06-18 09:16:19'),
	(179, 10, 10, 98, '2022-06-18 09:16:19', '2022-06-18 09:16:19'),
	(180, 10, 11, 91, '2022-06-18 09:16:19', '2022-06-18 09:16:19'),
	(181, 10, 12, 42, '2022-06-18 09:16:19', '2022-06-18 09:16:19'),
	(182, 10, 13, 60, '2022-06-18 09:16:19', '2022-06-18 09:16:19'),
	(183, 10, 14, 65, '2022-06-18 09:16:19', '2022-06-18 09:16:19'),
	(184, 10, 15, 120, '2022-06-18 09:16:19', '2022-06-18 09:16:19'),
	(185, 10, 16, 38, '2022-06-18 09:16:19', '2022-06-18 09:16:19'),
	(186, 10, 17, 30, '2022-06-18 09:16:19', '2022-06-18 09:16:19'),
	(187, 10, 18, 29, '2022-06-18 09:16:19', '2022-06-18 09:16:19'),
	(188, 10, 19, 26, '2022-06-18 09:16:19', '2022-06-18 09:16:19'),
	(189, 10, 20, 18, '2022-06-18 09:16:19', '2022-06-18 09:16:19'),
	(190, 10, 21, 13, '2022-06-18 09:16:19', '2022-06-18 09:16:19'),
	(191, 12, 1, 6, '2022-06-18 09:47:44', '2022-06-18 09:47:44'),
	(192, 12, 2, 9, '2022-06-18 09:47:44', '2022-06-18 09:47:44'),
	(193, 12, 3, 245, '2022-06-18 09:47:45', '2022-06-18 09:47:45'),
	(194, 12, 4, 215, '2022-06-18 09:47:45', '2022-06-18 09:47:45'),
	(195, 12, 5, 205, '2022-06-18 09:47:45', '2022-06-18 09:47:45'),
	(196, 12, 6, 181, '2022-06-18 09:47:45', '2022-06-18 09:47:45'),
	(197, 12, 7, 171, '2022-06-18 09:47:45', '2022-06-18 09:47:45'),
	(198, 12, 8, 145, '2022-06-18 09:47:45', '2022-06-18 09:47:45'),
	(199, 12, 9, 135, '2022-06-18 09:47:45', '2022-06-18 09:47:45'),
	(200, 12, 10, 98, '2022-06-18 09:47:45', '2022-06-18 09:47:45'),
	(201, 12, 11, 92, '2022-06-18 09:47:45', '2022-06-18 09:47:45'),
	(202, 12, 12, 45, '2022-06-18 09:47:45', '2022-06-18 09:47:45'),
	(203, 12, 13, 60, '2022-06-18 09:47:45', '2022-06-18 09:47:45'),
	(204, 12, 14, 65, '2022-06-18 09:47:45', '2022-06-18 09:47:45'),
	(205, 12, 15, 120, '2022-06-18 09:47:45', '2022-06-18 09:47:45'),
	(206, 12, 16, 38, '2022-06-18 09:47:45', '2022-06-18 09:47:45'),
	(207, 12, 17, 30, '2022-06-18 09:47:45', '2022-06-18 09:47:45'),
	(208, 12, 18, 29, '2022-06-18 09:47:45', '2022-06-18 09:47:45'),
	(209, 12, 19, 26, '2022-06-18 09:47:45', '2022-06-18 09:47:45'),
	(210, 12, 20, 18, '2022-06-18 09:47:45', '2022-06-18 09:47:45'),
	(211, 12, 21, 13, '2022-06-18 09:47:45', '2022-06-18 09:47:45'),
	(212, 11, 1, 2, '2022-06-18 10:02:02', '2022-06-18 10:02:02'),
	(213, 11, 2, 9, '2022-06-18 10:02:03', '2022-06-18 10:02:03'),
	(214, 11, 3, 253, '2022-06-18 10:02:03', '2022-06-18 10:02:03'),
	(215, 11, 4, 214, '2022-06-18 10:02:03', '2022-06-18 10:02:03'),
	(216, 11, 5, 198, '2022-06-18 10:02:03', '2022-06-18 10:02:03'),
	(217, 11, 6, 176, '2022-06-18 10:02:03', '2022-06-18 10:02:03'),
	(218, 11, 7, 173, '2022-06-18 10:02:03', '2022-06-18 10:02:03'),
	(219, 11, 8, 144, '2022-06-18 10:02:03', '2022-06-18 10:02:03'),
	(220, 11, 9, 136, '2022-06-18 10:02:03', '2022-06-18 10:02:03'),
	(221, 11, 10, 96, '2022-06-18 10:02:03', '2022-06-18 10:02:03'),
	(222, 11, 11, 93, '2022-06-18 10:02:03', '2022-06-18 10:02:03'),
	(223, 11, 12, 41, '2022-06-18 10:02:03', '2022-06-18 10:02:03'),
	(224, 11, 13, 61, '2022-06-18 10:02:04', '2022-06-18 10:02:04'),
	(225, 11, 14, 64, '2022-06-18 10:02:04', '2022-06-18 10:02:04'),
	(226, 11, 15, 121, '2022-06-18 10:02:04', '2022-06-18 10:02:04'),
	(227, 11, 16, 38, '2022-06-18 10:02:04', '2022-06-18 10:02:04'),
	(228, 11, 17, 30, '2022-06-18 10:02:04', '2022-06-18 10:02:04'),
	(229, 11, 18, 29, '2022-06-18 10:02:04', '2022-06-18 10:02:04'),
	(230, 11, 19, 22, '2022-06-18 10:02:04', '2022-06-18 10:02:04'),
	(231, 11, 20, 17, '2022-06-18 10:02:04', '2022-06-18 10:02:04'),
	(232, 11, 21, 12, '2022-06-18 10:02:04', '2022-06-18 10:02:04'),
	(233, 13, 1, 2, '2022-06-18 10:29:08', '2022-06-18 10:29:08'),
	(234, 13, 2, 9, '2022-06-18 10:29:09', '2022-06-18 10:29:09'),
	(235, 13, 3, 254, '2022-06-18 10:29:09', '2022-06-18 10:29:09'),
	(236, 13, 4, 213, '2022-06-18 10:29:09', '2022-06-18 10:29:09'),
	(237, 13, 5, 207, '2022-06-18 10:29:09', '2022-06-18 10:29:09'),
	(238, 13, 6, 178, '2022-06-18 10:29:09', '2022-06-18 10:29:09'),
	(239, 13, 7, 174, '2022-06-18 10:29:09', '2022-06-18 10:29:09'),
	(240, 13, 8, 141, '2022-06-18 10:29:09', '2022-06-18 10:29:09'),
	(241, 13, 9, 129, '2022-06-18 10:29:09', '2022-06-18 10:29:09'),
	(242, 13, 10, 96, '2022-06-18 10:29:09', '2022-06-18 10:29:09'),
	(243, 13, 11, 93, '2022-06-18 10:29:09', '2022-06-18 10:29:09'),
	(244, 13, 12, 42, '2022-06-18 10:29:09', '2022-06-18 10:29:09'),
	(245, 13, 13, 61, '2022-06-18 10:29:09', '2022-06-18 10:29:09'),
	(246, 13, 14, 64, '2022-06-18 10:29:09', '2022-06-18 10:29:09'),
	(247, 13, 15, 121, '2022-06-18 10:29:09', '2022-06-18 10:29:09'),
	(248, 13, 16, 38, '2022-06-18 10:29:09', '2022-06-18 10:29:09'),
	(249, 13, 17, 30, '2022-06-18 10:29:09', '2022-06-18 10:29:09'),
	(250, 13, 18, 29, '2022-06-18 10:29:09', '2022-06-18 10:29:09'),
	(251, 13, 19, 27, '2022-06-18 10:29:09', '2022-06-18 10:29:09'),
	(252, 13, 20, 17, '2022-06-18 10:29:09', '2022-06-18 10:29:09'),
	(253, 13, 21, 12, '2022-06-18 10:29:10', '2022-06-18 10:29:10'),
	(254, 15, 1, 2, '2022-06-18 10:44:29', '2022-06-18 10:44:29'),
	(255, 15, 2, 9, '2022-06-18 10:44:30', '2022-06-18 10:44:30'),
	(256, 15, 3, 255, '2022-06-18 10:44:30', '2022-06-18 10:44:30'),
	(257, 15, 4, 212, '2022-06-18 10:44:30', '2022-06-18 10:44:30'),
	(258, 15, 5, 207, '2022-06-18 10:44:30', '2022-06-18 10:44:30'),
	(259, 15, 6, 178, '2022-06-18 10:44:30', '2022-06-18 10:44:30'),
	(260, 15, 7, 165, '2022-06-18 10:44:30', '2022-06-18 10:44:30'),
	(261, 15, 8, 141, '2022-06-18 10:44:30', '2022-06-18 10:44:30'),
	(262, 15, 9, 137, '2022-06-18 10:44:30', '2022-06-18 10:44:30'),
	(263, 15, 10, 96, '2022-06-18 10:44:30', '2022-06-18 10:44:30'),
	(264, 15, 11, 93, '2022-06-18 10:44:30', '2022-06-18 10:44:30'),
	(265, 15, 12, 42, '2022-06-18 10:44:30', '2022-06-18 10:44:30'),
	(266, 15, 13, 61, '2022-06-18 10:44:30', '2022-06-18 10:44:30'),
	(267, 15, 14, 76, '2022-06-18 10:44:30', '2022-06-18 10:44:30'),
	(268, 15, 15, 121, '2022-06-18 10:44:30', '2022-06-18 10:44:30'),
	(269, 15, 16, 38, '2022-06-18 10:44:30', '2022-06-18 10:44:30'),
	(270, 15, 17, 30, '2022-06-18 10:44:30', '2022-06-18 10:44:30'),
	(271, 15, 18, 29, '2022-06-18 10:44:30', '2022-06-18 10:44:30'),
	(272, 15, 19, 27, '2022-06-18 10:44:31', '2022-06-18 10:44:31'),
	(273, 15, 20, 17, '2022-06-18 10:44:31', '2022-06-18 10:44:31'),
	(274, 15, 21, 12, '2022-06-18 10:44:31', '2022-06-18 10:44:31'),
	(275, 16, 1, 238, '2022-06-18 16:30:23', '2022-06-18 16:30:23'),
	(276, 16, 2, 8, '2022-06-18 16:30:24', '2022-06-18 16:30:24'),
	(277, 16, 3, 256, '2022-06-18 16:30:24', '2022-06-18 16:30:24'),
	(278, 16, 4, 210, '2022-06-18 16:30:24', '2022-06-18 16:30:24'),
	(279, 16, 5, 209, '2022-06-18 16:30:24', '2022-06-18 16:30:24'),
	(280, 16, 6, 176, '2022-06-18 16:30:24', '2022-06-18 16:30:24'),
	(281, 16, 7, 175, '2022-06-18 16:30:24', '2022-06-18 16:30:24'),
	(282, 16, 8, 140, '2022-06-18 16:30:24', '2022-06-18 16:30:24'),
	(283, 16, 9, 139, '2022-06-18 16:30:24', '2022-06-18 16:30:24'),
	(284, 16, 10, 95, '2022-06-18 16:30:25', '2022-06-18 16:30:25'),
	(285, 16, 11, 94, '2022-06-18 16:30:25', '2022-06-18 16:30:25'),
	(286, 16, 12, 50, '2022-06-18 16:30:25', '2022-06-18 16:30:25'),
	(287, 16, 13, 51, '2022-06-18 16:30:25', '2022-06-18 16:30:25'),
	(288, 16, 14, 63, '2022-06-18 16:30:25', '2022-06-18 16:30:25'),
	(289, 16, 15, 122, '2022-06-18 16:30:25', '2022-06-18 16:30:25'),
	(290, 16, 16, 38, '2022-06-18 16:30:25', '2022-06-18 16:30:25'),
	(291, 16, 17, 30, '2022-06-18 16:30:25', '2022-06-18 16:30:25'),
	(292, 16, 18, 29, '2022-06-18 16:30:25', '2022-06-18 16:30:25'),
	(293, 16, 19, 28, '2022-06-18 16:30:25', '2022-06-18 16:30:25'),
	(294, 16, 20, 16, '2022-06-18 16:30:25', '2022-06-18 16:30:25'),
	(295, 16, 21, 11, '2022-06-18 16:30:25', '2022-06-18 16:30:25'),
	(296, 17, 1, 233, '2022-06-28 21:32:38', '2022-06-28 21:32:38'),
	(297, 17, 2, 10, '2022-06-28 21:32:38', '2022-06-28 21:32:38'),
	(298, 17, 3, 243, '2022-06-28 21:32:38', '2022-06-28 21:32:38'),
	(299, 17, 4, 213, '2022-06-28 21:32:38', '2022-06-28 21:32:38'),
	(300, 17, 5, 207, '2022-06-28 21:32:38', '2022-06-28 21:32:38'),
	(301, 17, 6, 178, '2022-06-28 21:32:38', '2022-06-28 21:32:38'),
	(302, 17, 7, 165, '2022-06-28 21:32:38', '2022-06-28 21:32:38'),
	(303, 17, 8, 145, '2022-06-28 21:32:38', '2022-06-28 21:32:38'),
	(304, 17, 9, 125, '2022-06-28 21:32:38', '2022-06-28 21:32:38'),
	(305, 17, 10, 97, '2022-06-28 21:32:38', '2022-06-28 21:32:38'),
	(306, 17, 11, 80, '2022-06-28 21:32:38', '2022-06-28 21:32:38'),
	(307, 17, 12, 43, '2022-06-28 21:32:38', '2022-06-28 21:32:38'),
	(308, 17, 13, 52, '2022-06-28 21:32:39', '2022-06-28 21:32:39'),
	(309, 17, 14, 67, '2022-06-28 21:32:39', '2022-06-28 21:32:39'),
	(310, 17, 15, 112, '2022-06-28 21:32:39', '2022-06-28 21:32:39'),
	(311, 17, 16, 38, '2022-06-28 21:32:39', '2022-06-28 21:32:39'),
	(312, 17, 17, 32, '2022-06-28 21:32:39', '2022-06-28 21:32:39'),
	(313, 17, 18, 29, '2022-06-28 21:32:39', '2022-06-28 21:32:39'),
	(314, 17, 19, 24, '2022-06-28 21:32:39', '2022-06-28 21:32:39'),
	(315, 17, 20, 19, '2022-06-28 21:32:39', '2022-06-28 21:32:39'),
	(316, 17, 21, 13, '2022-06-28 21:32:39', '2022-06-28 21:32:39'),
	(317, 18, 1, 2, '2022-06-28 21:41:32', '2022-06-28 21:41:32'),
	(318, 18, 2, 10, '2022-06-28 21:41:32', '2022-06-28 21:41:32'),
	(319, 18, 3, 255, '2022-06-28 21:41:32', '2022-06-28 21:41:32'),
	(320, 18, 4, 214, '2022-06-28 21:41:32', '2022-06-28 21:41:32'),
	(321, 18, 5, 197, '2022-06-28 21:41:32', '2022-06-28 21:41:32'),
	(322, 18, 6, 182, '2022-06-28 21:41:32', '2022-06-28 21:41:32'),
	(323, 18, 7, 163, '2022-06-28 21:41:32', '2022-06-28 21:41:32'),
	(324, 18, 8, 142, '2022-06-28 21:41:32', '2022-06-28 21:41:32'),
	(325, 18, 9, 136, '2022-06-28 21:41:32', '2022-06-28 21:41:32'),
	(326, 18, 10, 99, '2022-06-28 21:41:33', '2022-06-28 21:41:33'),
	(327, 18, 11, 82, '2022-06-28 21:41:33', '2022-06-28 21:41:33'),
	(328, 18, 12, 43, '2022-06-28 21:41:33', '2022-06-28 21:41:33'),
	(329, 18, 13, 54, '2022-06-28 21:41:33', '2022-06-28 21:41:33'),
	(330, 18, 14, 64, '2022-06-28 21:41:33', '2022-06-28 21:41:33'),
	(331, 18, 15, 111, '2022-06-28 21:41:33', '2022-06-28 21:41:33'),
	(332, 18, 16, 39, '2022-06-28 21:41:33', '2022-06-28 21:41:33'),
	(333, 18, 17, 32, '2022-06-28 21:41:33', '2022-06-28 21:41:33'),
	(334, 18, 18, 36, '2022-06-28 21:41:33', '2022-06-28 21:41:33'),
	(335, 18, 19, 24, '2022-06-28 21:41:33', '2022-06-28 21:41:33'),
	(336, 18, 20, 19, '2022-06-28 21:41:33', '2022-06-28 21:41:33'),
	(337, 18, 21, 14, '2022-06-28 21:41:33', '2022-06-28 21:41:33'),
	(338, 19, 1, 3, '2022-06-28 21:47:13', '2022-06-28 21:47:13'),
	(339, 19, 2, 8, '2022-06-28 21:47:14', '2022-06-28 21:47:14'),
	(340, 19, 3, 242, '2022-06-28 21:47:14', '2022-06-28 21:47:14'),
	(341, 19, 4, 214, '2022-06-28 21:47:14', '2022-06-28 21:47:14'),
	(342, 19, 5, 197, '2022-06-28 21:47:14', '2022-06-28 21:47:14'),
	(343, 19, 6, 182, '2022-06-28 21:47:14', '2022-06-28 21:47:14'),
	(344, 19, 7, 165, '2022-06-28 21:47:14', '2022-06-28 21:47:14'),
	(345, 19, 8, 142, '2022-06-28 21:47:14', '2022-06-28 21:47:14'),
	(346, 19, 9, 125, '2022-06-28 21:47:14', '2022-06-28 21:47:14'),
	(347, 19, 10, 98, '2022-06-28 21:47:14', '2022-06-28 21:47:14'),
	(348, 19, 11, 81, '2022-06-28 21:47:14', '2022-06-28 21:47:14'),
	(349, 19, 12, 45, '2022-06-28 21:47:14', '2022-06-28 21:47:14'),
	(350, 19, 13, 53, '2022-06-28 21:47:14', '2022-06-28 21:47:14'),
	(351, 19, 14, 68, '2022-06-28 21:47:14', '2022-06-28 21:47:14'),
	(352, 19, 15, 121, '2022-06-28 21:47:14', '2022-06-28 21:47:14'),
	(353, 19, 17, 33, '2022-06-28 21:47:14', '2022-06-28 21:47:14'),
	(354, 19, 18, 29, '2022-06-28 21:47:14', '2022-06-28 21:47:14'),
	(355, 19, 19, 24, '2022-06-28 21:47:14', '2022-06-28 21:47:14'),
	(356, 19, 20, 18, '2022-06-28 21:47:14', '2022-06-28 21:47:14'),
	(357, 19, 21, 14, '2022-06-28 21:47:14', '2022-06-28 21:47:14'),
	(358, 20, 1, 233, '2022-06-28 21:52:15', '2022-06-28 21:52:15'),
	(359, 20, 2, 9, '2022-06-28 21:52:15', '2022-06-28 21:52:15'),
	(360, 20, 3, 242, '2022-06-28 21:52:15', '2022-06-28 21:52:15'),
	(361, 20, 4, 212, '2022-06-28 21:52:15', '2022-06-28 21:52:15'),
	(362, 20, 5, 196, '2022-06-28 21:52:15', '2022-06-28 21:52:15'),
	(363, 20, 6, 181, '2022-06-28 21:52:15', '2022-06-28 21:52:15'),
	(364, 20, 7, 163, '2022-06-28 21:52:16', '2022-06-28 21:52:16'),
	(365, 20, 8, 144, '2022-06-28 21:52:16', '2022-06-28 21:52:16'),
	(366, 20, 9, 126, '2022-06-28 21:52:16', '2022-06-28 21:52:16'),
	(367, 20, 10, 97, '2022-06-28 21:52:16', '2022-06-28 21:52:16'),
	(368, 20, 11, 81, '2022-06-28 21:52:16', '2022-06-28 21:52:16'),
	(369, 20, 12, 47, '2022-06-28 21:52:16', '2022-06-28 21:52:16'),
	(370, 20, 13, 60, '2022-06-28 21:52:16', '2022-06-28 21:52:16'),
	(371, 20, 14, 63, '2022-06-28 21:52:16', '2022-06-28 21:52:16'),
	(372, 20, 15, 113, '2022-06-28 21:52:16', '2022-06-28 21:52:16'),
	(373, 20, 17, 35, '2022-06-28 21:52:16', '2022-06-28 21:52:16'),
	(374, 20, 18, 29, '2022-06-28 21:52:16', '2022-06-28 21:52:16'),
	(375, 20, 19, 25, '2022-06-28 21:52:16', '2022-06-28 21:52:16'),
	(376, 20, 20, 19, '2022-06-28 21:52:16', '2022-06-28 21:52:16'),
	(377, 20, 21, 15, '2022-06-28 21:52:16', '2022-06-28 21:52:16'),
	(378, 21, 1, 237, '2022-06-28 21:57:54', '2022-06-28 21:57:54'),
	(379, 21, 2, 8, '2022-06-28 21:57:55', '2022-06-28 21:57:55'),
	(380, 21, 3, 242, '2022-06-28 21:57:55', '2022-06-28 21:57:55'),
	(381, 21, 4, 214, '2022-06-28 21:57:55', '2022-06-28 21:57:55'),
	(382, 21, 5, 197, '2022-06-28 21:57:55', '2022-06-28 21:57:55'),
	(383, 21, 6, 181, '2022-06-28 21:57:55', '2022-06-28 21:57:55'),
	(384, 21, 7, 165, '2022-06-28 21:57:55', '2022-06-28 21:57:55'),
	(385, 21, 8, 144, '2022-06-28 21:57:55', '2022-06-28 21:57:55'),
	(386, 21, 9, 126, '2022-06-28 21:57:55', '2022-06-28 21:57:55'),
	(387, 21, 10, 97, '2022-06-28 21:57:55', '2022-06-28 21:57:55'),
	(388, 21, 11, 81, '2022-06-28 21:57:55', '2022-06-28 21:57:55'),
	(389, 21, 12, 43, '2022-06-28 21:57:55', '2022-06-28 21:57:55'),
	(390, 21, 13, 54, '2022-06-28 21:57:55', '2022-06-28 21:57:55'),
	(391, 21, 14, 73, '2022-06-28 21:57:55', '2022-06-28 21:57:55'),
	(392, 21, 15, 113, '2022-06-28 21:57:55', '2022-06-28 21:57:55'),
	(393, 21, 16, 39, '2022-06-28 21:57:56', '2022-06-28 21:57:56'),
	(394, 21, 17, 32, '2022-06-28 21:57:56', '2022-06-28 21:57:56'),
	(395, 21, 18, 36, '2022-06-28 21:57:56', '2022-06-28 21:57:56'),
	(396, 21, 19, 24, '2022-06-28 21:57:56', '2022-06-28 21:57:56'),
	(397, 21, 20, 19, '2022-06-28 21:57:56', '2022-06-28 21:57:56'),
	(398, 21, 21, 12, '2022-06-28 21:57:56', '2022-06-28 21:57:56'),
	(399, 22, 1, 4, '2022-06-28 22:04:36', '2022-06-28 22:04:36'),
	(400, 22, 2, 9, '2022-06-28 22:04:36', '2022-06-28 22:04:36'),
	(401, 22, 3, 242, '2022-06-28 22:04:36', '2022-06-28 22:04:36'),
	(402, 22, 4, 214, '2022-06-28 22:04:36', '2022-06-28 22:04:36'),
	(403, 22, 5, 197, '2022-06-28 22:04:36', '2022-06-28 22:04:36'),
	(404, 22, 6, 178, '2022-06-28 22:04:36', '2022-06-28 22:04:36'),
	(405, 22, 7, 163, '2022-06-28 22:04:36', '2022-06-28 22:04:36'),
	(406, 22, 8, 142, '2022-06-28 22:04:36', '2022-06-28 22:04:36'),
	(407, 22, 9, 125, '2022-06-28 22:04:37', '2022-06-28 22:04:37'),
	(408, 22, 10, 97, '2022-06-28 22:04:37', '2022-06-28 22:04:37'),
	(409, 22, 11, 81, '2022-06-28 22:04:37', '2022-06-28 22:04:37'),
	(410, 22, 12, 40, '2022-06-28 22:04:37', '2022-06-28 22:04:37'),
	(411, 22, 13, 54, '2022-06-28 22:04:37', '2022-06-28 22:04:37'),
	(412, 22, 14, 70, '2022-06-28 22:04:37', '2022-06-28 22:04:37'),
	(413, 22, 15, 111, '2022-06-28 22:04:37', '2022-06-28 22:04:37'),
	(414, 22, 16, 38, '2022-06-28 22:04:37', '2022-06-28 22:04:37'),
	(415, 22, 17, 35, '2022-06-28 22:04:37', '2022-06-28 22:04:37'),
	(416, 22, 18, 36, '2022-06-28 22:04:37', '2022-06-28 22:04:37'),
	(417, 22, 19, 24, '2022-06-28 22:04:37', '2022-06-28 22:04:37'),
	(418, 22, 20, 18, '2022-06-28 22:04:37', '2022-06-28 22:04:37'),
	(419, 22, 21, 13, '2022-06-28 22:04:37', '2022-06-28 22:04:37'),
	(420, 23, 1, 2, '2022-06-28 22:17:49', '2022-06-28 22:17:49'),
	(421, 23, 2, 8, '2022-06-28 22:17:50', '2022-06-28 22:17:50'),
	(422, 23, 3, 241, '2022-06-28 22:17:50', '2022-06-28 22:17:50'),
	(423, 23, 4, 213, '2022-06-28 22:17:50', '2022-06-28 22:17:50'),
	(424, 23, 5, 196, '2022-06-28 22:17:50', '2022-06-28 22:17:50'),
	(425, 23, 6, 178, '2022-06-28 22:17:50', '2022-06-28 22:17:50'),
	(426, 23, 7, 163, '2022-06-28 22:17:50', '2022-06-28 22:17:50'),
	(427, 23, 8, 142, '2022-06-28 22:17:50', '2022-06-28 22:17:50'),
	(428, 23, 9, 126, '2022-06-28 22:17:50', '2022-06-28 22:17:50'),
	(429, 23, 10, 98, '2022-06-28 22:17:50', '2022-06-28 22:17:50'),
	(430, 23, 11, 81, '2022-06-28 22:17:50', '2022-06-28 22:17:50'),
	(431, 23, 12, 42, '2022-06-28 22:17:50', '2022-06-28 22:17:50'),
	(432, 23, 13, 52, '2022-06-28 22:17:50', '2022-06-28 22:17:50'),
	(433, 23, 14, 65, '2022-06-28 22:17:50', '2022-06-28 22:17:50'),
	(434, 23, 15, 112, '2022-06-28 22:17:50', '2022-06-28 22:17:50'),
	(435, 23, 16, 38, '2022-06-28 22:17:50', '2022-06-28 22:17:50'),
	(436, 23, 17, 32, '2022-06-28 22:17:50', '2022-06-28 22:17:50'),
	(437, 23, 18, 29, '2022-06-28 22:17:50', '2022-06-28 22:17:50'),
	(438, 23, 19, 23, '2022-06-28 22:17:50', '2022-06-28 22:17:50'),
	(439, 23, 20, 19, '2022-06-28 22:17:50', '2022-06-28 22:17:50'),
	(440, 23, 21, 14, '2022-06-28 22:17:50', '2022-06-28 22:17:50'),
	(441, 24, 1, 2, '2022-06-28 22:21:21', '2022-06-28 22:21:21'),
	(442, 24, 2, 8, '2022-06-28 22:21:22', '2022-06-28 22:21:22'),
	(443, 24, 3, 240, '2022-06-28 22:21:22', '2022-06-28 22:21:22'),
	(444, 24, 4, 214, '2022-06-28 22:21:22', '2022-06-28 22:21:22'),
	(445, 24, 5, 197, '2022-06-28 22:21:22', '2022-06-28 22:21:22'),
	(446, 24, 6, 181, '2022-06-28 22:21:22', '2022-06-28 22:21:22'),
	(447, 24, 7, 165, '2022-06-28 22:21:22', '2022-06-28 22:21:22'),
	(448, 24, 8, 145, '2022-06-28 22:21:22', '2022-06-28 22:21:22'),
	(449, 24, 9, 126, '2022-06-28 22:21:22', '2022-06-28 22:21:22'),
	(450, 24, 10, 97, '2022-06-28 22:21:22', '2022-06-28 22:21:22'),
	(451, 24, 11, 82, '2022-06-28 22:21:22', '2022-06-28 22:21:22'),
	(452, 24, 12, 44, '2022-06-28 22:21:22', '2022-06-28 22:21:22'),
	(453, 24, 13, 54, '2022-06-28 22:21:22', '2022-06-28 22:21:22'),
	(454, 24, 14, 68, '2022-06-28 22:21:22', '2022-06-28 22:21:22'),
	(455, 24, 15, 111, '2022-06-28 22:21:22', '2022-06-28 22:21:22'),
	(456, 24, 16, 38, '2022-06-28 22:21:23', '2022-06-28 22:21:23'),
	(457, 24, 17, 31, '2022-06-28 22:21:23', '2022-06-28 22:21:23'),
	(458, 24, 18, 36, '2022-06-28 22:21:23', '2022-06-28 22:21:23'),
	(459, 24, 19, 22, '2022-06-28 22:21:23', '2022-06-28 22:21:23'),
	(460, 24, 20, 19, '2022-06-28 22:21:23', '2022-06-28 22:21:23'),
	(461, 24, 21, 12, '2022-06-28 22:21:23', '2022-06-28 22:21:23'),
	(462, 25, 1, 3, '2022-06-28 22:25:56', '2022-06-28 22:25:56'),
	(463, 25, 2, 7, '2022-06-28 22:25:56', '2022-06-28 22:25:56'),
	(464, 25, 3, 242, '2022-06-28 22:25:56', '2022-06-28 22:25:56'),
	(465, 25, 4, 213, '2022-06-28 22:25:56', '2022-06-28 22:25:56'),
	(466, 25, 5, 197, '2022-06-28 22:25:56', '2022-06-28 22:25:56'),
	(467, 25, 6, 181, '2022-06-28 22:25:56', '2022-06-28 22:25:56'),
	(468, 25, 7, 163, '2022-06-28 22:25:56', '2022-06-28 22:25:56'),
	(469, 25, 8, 144, '2022-06-28 22:25:56', '2022-06-28 22:25:56'),
	(470, 25, 9, 125, '2022-06-28 22:25:56', '2022-06-28 22:25:56'),
	(471, 25, 10, 98, '2022-06-28 22:25:56', '2022-06-28 22:25:56'),
	(472, 25, 11, 81, '2022-06-28 22:25:56', '2022-06-28 22:25:56'),
	(473, 25, 12, 42, '2022-06-28 22:25:56', '2022-06-28 22:25:56'),
	(474, 25, 13, 53, '2022-06-28 22:25:56', '2022-06-28 22:25:56'),
	(475, 25, 14, 67, '2022-06-28 22:25:56', '2022-06-28 22:25:56'),
	(476, 25, 15, 112, '2022-06-28 22:25:56', '2022-06-28 22:25:56'),
	(477, 25, 16, 38, '2022-06-28 22:25:56', '2022-06-28 22:25:56'),
	(478, 25, 17, 33, '2022-06-28 22:25:56', '2022-06-28 22:25:56'),
	(479, 25, 18, 29, '2022-06-28 22:25:56', '2022-06-28 22:25:56'),
	(480, 25, 19, 23, '2022-06-28 22:25:56', '2022-06-28 22:25:56'),
	(481, 25, 20, 18, '2022-06-28 22:25:56', '2022-06-28 22:25:56'),
	(482, 25, 21, 14, '2022-06-28 22:25:57', '2022-06-28 22:25:57'),
	(483, 26, 1, 3, '2022-06-28 22:34:06', '2022-06-28 22:34:06'),
	(484, 26, 2, 8, '2022-06-28 22:34:06', '2022-06-28 22:34:06'),
	(485, 26, 3, 242, '2022-06-28 22:34:06', '2022-06-28 22:34:06'),
	(486, 26, 4, 213, '2022-06-28 22:34:07', '2022-06-28 22:34:07'),
	(487, 26, 5, 196, '2022-06-28 22:34:07', '2022-06-28 22:34:07'),
	(488, 26, 6, 181, '2022-06-28 22:34:07', '2022-06-28 22:34:07'),
	(489, 26, 7, 166, '2022-06-28 22:34:07', '2022-06-28 22:34:07'),
	(490, 26, 8, 144, '2022-06-28 22:34:07', '2022-06-28 22:34:07'),
	(491, 26, 9, 126, '2022-06-28 22:34:07', '2022-06-28 22:34:07'),
	(492, 26, 10, 98, '2022-06-28 22:34:07', '2022-06-28 22:34:07'),
	(493, 26, 11, 82, '2022-06-28 22:34:07', '2022-06-28 22:34:07'),
	(494, 26, 12, 43, '2022-06-28 22:34:07', '2022-06-28 22:34:07'),
	(495, 26, 13, 54, '2022-06-28 22:34:07', '2022-06-28 22:34:07'),
	(496, 26, 14, 67, '2022-06-28 22:34:07', '2022-06-28 22:34:07'),
	(497, 26, 15, 112, '2022-06-28 22:34:07', '2022-06-28 22:34:07'),
	(498, 26, 16, 39, '2022-06-28 22:34:07', '2022-06-28 22:34:07'),
	(499, 26, 17, 31, '2022-06-28 22:34:07', '2022-06-28 22:34:07'),
	(500, 26, 18, 29, '2022-06-28 22:34:07', '2022-06-28 22:34:07'),
	(501, 26, 19, 23, '2022-06-28 22:34:07', '2022-06-28 22:34:07'),
	(502, 26, 20, 18, '2022-06-28 22:34:07', '2022-06-28 22:34:07'),
	(503, 26, 21, 12, '2022-06-28 22:34:08', '2022-06-28 22:34:08'),
	(504, 27, 1, 2, '2022-06-28 22:38:17', '2022-06-28 22:38:17'),
	(505, 27, 2, 9, '2022-06-28 22:38:17', '2022-06-28 22:38:17'),
	(506, 27, 3, 241, '2022-06-28 22:38:17', '2022-06-28 22:38:17'),
	(507, 27, 4, 211, '2022-06-28 22:38:17', '2022-06-28 22:38:17'),
	(508, 27, 5, 198, '2022-06-28 22:38:17', '2022-06-28 22:38:17'),
	(509, 27, 6, 181, '2022-06-28 22:38:17', '2022-06-28 22:38:17'),
	(510, 27, 7, 165, '2022-06-28 22:38:17', '2022-06-28 22:38:17'),
	(511, 27, 8, 145, '2022-06-28 22:38:17', '2022-06-28 22:38:17'),
	(512, 27, 9, 125, '2022-06-28 22:38:17', '2022-06-28 22:38:17'),
	(513, 27, 10, 98, '2022-06-28 22:38:17', '2022-06-28 22:38:17'),
	(514, 27, 11, 82, '2022-06-28 22:38:17', '2022-06-28 22:38:17'),
	(515, 27, 12, 42, '2022-06-28 22:38:17', '2022-06-28 22:38:17'),
	(516, 27, 13, 53, '2022-06-28 22:38:17', '2022-06-28 22:38:17'),
	(517, 27, 14, 67, '2022-06-28 22:38:17', '2022-06-28 22:38:17'),
	(518, 27, 15, 112, '2022-06-28 22:38:17', '2022-06-28 22:38:17'),
	(519, 27, 16, 38, '2022-06-28 22:38:17', '2022-06-28 22:38:17'),
	(520, 27, 17, 32, '2022-06-28 22:38:18', '2022-06-28 22:38:18'),
	(521, 27, 18, 36, '2022-06-28 22:38:18', '2022-06-28 22:38:18'),
	(522, 27, 19, 23, '2022-06-28 22:38:18', '2022-06-28 22:38:18'),
	(523, 27, 20, 18, '2022-06-28 22:38:18', '2022-06-28 22:38:18'),
	(524, 27, 21, 14, '2022-06-28 22:38:18', '2022-06-28 22:38:18'),
	(525, 28, 1, 2, '2022-06-28 23:29:04', '2022-06-28 23:29:04'),
	(526, 28, 2, 8, '2022-06-28 23:29:04', '2022-06-28 23:29:04'),
	(527, 28, 3, 241, '2022-06-28 23:29:04', '2022-06-28 23:29:04'),
	(528, 28, 4, 212, '2022-06-28 23:29:04', '2022-06-28 23:29:04'),
	(529, 28, 5, 197, '2022-06-28 23:29:05', '2022-06-28 23:29:05'),
	(530, 28, 6, 181, '2022-06-28 23:29:05', '2022-06-28 23:29:05'),
	(531, 28, 7, 165, '2022-06-28 23:29:05', '2022-06-28 23:29:05'),
	(532, 28, 8, 145, '2022-06-28 23:29:05', '2022-06-28 23:29:05'),
	(533, 28, 9, 127, '2022-06-28 23:29:05', '2022-06-28 23:29:05'),
	(534, 28, 10, 98, '2022-06-28 23:29:05', '2022-06-28 23:29:05'),
	(535, 28, 11, 83, '2022-06-28 23:29:05', '2022-06-28 23:29:05'),
	(536, 28, 12, 44, '2022-06-28 23:29:05', '2022-06-28 23:29:05'),
	(537, 28, 13, 53, '2022-06-28 23:29:05', '2022-06-28 23:29:05'),
	(538, 28, 14, 67, '2022-06-28 23:29:05', '2022-06-28 23:29:05'),
	(539, 28, 15, 112, '2022-06-28 23:29:05', '2022-06-28 23:29:05'),
	(540, 28, 16, 39, '2022-06-28 23:29:05', '2022-06-28 23:29:05'),
	(541, 28, 17, 33, '2022-06-28 23:29:05', '2022-06-28 23:29:05'),
	(542, 28, 18, 36, '2022-06-28 23:29:05', '2022-06-28 23:29:05'),
	(543, 28, 19, 24, '2022-06-28 23:29:05', '2022-06-28 23:29:05'),
	(544, 28, 20, 16, '2022-06-28 23:29:05', '2022-06-28 23:29:05'),
	(545, 28, 21, 12, '2022-06-28 23:29:05', '2022-06-28 23:29:05'),
	(546, 29, 1, 3, '2022-06-28 23:40:42', '2022-06-28 23:40:42'),
	(547, 29, 2, 8, '2022-06-28 23:40:42', '2022-06-28 23:40:42'),
	(548, 29, 3, 241, '2022-06-28 23:40:42', '2022-06-28 23:40:42'),
	(549, 29, 4, 213, '2022-06-28 23:40:42', '2022-06-28 23:40:42'),
	(550, 29, 5, 197, '2022-06-28 23:40:42', '2022-06-28 23:40:42'),
	(551, 29, 6, 182, '2022-06-28 23:40:42', '2022-06-28 23:40:42'),
	(552, 29, 7, 165, '2022-06-28 23:40:43', '2022-06-28 23:40:43'),
	(553, 29, 8, 145, '2022-06-28 23:40:43', '2022-06-28 23:40:43'),
	(554, 29, 9, 127, '2022-06-28 23:40:43', '2022-06-28 23:40:43'),
	(555, 29, 10, 98, '2022-06-28 23:40:43', '2022-06-28 23:40:43'),
	(556, 29, 11, 82, '2022-06-28 23:40:43', '2022-06-28 23:40:43'),
	(557, 29, 12, 43, '2022-06-28 23:40:43', '2022-06-28 23:40:43'),
	(558, 29, 13, 54, '2022-06-28 23:40:43', '2022-06-28 23:40:43'),
	(559, 29, 14, 75, '2022-06-28 23:40:43', '2022-06-28 23:40:43'),
	(560, 29, 15, 121, '2022-06-28 23:40:43', '2022-06-28 23:40:43'),
	(561, 29, 16, 38, '2022-06-28 23:40:43', '2022-06-28 23:40:43'),
	(562, 29, 17, 34, '2022-06-28 23:40:43', '2022-06-28 23:40:43'),
	(563, 29, 18, 36, '2022-06-28 23:40:43', '2022-06-28 23:40:43'),
	(564, 29, 19, 25, '2022-06-28 23:40:43', '2022-06-28 23:40:43'),
	(565, 29, 20, 16, '2022-06-28 23:40:43', '2022-06-28 23:40:43'),
	(566, 29, 21, 11, '2022-06-28 23:40:43', '2022-06-28 23:40:43'),
	(567, 30, 1, 5, '2022-06-29 00:05:57', '2022-06-29 00:05:57'),
	(568, 30, 2, 9, '2022-06-29 00:05:57', '2022-06-29 00:05:57'),
	(569, 30, 3, 242, '2022-06-29 00:05:57', '2022-06-29 00:05:57'),
	(570, 30, 4, 213, '2022-06-29 00:05:57', '2022-06-29 00:05:57'),
	(571, 30, 5, 195, '2022-06-29 00:05:57', '2022-06-29 00:05:57'),
	(572, 30, 6, 178, '2022-06-29 00:05:57', '2022-06-29 00:05:57'),
	(573, 30, 7, 162, '2022-06-29 00:05:57', '2022-06-29 00:05:57'),
	(574, 30, 8, 144, '2022-06-29 00:05:57', '2022-06-29 00:05:57'),
	(575, 30, 9, 125, '2022-06-29 00:05:57', '2022-06-29 00:05:57'),
	(576, 30, 10, 98, '2022-06-29 00:05:57', '2022-06-29 00:05:57'),
	(577, 30, 11, 84, '2022-06-29 00:05:57', '2022-06-29 00:05:57'),
	(578, 30, 12, 46, '2022-06-29 00:05:57', '2022-06-29 00:05:57'),
	(579, 30, 13, 58, '2022-06-29 00:05:57', '2022-06-29 00:05:57'),
	(580, 30, 14, 78, '2022-06-29 00:05:57', '2022-06-29 00:05:57'),
	(581, 30, 15, 119, '2022-06-29 00:05:58', '2022-06-29 00:05:58'),
	(582, 30, 16, 38, '2022-06-29 00:05:58', '2022-06-29 00:05:58'),
	(583, 30, 17, 34, '2022-06-29 00:05:58', '2022-06-29 00:05:58'),
	(584, 30, 18, 36, '2022-06-29 00:05:58', '2022-06-29 00:05:58'),
	(585, 30, 19, 24, '2022-06-29 00:05:58', '2022-06-29 00:05:58'),
	(586, 30, 20, 19, '2022-06-29 00:05:58', '2022-06-29 00:05:58'),
	(587, 30, 21, 12, '2022-06-29 00:05:58', '2022-06-29 00:05:58'),
	(588, 31, 1, 4, '2022-06-29 00:09:30', '2022-06-29 00:09:30'),
	(589, 31, 2, 9, '2022-06-29 00:09:30', '2022-06-29 00:09:30'),
	(590, 31, 3, 256, '2022-06-29 00:09:30', '2022-06-29 00:09:30'),
	(591, 31, 4, 212, '2022-06-29 00:09:30', '2022-06-29 00:09:30'),
	(592, 31, 5, 198, '2022-06-29 00:09:31', '2022-06-29 00:09:31'),
	(593, 31, 6, 182, '2022-06-29 00:09:31', '2022-06-29 00:09:31'),
	(594, 31, 7, 166, '2022-06-29 00:09:31', '2022-06-29 00:09:31'),
	(595, 31, 8, 151, '2022-06-29 00:09:31', '2022-06-29 00:09:31'),
	(596, 31, 9, 126, '2022-06-29 00:09:31', '2022-06-29 00:09:31'),
	(597, 31, 10, 98, '2022-06-29 00:09:31', '2022-06-29 00:09:31'),
	(598, 31, 11, 82, '2022-06-29 00:09:31', '2022-06-29 00:09:31'),
	(599, 31, 12, 43, '2022-06-29 00:09:31', '2022-06-29 00:09:31'),
	(600, 31, 13, 54, '2022-06-29 00:09:31', '2022-06-29 00:09:31'),
	(601, 31, 14, 68, '2022-06-29 00:09:31', '2022-06-29 00:09:31'),
	(602, 31, 15, 120, '2022-06-29 00:09:31', '2022-06-29 00:09:31'),
	(603, 31, 16, 38, '2022-06-29 00:09:31', '2022-06-29 00:09:31'),
	(604, 31, 17, 32, '2022-06-29 00:09:31', '2022-06-29 00:09:31'),
	(605, 31, 18, 29, '2022-06-29 00:09:31', '2022-06-29 00:09:31'),
	(606, 31, 19, 28, '2022-06-29 00:09:31', '2022-06-29 00:09:31'),
	(607, 31, 20, 18, '2022-06-29 00:09:31', '2022-06-29 00:09:31'),
	(608, 31, 21, 15, '2022-06-29 00:09:31', '2022-06-29 00:09:31'),
	(609, 32, 1, 4, '2022-06-29 00:14:18', '2022-06-29 00:14:18'),
	(610, 32, 2, 8, '2022-06-29 00:14:18', '2022-06-29 00:14:18'),
	(611, 32, 3, 241, '2022-06-29 00:14:19', '2022-06-29 00:14:19'),
	(612, 32, 4, 211, '2022-06-29 00:14:19', '2022-06-29 00:14:19'),
	(613, 32, 5, 198, '2022-06-29 00:14:19', '2022-06-29 00:14:19'),
	(614, 32, 6, 184, '2022-06-29 00:14:19', '2022-06-29 00:14:19'),
	(615, 32, 7, 171, '2022-06-29 00:14:19', '2022-06-29 00:14:19'),
	(616, 32, 8, 153, '2022-06-29 00:14:19', '2022-06-29 00:14:19'),
	(617, 32, 9, 136, '2022-06-29 00:14:19', '2022-06-29 00:14:19'),
	(618, 32, 10, 100, '2022-06-29 00:14:19', '2022-06-29 00:14:19'),
	(619, 32, 11, 92, '2022-06-29 00:14:19', '2022-06-29 00:14:19'),
	(620, 32, 12, 50, '2022-06-29 00:14:19', '2022-06-29 00:14:19'),
	(621, 32, 13, 55, '2022-06-29 00:14:19', '2022-06-29 00:14:19'),
	(622, 32, 14, 68, '2022-06-29 00:14:19', '2022-06-29 00:14:19'),
	(623, 32, 15, 121, '2022-06-29 00:14:19', '2022-06-29 00:14:19'),
	(624, 32, 16, 38, '2022-06-29 00:14:19', '2022-06-29 00:14:19'),
	(625, 32, 17, 31, '2022-06-29 00:14:19', '2022-06-29 00:14:19'),
	(626, 32, 18, 29, '2022-06-29 00:14:19', '2022-06-29 00:14:19'),
	(627, 32, 19, 23, '2022-06-29 00:14:19', '2022-06-29 00:14:19'),
	(628, 32, 20, 19, '2022-06-29 00:14:19', '2022-06-29 00:14:19'),
	(629, 32, 21, 14, '2022-06-29 00:14:19', '2022-06-29 00:14:19'),
	(630, 33, 1, 2, '2022-06-29 00:18:08', '2022-06-29 00:18:08'),
	(631, 33, 2, 9, '2022-06-29 00:18:09', '2022-06-29 00:18:09'),
	(632, 33, 3, 242, '2022-06-29 00:18:09', '2022-06-29 00:18:09'),
	(633, 33, 4, 211, '2022-06-29 00:18:09', '2022-06-29 00:18:09'),
	(634, 33, 5, 195, '2022-06-29 00:18:09', '2022-06-29 00:18:09'),
	(635, 33, 6, 191, '2022-06-29 00:18:09', '2022-06-29 00:18:09'),
	(636, 33, 7, 170, '2022-06-29 00:18:09', '2022-06-29 00:18:09'),
	(637, 33, 8, 155, '2022-06-29 00:18:09', '2022-06-29 00:18:09'),
	(638, 33, 9, 126, '2022-06-29 00:18:09', '2022-06-29 00:18:09'),
	(639, 33, 10, 96, '2022-06-29 00:18:09', '2022-06-29 00:18:09'),
	(640, 33, 11, 81, '2022-06-29 00:18:09', '2022-06-29 00:18:09'),
	(641, 33, 12, 43, '2022-06-29 00:18:09', '2022-06-29 00:18:09'),
	(642, 33, 13, 54, '2022-06-29 00:18:09', '2022-06-29 00:18:09'),
	(643, 33, 14, 67, '2022-06-29 00:18:09', '2022-06-29 00:18:09'),
	(644, 33, 15, 113, '2022-06-29 00:18:09', '2022-06-29 00:18:09'),
	(645, 33, 16, 38, '2022-06-29 00:18:09', '2022-06-29 00:18:09'),
	(646, 33, 17, 33, '2022-06-29 00:18:09', '2022-06-29 00:18:09'),
	(647, 33, 18, 29, '2022-06-29 00:18:09', '2022-06-29 00:18:09'),
	(648, 33, 19, 23, '2022-06-29 00:18:09', '2022-06-29 00:18:09'),
	(649, 33, 20, 20, '2022-06-29 00:18:09', '2022-06-29 00:18:09'),
	(650, 33, 21, 12, '2022-06-29 00:18:10', '2022-06-29 00:18:10'),
	(651, 34, 1, 2, '2022-06-29 00:20:17', '2022-06-29 00:20:17'),
	(652, 34, 2, 9, '2022-06-29 00:20:17', '2022-06-29 00:20:17'),
	(653, 34, 3, 241, '2022-06-29 00:20:18', '2022-06-29 00:20:18'),
	(654, 34, 4, 213, '2022-06-29 00:20:18', '2022-06-29 00:20:18'),
	(655, 34, 5, 196, '2022-06-29 00:20:18', '2022-06-29 00:20:18'),
	(656, 34, 6, 177, '2022-06-29 00:20:18', '2022-06-29 00:20:18'),
	(657, 34, 7, 162, '2022-06-29 00:20:18', '2022-06-29 00:20:18'),
	(658, 34, 8, 141, '2022-06-29 00:20:18', '2022-06-29 00:20:18'),
	(659, 34, 9, 125, '2022-06-29 00:20:18', '2022-06-29 00:20:18'),
	(660, 34, 10, 100, '2022-06-29 00:20:18', '2022-06-29 00:20:18'),
	(661, 34, 11, 83, '2022-06-29 00:20:18', '2022-06-29 00:20:18'),
	(662, 34, 12, 43, '2022-06-29 00:20:18', '2022-06-29 00:20:18'),
	(663, 34, 13, 55, '2022-06-29 00:20:18', '2022-06-29 00:20:18'),
	(664, 34, 14, 70, '2022-06-29 00:20:18', '2022-06-29 00:20:18'),
	(665, 34, 15, 112, '2022-06-29 00:20:18', '2022-06-29 00:20:18'),
	(666, 34, 16, 39, '2022-06-29 00:20:18', '2022-06-29 00:20:18'),
	(667, 34, 17, 34, '2022-06-29 00:20:18', '2022-06-29 00:20:18'),
	(668, 34, 18, 36, '2022-06-29 00:20:18', '2022-06-29 00:20:18'),
	(669, 34, 19, 24, '2022-06-29 00:20:18', '2022-06-29 00:20:18'),
	(670, 34, 20, 19, '2022-06-29 00:20:18', '2022-06-29 00:20:18'),
	(671, 34, 21, 15, '2022-06-29 00:20:18', '2022-06-29 00:20:18'),
	(672, 35, 1, 4, '2022-06-29 00:22:40', '2022-06-29 00:22:40'),
	(673, 35, 2, 9, '2022-06-29 00:22:40', '2022-06-29 00:22:40'),
	(674, 35, 3, 241, '2022-06-29 00:22:40', '2022-06-29 00:22:40'),
	(675, 35, 4, 215, '2022-06-29 00:22:41', '2022-06-29 00:22:41'),
	(676, 35, 5, 197, '2022-06-29 00:22:41', '2022-06-29 00:22:41'),
	(677, 35, 6, 181, '2022-06-29 00:22:41', '2022-06-29 00:22:41'),
	(678, 35, 7, 165, '2022-06-29 00:22:41', '2022-06-29 00:22:41'),
	(679, 35, 8, 140, '2022-06-29 00:22:41', '2022-06-29 00:22:41'),
	(680, 35, 9, 125, '2022-06-29 00:22:41', '2022-06-29 00:22:41'),
	(681, 35, 10, 99, '2022-06-29 00:22:41', '2022-06-29 00:22:41'),
	(682, 35, 11, 82, '2022-06-29 00:22:41', '2022-06-29 00:22:41'),
	(683, 35, 12, 43, '2022-06-29 00:22:41', '2022-06-29 00:22:41'),
	(684, 35, 13, 53, '2022-06-29 00:22:41', '2022-06-29 00:22:41'),
	(685, 35, 14, 67, '2022-06-29 00:22:41', '2022-06-29 00:22:41'),
	(686, 35, 15, 114, '2022-06-29 00:22:41', '2022-06-29 00:22:41'),
	(687, 35, 16, 38, '2022-06-29 00:22:41', '2022-06-29 00:22:41'),
	(688, 35, 17, 34, '2022-06-29 00:22:41', '2022-06-29 00:22:41'),
	(689, 35, 18, 29, '2022-06-29 00:22:41', '2022-06-29 00:22:41'),
	(690, 35, 19, 28, '2022-06-29 00:22:41', '2022-06-29 00:22:41'),
	(691, 35, 20, 18, '2022-06-29 00:22:41', '2022-06-29 00:22:41'),
	(692, 35, 21, 11, '2022-06-29 00:22:41', '2022-06-29 00:22:41'),
	(693, 36, 1, 235, '2022-06-29 00:24:58', '2022-06-29 00:24:58'),
	(694, 36, 2, 9, '2022-06-29 00:24:58', '2022-06-29 00:24:58'),
	(695, 36, 3, 242, '2022-06-29 00:24:58', '2022-06-29 00:24:58'),
	(696, 36, 4, 213, '2022-06-29 00:24:58', '2022-06-29 00:24:58'),
	(697, 36, 5, 197, '2022-06-29 00:24:58', '2022-06-29 00:24:58'),
	(698, 36, 6, 178, '2022-06-29 00:24:58', '2022-06-29 00:24:58'),
	(699, 36, 7, 165, '2022-06-29 00:24:58', '2022-06-29 00:24:58'),
	(700, 36, 8, 141, '2022-06-29 00:24:59', '2022-06-29 00:24:59'),
	(701, 36, 9, 125, '2022-06-29 00:24:59', '2022-06-29 00:24:59'),
	(702, 36, 10, 97, '2022-06-29 00:24:59', '2022-06-29 00:24:59'),
	(703, 36, 11, 82, '2022-06-29 00:24:59', '2022-06-29 00:24:59'),
	(704, 36, 12, 44, '2022-06-29 00:24:59', '2022-06-29 00:24:59'),
	(705, 36, 13, 57, '2022-06-29 00:24:59', '2022-06-29 00:24:59'),
	(706, 36, 14, 77, '2022-06-29 00:24:59', '2022-06-29 00:24:59'),
	(707, 36, 15, 121, '2022-06-29 00:24:59', '2022-06-29 00:24:59'),
	(708, 36, 16, 39, '2022-06-29 00:24:59', '2022-06-29 00:24:59'),
	(709, 36, 17, 33, '2022-06-29 00:24:59', '2022-06-29 00:24:59'),
	(710, 36, 18, 29, '2022-06-29 00:24:59', '2022-06-29 00:24:59'),
	(711, 36, 19, 26, '2022-06-29 00:24:59', '2022-06-29 00:24:59'),
	(712, 36, 20, 19, '2022-06-29 00:24:59', '2022-06-29 00:24:59'),
	(713, 36, 21, 14, '2022-06-29 00:24:59', '2022-06-29 00:24:59'),
	(714, 37, 1, 3, '2022-06-29 00:32:18', '2022-06-29 00:32:18'),
	(715, 37, 2, 8, '2022-06-29 00:32:18', '2022-06-29 00:32:18'),
	(716, 37, 3, 242, '2022-06-29 00:32:18', '2022-06-29 00:32:18'),
	(717, 37, 4, 210, '2022-06-29 00:32:18', '2022-06-29 00:32:18'),
	(718, 37, 5, 194, '2022-06-29 00:32:18', '2022-06-29 00:32:18'),
	(719, 37, 6, 176, '2022-06-29 00:32:18', '2022-06-29 00:32:18'),
	(720, 37, 7, 162, '2022-06-29 00:32:19', '2022-06-29 00:32:19'),
	(721, 37, 8, 140, '2022-06-29 00:32:19', '2022-06-29 00:32:19'),
	(722, 37, 9, 124, '2022-06-29 00:32:19', '2022-06-29 00:32:19'),
	(723, 37, 10, 96, '2022-06-29 00:32:19', '2022-06-29 00:32:19'),
	(724, 37, 11, 79, '2022-06-29 00:32:19', '2022-06-29 00:32:19'),
	(725, 37, 12, 44, '2022-06-29 00:32:19', '2022-06-29 00:32:19'),
	(726, 37, 13, 51, '2022-06-29 00:32:19', '2022-06-29 00:32:19'),
	(727, 37, 14, 68, '2022-06-29 00:32:19', '2022-06-29 00:32:19'),
	(728, 37, 15, 113, '2022-06-29 00:32:19', '2022-06-29 00:32:19'),
	(729, 37, 16, 38, '2022-06-29 00:32:19', '2022-06-29 00:32:19'),
	(730, 37, 17, 32, '2022-06-29 00:32:19', '2022-06-29 00:32:19'),
	(731, 37, 18, 36, '2022-06-29 00:32:19', '2022-06-29 00:32:19'),
	(732, 37, 19, 22, '2022-06-29 00:32:19', '2022-06-29 00:32:19'),
	(733, 37, 20, 17, '2022-06-29 00:32:19', '2022-06-29 00:32:19'),
	(734, 37, 21, 13, '2022-06-29 00:32:19', '2022-06-29 00:32:19'),
	(735, 38, 1, 3, '2022-06-29 00:35:40', '2022-06-29 00:35:40'),
	(736, 38, 2, 8, '2022-06-29 00:35:41', '2022-06-29 00:35:41'),
	(737, 38, 3, 243, '2022-06-29 00:35:41', '2022-06-29 00:35:41'),
	(738, 38, 4, 214, '2022-06-29 00:35:41', '2022-06-29 00:35:41'),
	(739, 38, 5, 199, '2022-06-29 00:35:41', '2022-06-29 00:35:41'),
	(740, 38, 6, 182, '2022-06-29 00:35:41', '2022-06-29 00:35:41'),
	(741, 38, 7, 169, '2022-06-29 00:35:41', '2022-06-29 00:35:41'),
	(742, 38, 8, 145, '2022-06-29 00:35:41', '2022-06-29 00:35:41'),
	(743, 38, 9, 126, '2022-06-29 00:35:41', '2022-06-29 00:35:41'),
	(744, 38, 10, 98, '2022-06-29 00:35:41', '2022-06-29 00:35:41'),
	(745, 38, 11, 83, '2022-06-29 00:35:41', '2022-06-29 00:35:41'),
	(746, 38, 12, 44, '2022-06-29 00:35:41', '2022-06-29 00:35:41'),
	(747, 38, 13, 53, '2022-06-29 00:35:41', '2022-06-29 00:35:41'),
	(748, 38, 14, 67, '2022-06-29 00:35:41', '2022-06-29 00:35:41'),
	(749, 38, 15, 118, '2022-06-29 00:35:41', '2022-06-29 00:35:41'),
	(750, 38, 16, 39, '2022-06-29 00:35:41', '2022-06-29 00:35:41'),
	(751, 38, 17, 32, '2022-06-29 00:35:41', '2022-06-29 00:35:41'),
	(752, 38, 18, 36, '2022-06-29 00:35:42', '2022-06-29 00:35:42'),
	(753, 38, 19, 26, '2022-06-29 00:35:42', '2022-06-29 00:35:42'),
	(754, 38, 20, 17, '2022-06-29 00:35:42', '2022-06-29 00:35:42'),
	(755, 38, 21, 14, '2022-06-29 00:35:42', '2022-06-29 00:35:42'),
	(756, 39, 1, 3, '2022-06-29 00:38:02', '2022-06-29 00:38:02'),
	(757, 39, 2, 8, '2022-06-29 00:38:02', '2022-06-29 00:38:02'),
	(758, 39, 3, 241, '2022-06-29 00:38:02', '2022-06-29 00:38:02'),
	(759, 39, 4, 212, '2022-06-29 00:38:02', '2022-06-29 00:38:02'),
	(760, 39, 5, 198, '2022-06-29 00:38:02', '2022-06-29 00:38:02'),
	(761, 39, 6, 182, '2022-06-29 00:38:02', '2022-06-29 00:38:02'),
	(762, 39, 7, 162, '2022-06-29 00:38:02', '2022-06-29 00:38:02'),
	(763, 39, 8, 144, '2022-06-29 00:38:02', '2022-06-29 00:38:02'),
	(764, 39, 9, 125, '2022-06-29 00:38:02', '2022-06-29 00:38:02'),
	(765, 39, 10, 97, '2022-06-29 00:38:02', '2022-06-29 00:38:02'),
	(766, 39, 11, 91, '2022-06-29 00:38:02', '2022-06-29 00:38:02'),
	(767, 39, 12, 47, '2022-06-29 00:38:02', '2022-06-29 00:38:02'),
	(768, 39, 13, 59, '2022-06-29 00:38:02', '2022-06-29 00:38:02'),
	(769, 39, 14, 65, '2022-06-29 00:38:03', '2022-06-29 00:38:03'),
	(770, 39, 15, 112, '2022-06-29 00:38:03', '2022-06-29 00:38:03'),
	(771, 39, 16, 39, '2022-06-29 00:38:03', '2022-06-29 00:38:03'),
	(772, 39, 17, 31, '2022-06-29 00:38:03', '2022-06-29 00:38:03'),
	(773, 39, 18, 36, '2022-06-29 00:38:03', '2022-06-29 00:38:03'),
	(774, 39, 19, 23, '2022-06-29 00:38:03', '2022-06-29 00:38:03'),
	(775, 39, 20, 18, '2022-06-29 00:38:03', '2022-06-29 00:38:03'),
	(776, 39, 21, 15, '2022-06-29 00:38:03', '2022-06-29 00:38:03'),
	(777, 40, 1, 6, '2022-06-29 00:40:25', '2022-06-29 00:40:25'),
	(778, 40, 2, 8, '2022-06-29 00:40:25', '2022-06-29 00:40:25'),
	(779, 40, 3, 242, '2022-06-29 00:40:25', '2022-06-29 00:40:25'),
	(780, 40, 4, 213, '2022-06-29 00:40:26', '2022-06-29 00:40:26'),
	(781, 40, 5, 197, '2022-06-29 00:40:26', '2022-06-29 00:40:26'),
	(782, 40, 6, 182, '2022-06-29 00:40:26', '2022-06-29 00:40:26'),
	(783, 40, 7, 165, '2022-06-29 00:40:26', '2022-06-29 00:40:26'),
	(784, 40, 8, 145, '2022-06-29 00:40:26', '2022-06-29 00:40:26'),
	(785, 40, 9, 125, '2022-06-29 00:40:26', '2022-06-29 00:40:26'),
	(786, 40, 10, 98, '2022-06-29 00:40:26', '2022-06-29 00:40:26'),
	(787, 40, 11, 82, '2022-06-29 00:40:26', '2022-06-29 00:40:26'),
	(788, 40, 12, 44, '2022-06-29 00:40:26', '2022-06-29 00:40:26'),
	(789, 40, 13, 55, '2022-06-29 00:40:26', '2022-06-29 00:40:26'),
	(790, 40, 14, 67, '2022-06-29 00:40:26', '2022-06-29 00:40:26'),
	(791, 40, 15, 114, '2022-06-29 00:40:26', '2022-06-29 00:40:26'),
	(792, 40, 16, 39, '2022-06-29 00:40:26', '2022-06-29 00:40:26'),
	(793, 40, 17, 34, '2022-06-29 00:40:26', '2022-06-29 00:40:26'),
	(794, 40, 18, 36, '2022-06-29 00:40:26', '2022-06-29 00:40:26'),
	(795, 40, 19, 23, '2022-06-29 00:40:26', '2022-06-29 00:40:26'),
	(796, 40, 20, 19, '2022-06-29 00:40:26', '2022-06-29 00:40:26'),
	(797, 40, 21, 14, '2022-06-29 00:40:26', '2022-06-29 00:40:26'),
	(798, 41, 1, 2, '2022-06-29 00:42:50', '2022-06-29 00:42:50'),
	(799, 41, 2, 8, '2022-06-29 00:42:50', '2022-06-29 00:42:50'),
	(800, 41, 3, 242, '2022-06-29 00:42:50', '2022-06-29 00:42:50'),
	(801, 41, 4, 213, '2022-06-29 00:42:50', '2022-06-29 00:42:50'),
	(802, 41, 5, 198, '2022-06-29 00:42:50', '2022-06-29 00:42:50'),
	(803, 41, 6, 181, '2022-06-29 00:42:50', '2022-06-29 00:42:50'),
	(804, 41, 7, 163, '2022-06-29 00:42:50', '2022-06-29 00:42:50'),
	(805, 41, 8, 142, '2022-06-29 00:42:50', '2022-06-29 00:42:50'),
	(806, 41, 9, 125, '2022-06-29 00:42:50', '2022-06-29 00:42:50'),
	(807, 41, 10, 97, '2022-06-29 00:42:50', '2022-06-29 00:42:50'),
	(808, 41, 11, 83, '2022-06-29 00:42:50', '2022-06-29 00:42:50'),
	(809, 41, 12, 45, '2022-06-29 00:42:51', '2022-06-29 00:42:51'),
	(810, 41, 13, 54, '2022-06-29 00:42:51', '2022-06-29 00:42:51'),
	(811, 41, 14, 68, '2022-06-29 00:42:51', '2022-06-29 00:42:51'),
	(812, 41, 15, 114, '2022-06-29 00:42:51', '2022-06-29 00:42:51'),
	(813, 41, 16, 39, '2022-06-29 00:42:51', '2022-06-29 00:42:51'),
	(814, 41, 17, 33, '2022-06-29 00:42:51', '2022-06-29 00:42:51'),
	(815, 41, 18, 36, '2022-06-29 00:42:51', '2022-06-29 00:42:51'),
	(816, 41, 19, 25, '2022-06-29 00:42:51', '2022-06-29 00:42:51'),
	(817, 41, 20, 19, '2022-06-29 00:42:51', '2022-06-29 00:42:51'),
	(818, 41, 21, 14, '2022-06-29 00:42:51', '2022-06-29 00:42:51'),
	(819, 42, 1, 2, '2022-06-30 00:35:24', '2022-06-30 00:35:24'),
	(820, 42, 2, 9, '2022-06-30 00:35:24', '2022-06-30 00:35:24');
/*!40000 ALTER TABLE `product_attribute_data` ENABLE KEYS */;

-- Dumping structure for table mmzweb.product_attribute_item
CREATE TABLE IF NOT EXISTS `product_attribute_item` (
  `id` bigint(20) unsigned NOT NULL AUTO_INCREMENT,
  `title` varchar(191) COLLATE utf8mb4_unicode_ci NOT NULL,
  `slug` varchar(191) COLLATE utf8mb4_unicode_ci NOT NULL,
  `product_attribute_id` bigint(20) unsigned NOT NULL,
  `is_active` int(11) NOT NULL DEFAULT 1,
  `created_at` timestamp NULL DEFAULT NULL,
  `updated_at` timestamp NULL DEFAULT NULL,
  PRIMARY KEY (`id`),
  UNIQUE KEY `product_attribute_item_slug_unique` (`slug`),
  KEY `product_attribute_item_product_attribute_id_foreign` (`product_attribute_id`),
  CONSTRAINT `product_attribute_item_product_attribute_id_foreign` FOREIGN KEY (`product_attribute_id`) REFERENCES `product_attributes` (`id`) ON DELETE CASCADE ON UPDATE CASCADE
) ENGINE=InnoDB AUTO_INCREMENT=258 DEFAULT CHARSET=utf8mb4 COLLATE=utf8mb4_unicode_ci;

-- Dumping data for table mmzweb.product_attribute_item: ~232 rows (approximately)
/*!40000 ALTER TABLE `product_attribute_item` DISABLE KEYS */;
INSERT INTO `product_attribute_item` (`id`, `title`, `slug`, `product_attribute_id`, `is_active`, `created_at`, `updated_at`) VALUES
	(1, '649 cc', '1000cc1', 1, 1, '2022-06-02 15:30:10', '2022-06-14 15:46:52'),
	(2, '471 cc', '900cc1', 1, 1, '2022-06-02 15:30:16', '2022-06-14 15:47:10'),
	(3, '1.833 cc', '800cc1', 1, 1, '2022-06-02 15:30:32', '2022-06-14 15:47:56'),
	(4, '998 cc', '700cc1', 1, 1, '2022-06-02 15:30:43', '2022-06-14 15:48:13'),
	(5, '149,2 cc', '600cc1', 1, 1, '2022-06-02 15:30:49', '2022-06-14 15:49:11'),
	(6, '1.084 cc', '500cc1', 1, 1, '2022-06-02 15:30:58', '2022-06-14 15:49:17'),
	(7, '2019', '20192', 2, 1, '2022-06-02 15:32:18', '2022-06-02 15:32:18'),
	(8, '2020', '20202', 2, 1, '2022-06-02 15:32:25', '2022-06-02 15:32:25'),
	(9, '2021', '20212', 2, 1, '2022-06-02 15:32:32', '2022-06-02 15:32:32'),
	(10, '2022', '20222', 2, 1, '2022-06-02 15:32:42', '2022-06-02 15:32:42'),
	(11, '13,2:1', '132121', 21, 1, '2022-06-14 09:41:32', '2022-06-14 09:41:32'),
	(12, '10,8:1', '107121', 21, 1, '2022-06-14 09:42:14', '2022-06-30 00:30:06'),
	(13, '10,1:1', '101121', 21, 1, '2022-06-14 09:43:31', '2022-06-14 09:43:31'),
	(14, '11,6:1', '116121', 21, 1, '2022-06-14 09:44:02', '2022-06-14 09:44:02'),
	(15, '10,5:1', '105121', 21, 1, '2022-06-14 09:45:23', '2022-06-14 09:45:23'),
	(16, '81 x 48,5mm', '81-x-485mm20', 20, 1, '2022-06-14 09:46:53', '2022-06-14 09:46:53'),
	(17, '67 x 66,8 mm', '67-x-668-mm20', 20, 1, '2022-06-14 09:47:18', '2022-06-14 09:47:18'),
	(18, '92 x 81,5 mm', '92-x-815-mm20', 20, 1, '2022-06-14 09:48:01', '2022-06-14 09:48:01'),
	(19, '67 x 46 mm', '67-x-46-mm20', 20, 1, '2022-06-14 09:48:25', '2022-06-14 09:48:25'),
	(20, '73,0 x 73,0 mm', '730-x-730-mm20', 20, 1, '2022-06-14 09:49:16', '2022-06-14 09:49:16'),
	(21, '63 Nm tại 9.500 vòng/ phút', '63-nm-9500-vong-phut19', 19, 1, '2022-06-14 09:54:11', '2022-06-14 09:55:59'),
	(22, '43,3Nm tại 6000 vòng/phút', '433nm-6000-vongphut19', 19, 1, '2022-06-14 09:54:41', '2022-06-14 09:55:59'),
	(23, '170 Nm tại 4.500 vòng/phút', '170-nm-4500-vongphut19', 19, 1, '2022-06-14 09:55:18', '2022-06-14 09:55:46'),
	(24, '104 Nm tại 8.250 vòng/phút', '104-nm-tai-8250-vongphut19', 19, 1, '2022-06-14 09:55:46', '2022-06-14 09:55:46'),
	(25, '98 Nm tại 4.750 vòng/phút', '98-nm-tai-4750-vongphut19', 19, 1, '2022-06-14 09:56:55', '2022-06-14 09:56:55'),
	(26, '105Nm tại 6.250 vòng/ phút', '105nm-tai-6250-vong-phut19', 19, 1, '2022-06-14 09:57:50', '2022-06-14 09:57:50'),
	(27, '43 Nm tại 6.500 vòng/phút', '43-nm-tai-6500-vongphut19', 19, 1, '2022-06-14 10:00:44', '2022-06-14 10:00:44'),
	(28, '113Nm tại 12.500 vòng/phút', '113nm-tai-12500-vongphut19', 19, 1, '2022-06-14 10:01:45', '2022-06-14 10:01:45'),
	(29, 'Điện', 'dien18', 18, 1, '2022-06-14 10:02:36', '2022-06-14 10:02:36'),
	(30, 'Cơ khí', 'co-khi17', 17, 1, '2022-06-14 10:04:53', '2022-06-14 10:04:53'),
	(31, 'Hộp số ly hợp kép 7 cấp DCT', 'hop-so-ly-hop-kep-7-cap-dct17', 17, 1, '2022-06-14 10:05:27', '2022-06-14 10:05:27'),
	(32, 'Côn tay 6 số', 'con-tay-6-so17', 17, 1, '2022-06-14 10:06:37', '2022-06-14 10:06:37'),
	(33, 'Dây đai, biến thiên vô cấp', 'day-dai-bien-thien-vo-cap17', 17, 1, '2022-06-14 10:07:08', '2022-06-14 10:07:08'),
	(34, 'Côn tay 6 số, truyền động bằng xích tải', 'con-tay-6-so-truyen-dong-bang-xich-tai17', 17, 1, '2022-06-14 10:07:41', '2022-06-14 10:07:41'),
	(35, 'Đai', 'dai17', 17, 1, '2022-06-14 10:08:45', '2022-06-14 10:08:45'),
	(36, 'Đạp chân/Điện', 'dap-chandien18', 18, 1, '2022-06-14 10:12:00', '2022-06-14 10:12:00'),
	(37, 'Vô cấp', 'vo-cap16', 16, 1, '2022-06-14 10:13:04', '2022-06-14 10:13:04'),
	(38, '6 số', '6-so16', 16, 1, '2022-06-14 10:15:04', '2022-06-14 10:15:04'),
	(39, 'Côn tay 6 số', 'con-tay-6-so16', 16, 1, '2022-06-14 10:15:04', '2022-06-14 10:15:04'),
	(40, 'Xăng, 4 kỳ, 1 xy-lanh, làm mát bằng dung dịch', 'xang-4-ky-1-xy-lanh-lam-mat-bang-dung-dich12', 12, 1, '2022-06-14 10:21:33', '2022-06-14 10:21:33'),
	(41, 'Động cơ 4 xy-lanh, 4 kỳ làm máy bằng chất lỏng, 16 van DOHC', 'dong-co-4-xy-lanh-4-ky-lam-may-bang-chat-long-16-van-dohc12', 12, 1, '2022-06-14 10:21:57', '2022-06-14 10:21:57'),
	(42, 'DOHC, 4 kỳ, 2 xy-lanh,PGM-FI, làm mát bằng chất lỏng', 'dohc-4-ky-2-xy-lanhpgm-fi-lam-mat-bang-chat-long12', 12, 1, '2022-06-14 10:22:19', '2022-06-14 10:22:19'),
	(43, '4 kỳ, 6 xi lanh, làm mát bằng chất lỏng', '4-ky-6-xi-lanh-lam-mat-bang-chat-long12', 12, 1, '2022-06-14 10:22:47', '2022-06-14 10:22:47'),
	(44, '4 kỳ, xi lanh đơn, làm mát bằng dung dịch', '4-ky-xi-lanh-don-lam-mat-bang-dung-dich12', 12, 1, '2022-06-14 10:23:26', '2022-06-14 10:23:26'),
	(45, '4 kỳ, 2 xy-lanh, làm mát bằng chất lỏng', '4-ky-2-xy-lanh-lam-mat-bang-chat-long12', 12, 1, '2022-06-14 10:23:49', '2022-06-14 10:23:49'),
	(46, 'Xăng, 4 kỳ, 1 xi-lanh, làm mát bằng không khí', 'xang-4-ky-1-xi-lanh-lam-mat-bang-khong-khi12', 12, 1, '2022-06-14 10:24:13', '2022-06-14 10:24:13'),
	(47, 'PGM-FI, 4 kỳ, DOHC, xy-lanh đơn, côn 6 số, làm mát bằng dung dịch', 'pgm-fi-4-ky-dohc-xy-lanh-don-con-6-so-lam-mat-bang-dung-dich12', 12, 1, '2022-06-14 10:24:50', '2022-06-14 10:24:50'),
	(50, '4 xy lanh thẳng hàng, PGM-FI, 4 kỳ, làm mát bằng chất lỏng, DOHC 16 van', '4-xy-lanh-thang-hang-pgm-fi-4-ky-lam-mat-bang-chat-long-dohc-16-van12', 12, 1, '2022-06-14 10:27:10', '2022-06-14 10:27:10'),
	(51, '160Kw/14.500 vòng/phút', '160kw14500-vongphut13', 13, 1, '2022-06-14 10:35:11', '2022-06-14 10:35:11'),
	(52, 'Air Blade 125: 8,75kW/8.500 vòng/phút <br> Air Blade 160: 11,2kW/8.000 vòng/phút', 'air-blade-125-875kw8500-vongphut-air-blade-160-112kw8000-vongphut13', 13, 1, '2022-06-14 10:35:41', '2022-06-14 10:35:56'),
	(53, '70,0 kW/ 12.000 vòng/ phút', '700-kw-12000-vong-phut13', 13, 1, '2022-06-14 10:36:39', '2022-06-14 10:36:39'),
	(54, '33,5 kW/ 8500 vòng/phút', '335kw-8500-vongphut13', 13, 1, '2022-06-14 10:37:01', '2022-06-14 10:37:07'),
	(55, '93 kW tại 5.500 vòng/phút', '93-kw-tai-5500-vongphut13', 13, 1, '2022-06-14 10:37:32', '2022-06-14 10:37:32'),
	(56, '107 kW tại 10.500 vòng/phút', '107-kw-tai-10500-vongphut13', 13, 1, '2022-06-14 10:37:57', '2022-06-14 10:37:57'),
	(57, '12,0kW/9.500rpm', '120kw9500rpm13', 13, 1, '2022-06-14 10:38:21', '2022-06-14 10:38:21'),
	(58, '64 kW tại 7.000 vòng/phút', '64-kw-tai-7000-vongphut13', 13, 1, '2022-06-14 10:38:42', '2022-06-14 10:38:42'),
	(59, '6,18 kW/7.500 vòng/phút', '618-kw7500-vongphut13', 13, 1, '2022-06-14 10:39:00', '2022-06-14 10:39:00'),
	(60, '75kW/ 7.500 vòng/ phút', '75kw-7500-vong-phut13', 13, 1, '2022-06-14 10:41:11', '2022-06-14 10:41:11'),
	(61, '35 kW / 8600 vòng/phút', '35-kw-8600-vongphut13', 13, 1, '2022-06-14 10:44:07', '2022-06-14 10:44:07'),
	(63, '2,8 lít (sau khi xả nhớt) <br> 3,0 lít (sau khi xả nhớt và thay lọc dầu)', '28-lit-sau-khi-xa-nhot-br-30-lit-sau-khi-xa-nhot-va-thay-loc-dau14', 14, 1, '2022-06-14 10:48:51', '2022-06-14 10:48:51'),
	(64, '2,5 lít khi thay nhớt <br> 2,7 lít khi thay nhớt và bộ lọc <br> 3,2 lít khi rã máy', '25-lit-khi-thay-nhot-br-27-lit-khi-thay-nhot-va-bo-loc-br-32-lit-khi-ra-may14', 14, 1, '2022-06-14 10:54:29', '2022-06-14 10:54:29'),
	(65, '3,9 lít khi thay nhớt <br> 4,0 lít khi thay nhớt và bộ lọc <br> 4,8 lít khi rã máy', '39-lit-khi-thay-nhot-br-40-lit-khi-thay-nhot-va-bo-loc-br-48-lit-khi-ra-may14', 14, 1, '2022-06-14 10:55:37', '2022-06-14 10:55:37'),
	(67, '1,1 lít khi thay nhớt <br> 1,3 lít khi rã máy', '11-lit-khi-thay-nhot-br-13-lit-khi-ra-may14', 14, 1, '2022-06-14 11:01:23', '2022-06-14 11:01:23'),
	(68, '2,3 lít khi thay nhớt<br> 2,6 lít khi thay nhớt và bộ lọc<br> 3,0 lít khi rã máy', '23-lit-khi-thay-nhotbr-26-lit-khi-thay-nhot-va-bo-locbr-30-lit-khi-ra-may14', 14, 1, '2022-06-14 11:01:54', '2022-06-14 11:01:54'),
	(70, '0,65 lít khi thay dầu <br> 0,8 lít khi rã máy', '065-lit-khi-thay-dau-br-08-lit-khi-ra-may14', 14, 1, '2022-06-14 11:02:49', '2022-06-14 11:02:49'),
	(71, '0,8 lít sau khi thay nhớt <br> 1,0 lít sau khi rã máy', '08-lit-sau-khi-thay-nhot-10-lit-sau-khi-ra-may14', 14, 1, '2022-06-14 11:03:05', '2022-06-14 11:03:12'),
	(72, 'Khi xả nhớt: 3,9 lít <br> Khi xả nhớt và thay lọc nhớt động cơ: 4,0 lít <br> Khi rã máy: 4,8 lít', 'khi-xa-nhot-39-lit-br-khi-xa-nhot-va-thay-loc-nhot-dong-co-40-lit-br-khi-ra-may-48-lit14', 14, 1, '2022-06-14 11:04:00', '2022-06-14 11:04:00'),
	(73, 'Tối đa 1,5 lít <br>Tối thiểu 1,2 lít', 'toi-da-15-lit-brtoi-thieu-12-lit14', 14, 1, '2022-06-14 11:04:25', '2022-06-14 11:04:25'),
	(74, 'Khi xả nhớt: 2,6 lít <br> Khi xả nhớt và thay lọc nhớt động cơ: 2,9 lít <br> Khi rã máy: 3,5 lít', 'khi-xa-nhot-26-lit-br-khi-xa-nhot-va-thay-loc-nhot-dong-co-29-lit-br-khi-ra-may-35-lit14', 14, 1, '2022-06-14 11:04:52', '2022-06-14 11:04:52'),
	(75, 'Khi xả nhớt: 4,4 lít <br> Khi xả nhớt và thay lọc nhớt động cơ: 4,6 lít <br> Khi xả nhớt, thay lọc nhớt động cơ và lọc nhớt ly hợp: 4,6 lít <br> Khi rã máy: 5,6 lít', 'khi-xa-nhot-44-lit-br-khi-xa-nhot-va-thay-loc-nhot-dong-co-46-lit-br-khi-xa-nhot-thay-loc-nhot-dong-co-va-loc-nhot-ly-hop-46-lit-br-khi-ra-may-56-lit14', 14, 1, '2022-06-14 11:05:52', '2022-06-14 11:05:52'),
	(76, '2,5 lít khi thay nhớt <br> 2,7 lít khi thay nhớt và bộ lọc 3,2 lít <br> khi rã máy', '25-lit-khi-thay-nhot-br-27-lit-khi-thay-nhot-va-bo-loc-32-lit-br-khi-ra-may14', 14, 1, '2022-06-14 11:06:29', '2022-06-14 11:06:29'),
	(77, '2,3 lít khi thay nhớt <br> 2,6 lít khi thay nhớt và bộ lọc <br> 3,0 lít khi rã máy', '23-lit-khi-thay-nhot-br-26-lit-khi-thay-nhot-va-bo-loc-br-30-lit-khi-ra-may14', 14, 1, '2022-06-14 11:07:13', '2022-06-14 11:07:13'),
	(78, '0,8 lít khi thay nhớt <br> 0,9 lít khi rã máy', '08-lit-khi-thay-nhot-br-09-lit-khi-ra-may14', 14, 1, '2022-06-14 11:07:38', '2022-06-14 11:07:38'),
	(79, 'Lò xo trụ, giảm chấn thủy lực', 'lo-xo-tru-giam-chan-thuy-luc11', 11, 1, '2022-06-14 11:10:19', '2022-06-14 11:10:19'),
	(80, 'Lò xo trụ đơn và tải trước có 10 cấp điều chỉnh', 'lo-xo-tru-don-va-tai-truoc-co-10-cap-dieu-chinh11', 11, 1, '2022-06-14 11:10:38', '2022-06-14 11:10:38'),
	(81, 'Lò xo trụ đôi, giảm chấn thủy lực, nén khí ni-tơ', 'lo-xo-tru-doi-giam-chan-thuy-luc-nen-khi-ni-to11', 11, 1, '2022-06-14 11:10:53', '2022-06-14 11:10:53'),
	(82, 'Lò xo trụ đơn, liên kết Pro-Link', 'lo-xo-tru-don-lien-ket-pro-link11', 11, 1, '2022-06-14 11:11:11', '2022-06-14 11:11:11'),
	(83, 'Giảm xóc đơn Showa', 'giam-xoc-don-showa11', 11, 1, '2022-06-14 11:11:31', '2022-06-14 11:11:31'),
	(84, 'Lò xo trụ đơn', 'lo-xo-tru-don11', 11, 1, '2022-06-14 11:12:13', '2022-06-14 11:12:13'),
	(85, 'Lò xo trụ đôi, giảm chấn thủy lực với bình chứa khí nén ngoài', 'lo-xo-tru-doi-giam-chan-thuy-luc-voi-binh-chua-khi-nen-ngoai11', 11, 1, '2022-06-14 11:12:13', '2022-06-14 11:12:13'),
	(89, 'Lò xo trụ đơn, giảm chấn thủy lực', 'lo-xo-tru-don-giam-chan-thuy-luc11', 11, 1, '2022-06-14 11:16:13', '2022-06-14 11:16:13'),
	(90, 'Lò trụ đơn với tải trước lò xo có 10 cấp điều chỉnh', 'lo-tru-don-voi-tai-truoc-lo-xo-co-10-cap-dieu-chinh11', 11, 1, '2022-06-14 11:16:13', '2022-06-14 11:16:13'),
	(91, 'Lò xo trụ đơn Showa EERA sử dụng liên kết Pro-link, có khả năng điều chỉnh điện tử tải trước, độ nén và nhả', 'lo-xo-tru-don-showa-eera-su-dung-lien-ket-pro-link-co-kha-nang-dieu-chinh-dien-tu-tai-truoc-do-nen-va-nha11', 11, 1, '2022-06-14 11:16:13', '2022-06-14 11:16:13'),
	(92, 'Lò xo trụ đơn sử dụng liên kết Pro-link, có khả năng điều chỉnh tải trước, độ nén và nhả', 'lo-xo-tru-don-su-dung-lien-ket-pro-link-co-kha-nang-dieu-chinh-tai-truoc-do-nen-va-nha11', 11, 1, '2022-06-14 11:16:13', '2022-06-14 11:16:13'),
	(93, 'Lò xo trụ đơn Prolink, tải trước lò xo với 5 cấp điều chỉnh', 'lo-xo-tru-don-prolink-tai-truoc-lo-xo-voi-5-cap-dieu-chinh11', 11, 1, '2022-06-14 11:16:13', '2022-06-14 11:16:13'),
	(94, 'Giảm xóc trụ đơn điều khiển điện tử Ohlins TTX36 Smart-EC, với liên kết Pro-Link', 'giam-xoc-tru-don-dieu-khien-dien-tu-ohlins-ttx36-smart-ec-voi-lien-ket-pro-link11', 11, 1, '2022-06-14 11:16:13', '2022-06-14 11:16:13'),
	(95, 'Giảm xóc ống lồng ngược điều khiển điện tử Ohlins NPX Smart-EC, đường kính 43mm', 'giam-xoc-ong-long-nguoc-dieu-khien-dien-tu-ohlins-npx-smart-ec-duong-kinh-43mm10', 10, 1, '2022-06-14 11:29:54', '2022-06-14 11:29:54'),
	(96, 'Ống lồng, giảm chấn thủy lực, 41mm, tải tước có thể điều chỉnh', 'ong-long-giam-chan-thuy-luc-41mm-tai-tuoc-co-the-dieu-chinh10', 10, 1, '2022-06-14 11:30:50', '2022-06-14 11:30:50'),
	(97, 'Ống lồng, giảm chấn thủy lực', 'ong-long-giam-chan-thuy-luc10', 10, 1, '2022-06-14 11:32:02', '2022-06-14 11:32:02'),
	(98, 'Giảm xóc hành trình ngược Showa đường kính 45mm, có khả năng điều chỉnh tải trước, độ nén và nhả', 'giam-xoc-hanh-trinh-nguoc-showa-duong-kinh-45mm-co-kha-nang-dieu-chinh-tai-truoc-do-nen-va-nha10', 10, 1, '2022-06-14 11:32:02', '2022-06-14 11:32:02'),
	(99, 'Giảm xóc hành trình ngược Showa EERA đường kính 45mm, có khả năng điều chỉnh điện tử tải trước, độ nén và nhả', 'giam-xoc-hanh-trinh-nguoc-showa-eera-duong-kinh-45mm-co-kha-nang-dieu-chinh-dien-tu-tai-truoc-do-nen-va-nha10', 10, 1, '2022-06-14 11:34:41', '2022-06-14 11:34:41'),
	(100, 'Giảm xóc hành trình ngược Showa SFF-BP, 41mm', 'giam-xoc-hanh-trinh-nguoc-showa-sff-bp-41mm10', 10, 1, '2022-06-14 11:34:41', '2022-06-14 11:34:41'),
	(101, 'Ống lồng giảm chấn thủy lực đường kính 43mm', 'ong-long-giam-chan-thuy-luc-duong-kinh-43mm10', 10, 1, '2022-06-14 11:34:41', '2022-06-14 11:34:41'),
	(102, 'Air Blade 125: 2,26l/100km <br> Air Blade 160: 2,3l/100km', 'air-blade-125-226l100km-br-air-blade-160-23l100km15', 15, 1, '2022-06-14 11:35:36', '2022-06-14 11:35:36'),
	(110, '4,58 lít/100km', '458-lit100km15', 15, 1, '2022-06-14 11:41:45', '2022-06-14 11:41:45'),
	(111, '3,42 lít/100km', '342-lit100km15', 15, 1, '2022-06-14 11:41:45', '2022-06-14 11:41:45'),
	(112, '5,53 lít/100 km', '553-lit100-km15', 15, 1, '2022-06-14 11:41:45', '2022-06-14 11:41:45'),
	(113, '5,95 lít/100km', '595-lit100km15', 15, 1, '2022-06-14 11:41:45', '2022-06-14 11:41:45'),
	(114, '5,3 lít/100 km', '53-lit100-km15', 15, 1, '2022-06-14 11:41:45', '2022-06-14 11:41:45'),
	(115, '2,79 lít/100km', '279-lit100km15', 15, 1, '2022-06-14 11:41:45', '2022-06-14 11:41:45'),
	(116, '1,85lít/100km', '185lit100km15', 15, 1, '2022-06-14 11:41:45', '2022-06-14 11:41:45'),
	(117, '1,88 lít/100km', '188-lit100km15', 15, 1, '2022-06-14 11:41:45', '2022-06-14 11:41:45'),
	(118, '1,99l/100km', '199l100km15', 15, 1, '2022-06-14 11:41:45', '2022-06-14 11:41:45'),
	(119, '2,91lít/100km', '291lit100km15', 15, 1, '2022-06-14 11:41:45', '2022-06-14 11:41:45'),
	(120, '4,75 lít/100km', '475-lit100km15', 15, 1, '2022-06-14 11:41:45', '2022-06-14 11:41:45'),
	(121, '3,59 lít/100 km', '359-lit100-km15', 15, 1, '2022-06-14 11:41:45', '2022-06-14 11:41:45'),
	(122, '6,3 lít / 100km', '63-lit-100km15', 15, 1, '2022-06-14 11:41:45', '2022-06-14 11:41:45'),
	(123, 'Air Blade 125: Lốp trước 80/90 - Lốp sau 90/90 <br> Air Blade 160: Lốp trước 90/80 - Lốp sau 100/80', 'air-blade-125-lop-truoc-8090-lop-sau-9090-br-air-blade-160-lop-truoc-9080-lop-sau-100809', 9, 1, '2022-06-14 13:55:49', '2022-06-14 13:55:49'),
	(124, 'Lốp trước: 120/70 ZR17 M/C <br> Lốp sau: 180/55 ZR17 M/C', 'lop-truoc-12070-zr17-mc-br-lop-sau-18055-zr17-mc9', 9, 1, '2022-06-14 13:56:30', '2022-06-14 13:56:30'),
	(125, 'Lốp trước: 130/90-16M/C 67H <br> Lốp sau: 150/80-16M/C 71H', 'lop-truoc-13090-16mc-67h-br-lop-sau-15080-16mc-71h9', 9, 1, '2022-06-14 13:56:50', '2022-06-14 13:56:50'),
	(126, 'Lốp trước: 130/70R18 <br> Lốp sau: 200/55R16', 'lop-truoc-13070r18-br-lop-sau-20055r169', 9, 1, '2022-06-14 14:05:26', '2022-06-14 14:05:26'),
	(127, 'Lốp trước: 120/70ZR17 <br> Lốp sau: 190/55ZR17', 'lop-truoc-12070zr17-br-lop-sau-19055zr179', 9, 1, '2022-06-14 14:05:54', '2022-06-14 14:05:54'),
	(128, 'Lốp trước: 110/70R17 <br> Lốp sau: 150/60R17', 'lop-truoc-11070r17-br-lop-sau-15060r179', 9, 1, '2022-06-14 14:06:18', '2022-06-14 14:06:18'),
	(129, 'Lốp trước: 130/70B18 <br> Lốp sau: 180/65B16', 'lop-truoc-13070b18-br-lop-sau-18065b169', 9, 1, '2022-06-14 14:06:44', '2022-06-14 14:06:44'),
	(130, 'Trước: 70/90 -17 M/C 38P <br> Sau: 80/90 - 17 M/C 50P', 'truoc-7090-17-mc-38p-br-sau-8090-17-mc-50p9', 9, 1, '2022-06-14 14:07:05', '2022-06-14 14:07:05'),
	(131, 'Trước: 80/90-14M/C 40P <br> Sau: 90/90-14M/C 46P', 'truoc-8090-14mc-40p-br-sau-9090-14mc-46p9', 9, 1, '2022-06-14 14:07:31', '2022-06-14 14:07:31'),
	(132, 'Trước: 90/80-17M/C 46P <br> Sau: 120/70-17M/C 58P', 'truoc-9080-17mc-46p-br-sau-12070-17mc-58p9', 9, 1, '2022-06-14 14:12:46', '2022-06-14 14:12:46'),
	(133, 'Lốp trước: 120/70ZR17 M/C <br> Lốp sau: 180/55ZR17 M/C', 'lop-truoc-12070zr17-mc-br-lop-sau-18055zr17-mc9', 9, 1, '2022-06-14 14:13:16', '2022-06-14 14:13:16'),
	(134, 'Trước: 100/80-17M/C <br> Sau: 130/70-17M/C', 'truoc-10080-17mc-br-sau-13070-17mc9', 9, 1, '2022-06-14 14:13:46', '2022-06-14 14:13:46'),
	(135, 'Lốp trước: 90/90-21 <br> Lốp sau: 150/70R18', 'lop-truoc-9090-21-br-lop-sau-15070r189', 9, 1, '2022-06-14 14:14:17', '2022-06-14 14:14:17'),
	(136, 'Lốp trước: 110/80R19 <br> Lốp sau: 160/60R17', 'lop-truoc-11080r19-br-lop-sau-16060r179', 9, 1, '2022-06-14 14:14:44', '2022-06-14 14:14:44'),
	(137, 'Lốp trước: 120/70 ZR17M/C <br> Lốp sau: 160/60 ZR17M/C', 'lop-truoc-12070-zr17mc-br-lop-sau-16060-zr17mc9', 9, 1, '2022-06-14 14:15:30', '2022-06-14 14:15:30'),
	(139, 'Lốp trước: 120/70-ZR17 <br> Lốp sau: 200/55-ZR17', 'lop-truoc-12070-zr17-br-lop-sau-20055-zr179', 9, 1, '2022-06-14 14:16:23', '2022-06-14 14:16:23'),
	(140, '16,1 lít', '161-lit8', 8, 1, '2022-06-14 14:18:33', '2022-06-14 14:18:33'),
	(141, '17,1 Lít', '171-lit8', 8, 1, '2022-06-14 14:18:41', '2022-06-14 14:18:41'),
	(142, '4 lít', '4-lit8', 8, 1, '2022-06-14 14:18:55', '2022-06-14 14:18:55'),
	(144, '17,5 lít', '175-lit8', 8, 1, '2022-06-14 14:19:53', '2022-06-14 14:19:53'),
	(145, '18,8 lít', '188-lit8', 8, 1, '2022-06-14 14:20:10', '2022-06-14 14:20:10'),
	(146, '24,8 lít', '248-lit8', 8, 1, '2022-06-14 14:20:28', '2022-06-14 14:20:28'),
	(147, '12 lít', '12-lit8', 8, 1, '2022-06-14 14:20:44', '2022-06-14 14:20:44'),
	(148, '9,3 lít', '93-lit8', 8, 1, '2022-06-14 14:21:16', '2022-06-14 14:21:16'),
	(149, '15,4 lít', '154-lit8', 8, 1, '2022-06-14 14:21:36', '2022-06-14 14:21:36'),
	(150, '4,5 lít', '45-lit8', 8, 1, '2022-06-14 14:21:55', '2022-06-14 14:21:55'),
	(151, '4,9 lít', '49-lit8', 8, 1, '2022-06-14 14:22:10', '2022-06-14 14:22:10'),
	(152, '3,7 lít', '37-lit8', 8, 1, '2022-06-14 14:22:26', '2022-06-14 14:22:26'),
	(153, '13,6 lít', '136-lit8', 8, 1, '2022-06-14 14:22:42', '2022-06-14 14:22:42'),
	(155, '8,5 lít', '85-lit8', 8, 1, '2022-06-14 14:24:08', '2022-06-14 14:24:08'),
	(156, '16,2 lít', '162-lit8', 8, 1, '2022-06-14 14:24:24', '2022-06-14 14:24:24'),
	(157, '4,4 lít', '44-lit8', 8, 1, '2022-06-14 14:24:45', '2022-06-14 14:24:45'),
	(159, '11,2 lít', '112-lit8', 8, 1, '2022-06-14 14:25:23', '2022-06-14 14:25:23'),
	(160, '21 lít', '21-lit8', 8, 1, '2022-06-14 14:25:43', '2022-06-14 14:25:43'),
	(161, 'Air Blade 125: 141 mm <br> Air Blade 160: 142 mm', 'air-blade-125-141-mm-br-air-blade-160-142-mm7', 7, 1, '2022-06-14 14:27:18', '2022-06-14 14:27:18'),
	(162, '150 mm', '150-mm7', 7, 1, '2022-06-14 14:43:28', '2022-06-14 14:43:28'),
	(163, '136 mm', '136-mm7', 7, 1, '2022-06-14 14:43:47', '2022-06-14 14:43:47'),
	(165, '130 mm', '130-mm7', 7, 1, '2022-06-14 14:44:15', '2022-06-14 14:44:15'),
	(166, '135 mm', '135-mm7', 7, 1, '2022-06-14 14:44:33', '2022-06-14 14:44:33'),
	(167, '139 mm', '139-mm7', 7, 1, '2022-06-14 14:44:55', '2022-06-14 14:44:55'),
	(168, '120 mm', '120-mm7', 7, 1, '2022-06-14 14:45:15', '2022-06-14 14:45:15'),
	(169, '141 mm', '141-mm7', 7, 1, '2022-06-14 14:45:35', '2022-06-14 14:45:35'),
	(170, '151 mm', '151-mm7', 7, 1, '2022-06-14 14:46:07', '2022-06-14 14:46:07'),
	(171, '250 mm', '132-mm7', 7, 1, '2022-06-14 14:46:47', '2022-06-14 14:47:23'),
	(173, '180 mm', '180-mm7', 7, 1, '2022-06-14 14:47:59', '2022-06-14 14:47:59'),
	(174, '145 mm', '145-mm7', 7, 1, '2022-06-14 14:48:15', '2022-06-14 14:48:15'),
	(175, '115mm', '115mm7', 7, 1, '2022-06-14 14:48:50', '2022-06-14 14:48:50'),
	(176, '830 mm', '830mm6', 6, 1, '2022-06-14 14:50:02', '2022-06-14 15:22:22'),
	(177, '760 mm', '760mm6', 6, 1, '2022-06-14 15:20:14', '2022-06-14 15:22:22'),
	(178, '785 mm', '785-mm6', 6, 1, '2022-06-14 15:20:32', '2022-06-14 15:20:32'),
	(181, '850-870 mm', '830-mm6', 6, 1, '2022-06-14 15:21:56', '2022-06-14 15:22:22'),
	(182, '788 mm', '788-mm6', 6, 1, '2022-06-14 15:22:53', '2022-06-14 15:22:53'),
	(183, '805 mm', '805-mm6', 6, 1, '2022-06-14 15:24:08', '2022-06-14 15:24:08'),
	(184, '810 mm', '810-mm6', 6, 1, '2022-06-14 15:24:28', '2022-06-14 15:24:28'),
	(185, '795 mm', '795-mm6', 6, 1, '2022-06-14 15:24:46', '2022-06-14 15:24:46'),
	(186, '761 mm', '761mm6', 6, 1, '2022-06-14 15:25:06', '2022-06-14 15:25:23'),
	(187, '769 mm', '769-mm6', 6, 1, '2022-06-14 15:25:23', '2022-06-14 15:25:23'),
	(188, '700 mm', '700-mm6', 6, 1, '2022-06-14 15:25:41', '2022-06-14 15:25:41'),
	(189, '802 mm', '802-mm6', 6, 1, '2022-06-14 15:25:57', '2022-06-14 15:25:57'),
	(190, '745 mm', '745-mm6', 6, 1, '2022-06-14 15:26:26', '2022-06-14 15:26:26'),
	(191, '690 mm', '690-mm6', 6, 1, '2022-06-14 15:26:40', '2022-06-14 15:26:40'),
	(193, '775 mm', '775-mm6', 6, 1, '2022-06-14 15:27:20', '2022-06-14 15:27:20'),
	(194, '1.286 mm', '1286-mm5', 5, 1, '2022-06-14 15:27:44', '2022-06-14 15:27:44'),
	(195, '1.450 mm', '1450-mm5', 5, 1, '2022-06-14 15:28:04', '2022-06-14 15:28:04'),
	(196, '1.490 mm', '1490-mm5', 5, 1, '2022-06-14 15:28:18', '2022-06-14 15:28:18'),
	(197, '1.695 mm', '1695-mm5', 5, 1, '2022-06-14 15:28:31', '2022-06-14 15:28:31'),
	(198, '1.455 mm', '1455-mm5', 5, 1, '2022-06-14 15:28:46', '2022-06-14 15:28:46'),
	(199, '1.520 mm', '1520-mm5', 5, 1, '2022-06-14 15:34:31', '2022-06-14 15:34:31'),
	(200, '1.295 mm', '1295-mm5', 5, 1, '2022-06-14 15:34:46', '2022-06-14 15:34:46'),
	(201, '1.217 mm', '1217-mm5', 5, 1, '2022-06-14 15:35:18', '2022-06-14 15:35:18'),
	(202, '1.255mm', '1255mm5', 5, 1, '2022-06-14 15:35:36', '2022-06-14 15:35:36'),
	(203, '1.278 mm', '1278-mm5', 5, 1, '2022-06-14 15:35:57', '2022-06-14 15:35:57'),
	(204, '1.312 mm', '1312-mm5', 5, 1, '2022-06-14 15:36:33', '2022-06-14 15:36:33'),
	(205, '1.575 mm', '1575-mm5', 5, 1, '2022-06-14 15:36:49', '2022-06-14 15:36:49'),
	(206, '1.445 mm', '1445-mm5', 5, 1, '2022-06-14 15:37:25', '2022-06-14 15:37:25'),
	(207, '1.410 mm', '1410-mm5', 5, 1, '2022-06-14 15:37:42', '2022-06-14 15:37:42'),
	(208, '1.227mm', '1227mm5', 5, 1, '2022-06-14 15:38:14', '2022-06-14 15:38:14'),
	(209, '1.455mm', '1455mm5', 5, 1, '2022-06-14 15:38:32', '2022-06-14 15:38:32'),
	(210, '2.100 mm x 745 mm x 1.140 mm', '2100mm-x-745mm-x-1140mm4', 4, 1, '2022-06-14 15:39:14', '2022-06-14 15:39:53'),
	(211, '1.921 mm x 709 mm x 1.081 mm', '1921-mm-x-709-mm-x-1081-mm4', 4, 1, '2022-06-14 15:39:42', '2022-06-14 15:39:42'),
	(212, '2.080 mm x 755 mm x 1.145 mm', '2080-mm-x-755-mm-x-1145-mm4', 4, 1, '2022-06-14 15:40:10', '2022-06-14 15:40:10'),
	(213, '2.080 mm x 790 mm x 1.060 mm', '2080-mm-x-790-mm-x-1060-mm4', 4, 1, '2022-06-14 15:40:27', '2022-06-14 15:40:27'),
	(214, '2.155 mm x 825 mm x 1.445 mm', '2155-mm-x-825-mm-x-1445-mm4', 4, 1, '2022-06-14 15:40:41', '2022-06-14 15:40:41'),
	(215, '2.330 mm x 960 mm x 1.395 mm', '2330-mm-x-960-mm-x-1395-mm4', 4, 1, '2022-06-14 15:40:58', '2022-06-14 15:40:58'),
	(216, '2.330 mm x 960 mm x 1.617 mm', '2330-mm-x-960-mm-x-1617-mm4', 4, 1, '2022-06-14 15:41:15', '2022-06-14 15:41:15'),
	(217, '1.983 x 700 x 1.090 mm', '1983-x-700-x-1090-mm4', 4, 1, '2022-06-14 15:41:30', '2022-06-14 15:41:30'),
	(218, '2.160 mm x 743 mm x 1.162 mm', '2160-mm-x-743-mm-x-1162-mm4', 4, 1, '2022-06-14 15:41:47', '2022-06-14 15:41:47'),
	(219, '2.130 mm x 750 mm x 1.150 mm', '2130-mm-x-750-mm-x-1150-mm4', 4, 1, '2022-06-14 15:42:06', '2022-06-14 15:42:06'),
	(220, '2.019 x 727 x 1.104 mm', '2019-x-727-x-1104-mm4', 4, 1, '2022-06-14 15:42:24', '2022-06-14 15:42:24'),
	(221, '1.871mm x 686mm x 1.101mm', '1871mm-x-686mm-x-1101mm4', 4, 1, '2022-06-14 15:42:38', '2022-06-14 15:42:38'),
	(222, '1.920 x 702 x 1.075 mm', '1920-x-702-x-1075-mm4', 4, 1, '2022-06-14 15:42:52', '2022-06-14 15:42:52'),
	(223, 'Bản tiêu chuẩn: 2.240 mm x 853 mm x 1.115 mm <br> Bản DCT: 2.240 mm x 834 mm x 1.115 mm', 'ban-tieu-chuan-2240-mm-x-853-mm-x-1115-mm-br-ban-dct-2240-mm-x-834-mm-x-1115-mm4', 4, 1, '2022-06-14 15:43:19', '2022-06-14 15:43:19'),
	(224, '2.240 mm x 834 mm x 1.115 mm', '2240-mm-x-834-mm-x-1115-mm4', 4, 1, '2022-06-14 15:43:36', '2022-06-14 15:43:36'),
	(225, '1.973 x 822 x 1.053 mm', '1973-x-822-x-1053-mm4', 4, 1, '2022-06-14 15:43:54', '2022-06-14 15:43:54'),
	(226, '2.120 x 789 x 1.090 mm', '2120-x-789-x-1090-mm4', 4, 1, '2022-06-14 15:44:09', '2022-06-14 15:44:09'),
	(227, '2.615 x 905 x 1.555 mm', '2615-x-905-x-1555-mm4', 4, 1, '2022-06-14 15:44:27', '2022-06-14 15:44:27'),
	(228, '2.206 mm x 822 mm x 1.090 mm', '2206-mm-x-822-mm-x-1090-mm4', 4, 1, '2022-06-14 15:44:41', '2022-06-14 15:44:41'),
	(229, '2.130 mm x 780 mm x 1.075 mm', '2130-mm-x-780-mm-x-1075-mm4', 4, 1, '2022-06-14 15:45:02', '2022-06-14 15:45:02'),
	(230, 'Air Blade 125: 1.887 x 687 x 1.092 mm <br> Air Blade 160: 1.890 x 686 x 1.116 mm', 'air-blade-125-1887-x-687-x-1092-mm-br-air-blade-160-1890-x-686-x-1116-mm4', 4, 1, '2022-06-14 15:45:27', '2022-06-14 15:45:27'),
	(231, 'Air Blade 125: 124,8 cc <br> Air Blade 160: 156,9 cc', 'air-blade-125-1248-cc-br-air-blade-160-1569-cc1', 1, 1, '2022-06-14 15:46:30', '2022-06-14 15:46:30'),
	(232, '109,1 cc', '1091-cc1', 1, 1, '2022-06-14 15:49:53', '2022-06-14 15:49:53'),
	(233, '109,5 cc', '1095-cc1', 1, 1, '2022-06-14 15:50:30', '2022-06-14 15:50:30'),
	(234, '329,6 cc', '3296-cc1', 1, 1, '2022-06-14 15:51:19', '2022-06-14 15:51:19'),
	(235, '149,2 cc', '1492-cc1', 1, 1, '2022-06-14 15:51:39', '2022-06-14 15:51:39'),
	(236, '471 cc', '471-cc1', 1, 1, '2022-06-14 15:52:08', '2022-06-14 15:52:08'),
	(237, '109,2 cc', '1092-cc1', 1, 1, '2022-06-14 15:52:42', '2022-06-14 15:52:42'),
	(238, '1.000 cc', '1000-cc1', 1, 1, '2022-06-14 15:53:01', '2022-06-14 15:53:01'),
	(239, 'Air Blade 125: 113 kg <br> Air Blade 160: 114 kg', 'air-blade-125-113-kg-br-air-blade-160-114-kg3', 3, 1, '2022-06-16 22:53:43', '2022-06-16 22:53:43'),
	(240, '203 kg', '203-kg3', 3, 1, '2022-06-16 22:54:12', '2022-06-16 22:54:12'),
	(241, '190 kg', '190-kg3', 3, 1, '2022-06-16 23:07:55', '2022-06-16 23:07:55'),
	(242, '390 kg', '390-kg3', 3, 1, '2022-06-16 23:08:19', '2022-06-16 23:08:19'),
	(243, '213 kg', '213-kg3', 3, 1, '2022-06-16 23:31:32', '2022-06-16 23:31:32'),
	(244, '126 kg', '126-kg3', 3, 1, '2022-06-16 23:31:53', '2022-06-16 23:31:53'),
	(245, '233 kg', '233-kg3', 3, 1, '2022-06-16 23:32:20', '2022-06-16 23:33:00'),
	(246, 'Phiên bản tiêu chuẩn: 98kg <br> Phiên bản thể thao: 99kg', 'phien-ban-tieu-chuan-98kg-br-phien-ban-the-thao-99kg3', 3, 1, '2022-06-16 23:33:00', '2022-06-16 23:33:00'),
	(247, 'Phiên bản Tiêu chuẩn: 96kg <br> Phiên bản Đặc biệt và Cao cấp: 97kg', 'phien-ban-tieu-chuan-96kg-br-phien-ban-dac-biet-va-cao-cap-97kg3', 3, 1, '2022-06-16 23:33:28', '2022-06-16 23:33:28'),
	(248, '122 kg', '122-kg3', 3, 1, '2022-06-16 23:35:55', '2022-06-16 23:35:55'),
	(249, '208 kg', '208-kg3', 3, 1, '2022-06-16 23:36:19', '2022-06-16 23:36:19'),
	(250, '116 kg', '116-kg3', 3, 1, '2022-06-16 23:36:42', '2022-06-16 23:36:42'),
	(251, '139 kg', '139-kg3', 3, 1, '2022-06-16 23:37:13', '2022-06-16 23:37:13'),
	(252, '240 kg', '240-kg3', 3, 1, '2022-06-16 23:37:36', '2022-06-16 23:37:36'),
	(253, '197 kg', '197-kg3', 3, 1, '2022-06-16 23:37:59', '2022-06-16 23:37:59'),
	(254, '189 kg', '189-kg3', 3, 1, '2022-06-16 23:38:25', '2022-06-16 23:38:25'),
	(255, '192 kg', '192-kg3', 3, 1, '2022-06-16 23:38:42', '2022-06-16 23:38:42'),
	(256, '201 kg', '201-kg3', 3, 1, '2022-06-16 23:39:09', '2022-06-16 23:39:09');
/*!40000 ALTER TABLE `product_attribute_item` ENABLE KEYS */;

-- Dumping structure for table mmzweb.product_brands
CREATE TABLE IF NOT EXISTS `product_brands` (
  `id` bigint(20) unsigned NOT NULL AUTO_INCREMENT,
  `title` varchar(191) COLLATE utf8mb4_unicode_ci NOT NULL,
  `slug` varchar(191) COLLATE utf8mb4_unicode_ci NOT NULL,
  `parent_id` bigint(20) NOT NULL DEFAULT 0,
  `images` varchar(191) COLLATE utf8mb4_unicode_ci DEFAULT NULL,
  `overview` varchar(191) COLLATE utf8mb4_unicode_ci DEFAULT NULL,
  `is_active` tinyint(3) unsigned NOT NULL DEFAULT 1,
  `sku` varchar(191) COLLATE utf8mb4_unicode_ci DEFAULT NULL,
  `created_at` timestamp NULL DEFAULT NULL,
  `updated_at` timestamp NULL DEFAULT NULL,
  PRIMARY KEY (`id`)
) ENGINE=InnoDB AUTO_INCREMENT=6 DEFAULT CHARSET=utf8mb4 COLLATE=utf8mb4_unicode_ci;

-- Dumping data for table mmzweb.product_brands: ~5 rows (approximately)
/*!40000 ALTER TABLE `product_brands` DISABLE KEYS */;
INSERT INTO `product_brands` (`id`, `title`, `slug`, `parent_id`, `images`, `overview`, `is_active`, `sku`, `created_at`, `updated_at`) VALUES
	(1, 'HONDA', 'honda', 0, '/userfiles/images/brand/logo-honda.jpg', NULL, 1, 'title', '2022-06-02 15:18:59', '2022-06-02 15:18:59'),
	(2, 'YAMAHA', 'yamaha', 0, '/userfiles/images/brand/logo-yamaha.jpg', NULL, 1, 'title', '2022-06-02 15:19:12', '2022-06-02 15:19:12'),
	(3, 'DUCATI', 'ducati-3', 0, '/userfiles/images/brand/logo-ducati.png', NULL, 1, 'title', '2022-06-02 15:19:21', '2022-06-02 15:19:35'),
	(4, 'SONIC', 'sonic', 0, '/userfiles/images/brand/logo-sonic.jpg', NULL, 1, 'title', '2022-06-02 15:22:53', '2022-06-02 15:22:53'),
	(5, 'KAWASAKI', 'kawasaki-5', 0, '/userfiles/images/brand/logo-kawasaki.png', NULL, 1, 'title', '2022-06-14 09:13:37', '2022-06-14 09:14:02');
/*!40000 ALTER TABLE `product_brands` ENABLE KEYS */;

-- Dumping structure for table mmzweb.roles
CREATE TABLE IF NOT EXISTS `roles` (
  `id` bigint(20) unsigned NOT NULL AUTO_INCREMENT,
  `name` varchar(191) COLLATE utf8mb4_unicode_ci NOT NULL,
  `guard_name` varchar(191) COLLATE utf8mb4_unicode_ci NOT NULL,
  `display_name` varchar(191) COLLATE utf8mb4_unicode_ci NOT NULL,
  `created_at` timestamp NULL DEFAULT NULL,
  `updated_at` timestamp NULL DEFAULT NULL,
  PRIMARY KEY (`id`)
) ENGINE=InnoDB AUTO_INCREMENT=5 DEFAULT CHARSET=utf8mb4 COLLATE=utf8mb4_unicode_ci;

-- Dumping data for table mmzweb.roles: ~4 rows (approximately)
/*!40000 ALTER TABLE `roles` DISABLE KEYS */;
INSERT INTO `roles` (`id`, `name`, `guard_name`, `display_name`, `created_at`, `updated_at`) VALUES
	(1, 'admin', 'admin', 'Quản trị viên', '2022-06-27 23:39:08', '2022-06-27 23:39:08'),
	(2, 'seo', 'admin', 'Seo Editor', '2022-06-27 23:39:08', '2022-06-27 23:39:08'),
	(3, 'author', 'admin', 'Tác giả', '2022-06-27 23:39:08', '2022-06-27 23:39:08'),
	(4, 'user', 'admin', 'Người dùng đăng ký', '2022-06-27 23:39:08', '2022-06-27 23:39:08');
/*!40000 ALTER TABLE `roles` ENABLE KEYS */;

-- Dumping structure for table mmzweb.role_has_permissions
CREATE TABLE IF NOT EXISTS `role_has_permissions` (
  `permission_id` bigint(20) unsigned NOT NULL,
  `role_id` bigint(20) unsigned NOT NULL,
  PRIMARY KEY (`permission_id`,`role_id`),
  KEY `role_has_permissions_role_id_foreign` (`role_id`),
  CONSTRAINT `role_has_permissions_permission_id_foreign` FOREIGN KEY (`permission_id`) REFERENCES `permissions` (`id`) ON DELETE CASCADE,
  CONSTRAINT `role_has_permissions_role_id_foreign` FOREIGN KEY (`role_id`) REFERENCES `roles` (`id`) ON DELETE CASCADE
) ENGINE=InnoDB DEFAULT CHARSET=utf8mb4 COLLATE=utf8mb4_unicode_ci;

-- Dumping data for table mmzweb.role_has_permissions: ~41 rows (approximately)
/*!40000 ALTER TABLE `role_has_permissions` DISABLE KEYS */;
INSERT INTO `role_has_permissions` (`permission_id`, `role_id`) VALUES
	(1, 1),
	(2, 1),
	(3, 1),
	(4, 1),
	(5, 1),
	(6, 1),
	(7, 1),
	(8, 1),
	(9, 1),
	(10, 1),
	(11, 1),
	(12, 1),
	(13, 1),
	(14, 1),
	(15, 1),
	(16, 1),
	(17, 1),
	(18, 1),
	(19, 1),
	(20, 1),
	(21, 1),
	(22, 1),
	(23, 1),
	(24, 1),
	(25, 1),
	(26, 1),
	(27, 1),
	(28, 1),
	(29, 1),
	(30, 1),
	(31, 1),
	(32, 1),
	(33, 1),
	(34, 1),
	(35, 1),
	(36, 1),
	(37, 1),
	(38, 1),
	(39, 1),
	(40, 1),
	(41, 1);
/*!40000 ALTER TABLE `role_has_permissions` ENABLE KEYS */;

-- Dumping structure for table mmzweb.settings
CREATE TABLE IF NOT EXISTS `settings` (
  `id` bigint(20) unsigned NOT NULL AUTO_INCREMENT,
  `key` varchar(191) COLLATE utf8mb4_unicode_ci NOT NULL,
  `value` text COLLATE utf8mb4_unicode_ci DEFAULT NULL,
  PRIMARY KEY (`id`),
  UNIQUE KEY `settings_key_unique` (`key`)
) ENGINE=InnoDB AUTO_INCREMENT=38 DEFAULT CHARSET=utf8mb4 COLLATE=utf8mb4_unicode_ci;

-- Dumping data for table mmzweb.settings: ~37 rows (approximately)
/*!40000 ALTER TABLE `settings` DISABLE KEYS */;
INSERT INTO `settings` (`id`, `key`, `value`) VALUES
	(1, 'title_admin', 'MMZ PKL'),
	(2, 'website_name', 'Hệ thống website thương mại điện tử'),
	(3, 'website_description', 'Hệ thống website thương mại điện tử'),
	(4, 'website_phone', '1900 63 68 09'),
	(5, 'website_hotline', '1900 63 68 09'),
	(6, 'website_fax', '1900 63 68 09'),
	(7, 'admin_email', 'minh171112b@gmail.com'),
	(8, 'website_copyright', ''),
	(9, 'website_address', 'Nhân Mỹ, Phường Mỹ Đình 1, Quận Nam Từ Liêm, TP Hà Nội'),
	(10, 'company_city', 'Hà Nội'),
	(11, 'company_district', 'Hà Nội'),
	(12, 'company_postal_code', '26000'),
	(13, 'company_lat', 'Hải Dương'),
	(14, 'seo_title', 'Hệ thống website thương mại điện tử'),
	(15, 'seo_keyword', 'Hệ thống website thương mại điện tử'),
	(16, 'seo_description', 'Hệ thống website thương mại điện tử'),
	(17, '_social_skype', 'https://fb.com'),
	(18, '_social_facebook', 'https://fb.com'),
	(19, '_social_google_plus', 'https://fb.com'),
	(20, '_social_youtube', 'https://fb.com'),
	(21, '_social_twitter', 'https://fb.com'),
	(22, '_social_instagram', 'https://fb.com'),
	(23, '_google_analytics_id', ''),
	(24, 'format_date', 'd/m/Y'),
	(25, 'format_datetime', 'Y-m-d H:i'),
	(26, 'format_time', 'H:i'),
	(27, 'website_header', ''),
	(28, 'website_footer', ''),
	(29, 'website_body', ''),
	(30, 'website_css', ''),
	(31, 'website_fanpage', ''),
	(32, 'website_logo', '/userfiles/images/logo/logo.jpg'),
	(33, 'website_favicon', '/userfiles/images/logo/logo.jpg'),
	(34, 'sms_server', 'smtp.gmail.com'),
	(35, 'sms_port', '587'),
	(36, 'sms_username', 'minh171112b@gmail.com'),
	(37, 'sms_password', '');
/*!40000 ALTER TABLE `settings` ENABLE KEYS */;

-- Dumping structure for table mmzweb.shipping
CREATE TABLE IF NOT EXISTS `shipping` (
  `id` bigint(20) unsigned NOT NULL AUTO_INCREMENT,
  `name` varchar(191) COLLATE utf8mb4_unicode_ci NOT NULL,
  `address` varchar(191) COLLATE utf8mb4_unicode_ci NOT NULL,
  `phone` varchar(10) COLLATE utf8mb4_unicode_ci NOT NULL,
  `email` varchar(191) COLLATE utf8mb4_unicode_ci DEFAULT NULL,
  `created_at` timestamp NULL DEFAULT NULL,
  `updated_at` timestamp NULL DEFAULT NULL,
  PRIMARY KEY (`id`)
) ENGINE=InnoDB AUTO_INCREMENT=26 DEFAULT CHARSET=utf8mb4 COLLATE=utf8mb4_unicode_ci;

-- Dumping data for table mmzweb.shipping: ~0 rows (approximately)
/*!40000 ALTER TABLE `shipping` DISABLE KEYS */;
INSERT INTO `shipping` (`id`, `name`, `address`, `phone`, `email`, `created_at`, `updated_at`) VALUES
	(22, 'ĐINH NGỌC MINH', 'Hải Dương', '0334063808', 'minh171112b@gmail.com', NULL, NULL),
	(23, 'ĐINH NGỌC MINH', 'Hải Dương', '0334063808', 'minh171112b@gmail.com', NULL, NULL),
	(24, 'ĐINH NGỌC MINH', 'Hải Dương', '0334063808', 'minh171112b@gmail.com', NULL, NULL),
	(25, 'ĐINH NGỌC MINH', 'Hải Dương', '0334063808', 'minh171112b@gmail.com', NULL, NULL);
/*!40000 ALTER TABLE `shipping` ENABLE KEYS */;

-- Dumping structure for table mmzweb.slides
CREATE TABLE IF NOT EXISTS `slides` (
  `id` bigint(20) unsigned NOT NULL AUTO_INCREMENT,
  `title` varchar(191) COLLATE utf8mb4_unicode_ci NOT NULL,
  `link` varchar(191) COLLATE utf8mb4_unicode_ci NOT NULL,
  `images` varchar(191) COLLATE utf8mb4_unicode_ci DEFAULT NULL,
  `is_active` tinyint(3) unsigned NOT NULL DEFAULT 1,
  `id_user` bigint(20) unsigned NOT NULL DEFAULT 0,
  `created_at` timestamp NULL DEFAULT NULL,
  `updated_at` timestamp NULL DEFAULT NULL,
  PRIMARY KEY (`id`),
  UNIQUE KEY `slides_title_unique` (`title`),
  KEY `slides_id_user_foreign` (`id_user`),
  CONSTRAINT `slides_id_user_foreign` FOREIGN KEY (`id_user`) REFERENCES `users` (`id`) ON DELETE CASCADE
) ENGINE=InnoDB AUTO_INCREMENT=5 DEFAULT CHARSET=utf8mb4 COLLATE=utf8mb4_unicode_ci;

-- Dumping data for table mmzweb.slides: ~4 rows (approximately)
/*!40000 ALTER TABLE `slides` DISABLE KEYS */;
INSERT INTO `slides` (`id`, `title`, `link`, `images`, `is_active`, `id_user`, `created_at`, `updated_at`) VALUES
	(1, 'slide1', 'slide-1', '/userfiles/images/slide/banner-1.jpg', 1, 1, '2022-06-03 10:16:41', '2022-06-03 10:16:41'),
	(2, 'slide2', 'slide-2', '/userfiles/images/slide/banner-2.jpg', 1, 1, '2022-06-03 10:16:54', '2022-06-03 10:16:54'),
	(3, 'slide 3', 'slide-3', '/userfiles/images/slide/banner-3.jpg', 1, 1, '2022-06-16 21:12:47', '2022-06-16 21:12:47'),
	(4, 'slide 4', 'slide-4', '/userfiles/images/slide/banner-4.jpg', 1, 1, '2022-06-16 21:13:08', '2022-06-16 21:13:08');
/*!40000 ALTER TABLE `slides` ENABLE KEYS */;

-- Dumping structure for table mmzweb.tags
CREATE TABLE IF NOT EXISTS `tags` (
  `id` bigint(20) unsigned NOT NULL AUTO_INCREMENT,
  `product_id` bigint(20) unsigned DEFAULT NULL,
  `post_id` bigint(20) unsigned DEFAULT NULL,
  `video_id` bigint(20) unsigned DEFAULT NULL,
  `title` varchar(191) COLLATE utf8mb4_unicode_ci NOT NULL,
  `slug` varchar(191) COLLATE utf8mb4_unicode_ci NOT NULL,
  `tag_type` varchar(191) COLLATE utf8mb4_unicode_ci DEFAULT NULL,
  `is_active` tinyint(3) unsigned NOT NULL DEFAULT 1,
  `created_at` timestamp NULL DEFAULT NULL,
  `updated_at` timestamp NULL DEFAULT NULL,
  PRIMARY KEY (`id`),
  KEY `tags_product_id_foreign` (`product_id`),
  KEY `tags_post_id_foreign` (`post_id`),
  KEY `tags_video_id_foreign` (`video_id`),
  CONSTRAINT `tags_post_id_foreign` FOREIGN KEY (`post_id`) REFERENCES `posts` (`id`) ON DELETE CASCADE ON UPDATE CASCADE,
  CONSTRAINT `tags_product_id_foreign` FOREIGN KEY (`product_id`) REFERENCES `products` (`id`) ON DELETE CASCADE ON UPDATE CASCADE,
  CONSTRAINT `tags_video_id_foreign` FOREIGN KEY (`video_id`) REFERENCES `videos` (`id`) ON DELETE CASCADE ON UPDATE CASCADE
) ENGINE=InnoDB DEFAULT CHARSET=utf8mb4 COLLATE=utf8mb4_unicode_ci;

-- Dumping data for table mmzweb.tags: ~0 rows (approximately)
/*!40000 ALTER TABLE `tags` DISABLE KEYS */;
/*!40000 ALTER TABLE `tags` ENABLE KEYS */;

-- Dumping structure for table mmzweb.users
CREATE TABLE IF NOT EXISTS `users` (
  `id` bigint(20) unsigned NOT NULL AUTO_INCREMENT,
  `display_name` varchar(191) COLLATE utf8mb4_unicode_ci NOT NULL,
  `username` varchar(191) COLLATE utf8mb4_unicode_ci NOT NULL,
  `email` varchar(191) COLLATE utf8mb4_unicode_ci NOT NULL,
  `password` varchar(191) COLLATE utf8mb4_unicode_ci NOT NULL,
  `position` bigint(20) NOT NULL,
  `phone` varchar(191) COLLATE utf8mb4_unicode_ci DEFAULT NULL,
  `is_active` bigint(20) NOT NULL DEFAULT 1,
  `images` varchar(50) COLLATE utf8mb4_unicode_ci DEFAULT NULL,
  `gender` bigint(20) DEFAULT NULL,
  `email_verified_at` timestamp NULL DEFAULT NULL,
  `remember_token` varchar(100) COLLATE utf8mb4_unicode_ci DEFAULT NULL,
  `created_at` timestamp NULL DEFAULT NULL,
  `updated_at` timestamp NULL DEFAULT NULL,
  PRIMARY KEY (`id`),
  UNIQUE KEY `users_email_unique` (`email`)
) ENGINE=InnoDB AUTO_INCREMENT=2 DEFAULT CHARSET=utf8mb4 COLLATE=utf8mb4_unicode_ci;

-- Dumping data for table mmzweb.users: ~0 rows (approximately)
/*!40000 ALTER TABLE `users` DISABLE KEYS */;
INSERT INTO `users` (`id`, `display_name`, `username`, `email`, `password`, `position`, `phone`, `is_active`, `images`, `gender`, `email_verified_at`, `remember_token`, `created_at`, `updated_at`) VALUES
	(1, 'Minh DZ', 'Minhdz1711', 'admin@mmz.vn', '$2y$10$XM1OmTUuFfUzokzKr8gV1eOneAlyjSLUJ7ql87vAE3Uig1MNi0XDW', 1, NULL, 1, NULL, NULL, NULL, NULL, '2022-06-27 23:39:11', '2022-06-27 23:39:11');
/*!40000 ALTER TABLE `users` ENABLE KEYS */;

-- Dumping structure for table mmzweb.videos
CREATE TABLE IF NOT EXISTS `videos` (
  `id` bigint(20) unsigned NOT NULL AUTO_INCREMENT,
  `title` varchar(191) COLLATE utf8mb4_unicode_ci NOT NULL,
  `slug` varchar(191) COLLATE utf8mb4_unicode_ci NOT NULL,
  `link_video` varchar(191) COLLATE utf8mb4_unicode_ci NOT NULL,
  `content` text COLLATE utf8mb4_unicode_ci NOT NULL,
  `position` bigint(20) NOT NULL DEFAULT 0,
  `is_active` tinyint(3) unsigned NOT NULL DEFAULT 1,
  `is_hot` tinyint(3) unsigned NOT NULL DEFAULT 0,
  `created_at` timestamp NULL DEFAULT NULL,
  `updated_at` timestamp NULL DEFAULT NULL,
  PRIMARY KEY (`id`)
) ENGINE=InnoDB DEFAULT CHARSET=utf8mb4 COLLATE=utf8mb4_unicode_ci;

-- Dumping data for table mmzweb.videos: ~0 rows (approximately)
/*!40000 ALTER TABLE `videos` DISABLE KEYS */;
/*!40000 ALTER TABLE `videos` ENABLE KEYS */;

/*!40101 SET SQL_MODE=IFNULL(@OLD_SQL_MODE, '') */;
/*!40014 SET FOREIGN_KEY_CHECKS=IF(@OLD_FOREIGN_KEY_CHECKS IS NULL, 1, @OLD_FOREIGN_KEY_CHECKS) */;
/*!40101 SET CHARACTER_SET_CLIENT=@OLD_CHARACTER_SET_CLIENT */;
